{"after":{"bot_uniform_micro":0,"cu_p50":126922,"entrants_300s":1,"entrants_60s":1,"fee_p90":101014,"net_flow_micro":3154692},"before":{"no_prior_flow":true},"event_gaps_in_window":0,"mint":"9w5gWetsKYZdMCJAA3URwcf8arGeAQmHT13Pdvgpump","snapshot_drops_in_window":0,"t":1788975600000}
{"after":{"bot_uniform_micro":0,"cu_p50":112599,"entrants_300s":11,"entrants_60s":11,"fee_p90":101014,"net_flow_micro":-254640},"before":{"bot_uniform_micro":0,"cu_p50":141308,"entrants_300s":1,"entrants_60s":1,"fee_p90":101014,"net_flow_micro":-735668},"event_gaps_in_window":0,"mint":"GrEpzw6CV42tY8gct9z6TZXCmCuzuPKh6eSiqD6pump","snapshot_drops_in_window":2,"t":1788975600000}
{"after":{"bot_uniform_micro":0,"cu_p50":183284,"entrants_300s":2,"entrants_60s":2,"fee_p90":14000,"net_flow_micro":-9902},"before":{"no_prior_flow":true},"event_gaps_in_window":0,"mint":"24Xh9TB4jTJCLxDY1eAEkj3N82ygNJa1QVTgdR7Spump","snapshot_drops_in_window":0,"t":1788975600000}
{"after":{"bot_uniform_micro":null,"cu_p50":null,"entrants_300s":0,"entrants_60s":0,"fee_p90":null,"net_flow_micro":-719706},"before":{"no_prior_flow":true},"event_gaps_in_window":0,"mint":"2PxK4JNqDe3tgvyTTksrxYkwgGqSQYomGuRWxoSFpump","snapshot_drops_in_window":0,"t":1788975600000}
{"after":{"bot_uniform_micro":0,"cu_p50":120289,"entrants_300s":2,"entrants_60s":2,"fee_p90":101014,"net_flow_micro":-4367379},"before":{"no_prior_flow":true},"event_gaps_in_window":0,"mint":"3aN56TN7nwtp8UqD5xZeye42KFcazmrprhWR7Gscpump","snapshot_drops_in_window":0,"t":1788975600000}
{"after":{"bot_uniform_micro":0,"cu_p50":131286,"entrants_300s":1,"entrants_60s":1,"fee_p90":101014,"net_flow_micro":-7631},"before":{"no_prior_flow":true},"event_gaps_in_window":0,"mint":"3fCYmZF7hJdasqJc5Xf46cSD34gtjrDF3DbzS5KGpump","snapshot_drops_in_window":0,"t":1788975600000}
{"after":{"bot_uniform_micro":0,"cu_p50":114847,"entrants_300s":5,"entrants_60s":5,"fee_p90":101014,"net_flow_micro":-7782965},"before":{"no_prior_flow":true},"event_gaps_in_window":0,"mint":"3rswGijagm51WGXNrqYpfouThsqve2RBHaWMQgzHpump","snapshot_drops_in_window":0,"t":1788975600000}
{"after":{"bot_uniform_micro":0,"cu_p50":294503,"entrants_300s":1,"entrants_60s":1,"fee_p90":410000,"net_flow_micro":-760067},"before":{"no_prior_flow":true},"event_gaps_in_window":0,"mint":"3wJEdMysjAyMWC7WHMmnfMrNaryZG3rL54TdXBgiAh2u","snapshot_drops_in_window":0,"t":1788975600000}
{"after":{"bot_uniform_micro":0,"cu_p50":128273,"entrants_300s":1,"entrants_60s":1,"fee_p90":101014,"net_flow_micro":-32718},"before":{"no_prior_flow":true},"event_gaps_in_window":0,"mint":"3xdtRHgKkdhWek55nrXsqED9NRLdZFVjYtEKbzCVpump","snapshot_drops_in_window":0,"t":1788975600000}
{"after":{"bot_uniform_micro":null,"cu_p50":null,"entrants_300s":0,"entrants_60s":0,"fee_p90":null,"net_flow_micro":-1879781},"before":{"no_prior_flow":true},"event_gaps_in_window":0,"mint":"4vafBe7HzJY1AT4VQE1AM9hDCTS6Mwp7LhFFaov4pump","snapshot_drops_in_window":0,"t":1788975600000}
{"after":{"bot_uniform_micro":0,"cu_p50":65805,"entrants_300s":5,"entrants_60s":5,"fee_p90":67500,"net_flow_micro":5061849},"before":{"no_prior_flow":true},"event_gaps_in_window":0,"mint":"5BP9TQhGK9yWd9PVPxhsA6eXYTyAZrhrzZj8JSHzpump","snapshot_drops_in_window":0,"t":1788975600000}
{"after":{"bot_uniform_micro":0,"cu_p50":95063,"entrants_300s":16,"entrants_60s":16,"fee_p90":3105000,"net_flow_micro":5282249},"before":{"bot_uniform_micro":0,"cu_p50":63795,"entrants_300s":2,"entrants_60s":2,"fee_p90":65000,"net_flow_micro":4203586},"event_gaps_in_window":0,"mint":"5w6dfuRf3teRRsg2hRFXVuC5taYB6eqwnypC1BJrpump","snapshot_drops_in_window":0,"t":1788975600000}
{"after":{"bot_uniform_micro":0,"cu_p50":300074,"entrants_300s":1,"entrants_60s":1,"fee_p90":558860,"net_flow_micro":265711},"before":{"no_prior_flow":true},"event_gaps_in_window":0,"mint":"659xrvMd1Vdc7TUFQ2uL8hFMmbN3i52yqRX3HTGiEbnu","snapshot_drops_in_window":0,"t":1788975600000}
{"after":{"bot_uniform_micro":null,"cu_p50":null,"entrants_300s":0,"entrants_60s":0,"fee_p90":null,"net_flow_micro":-759},"before":{"no_prior_flow":true},"event_gaps_in_window":0,"mint":"6T1BNshzGAKAHvJ3NZ5n62X2eg5rqqsMipUMZJvLpump","snapshot_drops_in_window":0,"t":1788975600000}
{"after":{"bot_uniform_micro":0,"cu_p50":120768,"entrants_300s":1,"entrants_60s":1,"fee_p90":101014,"net_flow_micro":-514980},"before":{"no_prior_flow":true},"event_gaps_in_window":0,"mint":"6Tt8w8eNciinW2HaMn9WwUhde2cEBVfU1tUTvuWQpump","snapshot_drops_in_window":0,"t":1788975600000}
{"after":{"bot_uniform_micro":116279,"cu_p50":105512,"entrants_300s":42,"entrants_60s":42,"fee_p90":926898,"net_flow_micro":216089},"before":{"bot_uniform_micro":0,"cu_p50":92089,"entrants_300s":4,"entrants_60s":4,"fee_p90":410000,"net_flow_micro":6441060},"event_gaps_in_window":0,"mint":"6ooVqtJKtWNbxhjEabkxKyH6S2x51bTw4zuVApBcpump","snapshot_drops_in_window":0,"t":1788975600000}
{"after":{"bot_uniform_micro":0,"cu_p50":123285,"entrants_300s":3,"entrants_60s":3,"fee_p90":101014,"net_flow_micro":54894},"before":{"no_prior_flow":true},"event_gaps_in_window":0,"mint":"7gQqeA19dTQmTWx5oTxyxX4D3z7jtMYCvx94v8LCpump","snapshot_drops_in_window":0,"t":1788975600000}
{"after":{"bot_uniform_micro":null,"cu_p50":null,"entrants_300s":0,"entrants_60s":0,"fee_p90":null,"net_flow_micro":-2018593},"before":{"no_prior_flow":true},"event_gaps_in_window":0,"mint":"7sNSwRKpnDiJVC6j4gyeNNzncZRBkzeEpLgqN7Napump","snapshot_drops_in_window":0,"t":1788975600000}
{"after":{"bot_uniform_micro":0,"cu_p50":96474,"entrants_300s":16,"entrants_60s":16,"fee_p90":1005000,"net_flow_micro":3320448},"before":{"no_prior_flow":true},"event_gaps_in_window":0,"mint":"8CUkfgU3w5zxWP27v9B9mef15sL23fzxYvw23wbPpump","snapshot_drops_in_window":0,"t":1788975600000}
{"after":{"bot_uniform_micro":0,"cu_p50":147875,"entrants_300s":7,"entrants_60s":7,"fee_p90":101014,"net_flow_micro":-4199946},"before":{"no_prior_flow":true},"event_gaps_in_window":0,"mint":"8JJZS5k9FtEzCxhYzB7R3r2XXoLfBtVxEjvKuxcEpump","snapshot_drops_in_window":0,"t":1788975600000}
{"after":{"bot_uniform_micro":0,"cu_p50":123037,"entrants_300s":1,"entrants_60s":1,"fee_p90":9000,"net_flow_micro":-80680},"before":{"no_prior_flow":true},"event_gaps_in_window":0,"mint":"8NNG2iEQedAqcYSGV5qP5t49VXMbNEF1EhKFbQrfpump","snapshot_drops_in_window":0,"t":1788975600000}
{"after":{"bot_uniform_micro":null,"cu_p50":null,"entrants_300s":0,"entrants_60s":0,"fee_p90":null,"net_flow_micro":0},"before":{"no_prior_flow":true},"event_gaps_in_window":0,"mint":"8WvuNc9Pi7y2ML2ceBfittZNbmWBrWHLK9DviAxjpump","snapshot_drops_in_window":0,"t":1788975600000}
{"after":{"bot_uniform_micro":0,"cu_p50":105589,"entrants_300s":3,"entrants_60s":3,"fee_p90":77010,"net_flow_micro":-1289146},"before":{"no_prior_flow":true},"event_gaps_in_window":0,"mint":"8Xf2TSBVx9NEfum7HmR4kELZAW9iLT264Nnj8aHepump","snapshot_drops_in_window":0,"t":1788975600000}
{"after":{"bot_uniform_micro":0,"cu_p50":213860,"entrants_300s":1,"entrants_60s":1,"fee_p90":15000,"net_flow_micro":-1064429},"before":{"no_prior_flow":true},"event_gaps_in_window":0,"mint":"8wBD5FR1kd6QtXKZQC8oStaK9iGucpqdDTeoiAfwpump","snapshot_drops_in_window":0,"t":1788975600000}
{"after":{"bot_uniform_micro":0,"cu_p50":120844,"entrants_300s":1,"entrants_60s":1,"fee_p90":101014,"net_flow_micro":24294},"before":{"no_prior_flow":true},"event_gaps_in_window":0,"mint":"97JfxSTAAyuLUzjakvb7Pshi4CJqkS5tLs9auCMCpump","snapshot_drops_in_window":0,"t":1788975600000}
{"after":{"bot_uniform_micro":333333,"cu_p50":122401,"entrants_300s":3,"entrants_60s":3,"fee_p90":101014,"net_flow_micro":-143196},"before":{"no_prior_flow":true},"event_gaps_in_window":0,"mint":"9EyzVuTjpaytxCgMvHHu6NyMNh5BwetScRyX9Sbvpump","snapshot_drops_in_window":0,"t":1788975600000}
{"after":{"bot_uniform_micro":0,"cu_p50":85554,"entrants_300s":7,"entrants_60s":7,"fee_p90":110000,"net_flow_micro":4304735},"before":{"bot_uniform_micro":0,"cu_p50":104063,"entrants_300s":1,"entrants_60s":1,"fee_p90":77010,"net_flow_micro":2933333},"event_gaps_in_window":0,"mint":"9UkQpLXBJXFRiwH69HqSt52mwmZrL5VYiBiwzAtqpump","snapshot_drops_in_window":0,"t":1788975600000}
{"after":{"bot_uniform_micro":null,"cu_p50":null,"entrants_300s":0,"entrants_60s":0,"fee_p90":null,"net_flow_micro":-92951},"before":{"no_prior_flow":true},"event_gaps_in_window":0,"mint":"9t7R8JPsed1jozxCaRKDiNyivYewN4wBZFWTtAVCquLW","snapshot_drops_in_window":0,"t":1788975600000}
{"after":{"bot_uniform_micro":238095,"cu_p50":138654,"entrants_300s":52,"entrants_60s":52,"fee_p90":552501,"net_flow_micro":4528434},"before":{"bot_uniform_micro":0,"cu_p50":308230,"entrants_300s":4,"entrants_60s":4,"fee_p90":589894,"net_flow_micro":1159196},"event_gaps_in_window":0,"mint":"A1saYxATRfsHMop5J7kRnRJBn3Yckho1D2m146impump","snapshot_drops_in_window":0,"t":1788975600000}
{"after":{"bot_uniform_micro":0,"cu_p50":136672,"entrants_300s":10,"entrants_60s":10,"fee_p90":92500,"net_flow_micro":1519365},"before":{"no_prior_flow":true},"event_gaps_in_window":0,"mint":"A3axJLvQXKj2i2gEMkSq9gx7pC77CDYEcnZi6xPEpump","snapshot_drops_in_window":0,"t":1788975600000}
{"after":{"bot_uniform_micro":0,"cu_p50":74101,"entrants_300s":1,"entrants_60s":1,"fee_p90":189803,"net_flow_micro":-2949412},"before":{"no_prior_flow":true},"event_gaps_in_window":0,"mint":"AFTACG2NuoQto8cDo4J5mTUHm4kJhBop4Ez6KsWzpump","snapshot_drops_in_window":0,"t":1788975600000}
{"after":{"bot_uniform_micro":0,"cu_p50":225985,"entrants_300s":3,"entrants_60s":3,"fee_p90":410000,"net_flow_micro":322280},"before":{"no_prior_flow":true},"event_gaps_in_window":0,"mint":"AScFao7bzbdJh7rBiF4yFqcY26dPdRqGffRttTYMpump","snapshot_drops_in_window":0,"t":1788975600000}
{"after":{"bot_uniform_micro":null,"cu_p50":null,"entrants_300s":0,"entrants_60s":0,"fee_p90":null,"net_flow_micro":-757336},"before":{"no_prior_flow":true},"event_gaps_in_window":0,"mint":"AiwefDnXbePPvEd4bK95ccVPr3C8oUoBLYraHSTRpump","snapshot_drops_in_window":0,"t":1788975600000}
{"after":{"bot_uniform_micro":0,"cu_p50":128832,"entrants_300s":3,"entrants_60s":3,"fee_p90":313601,"net_flow_micro":98612},"before":{"no_prior_flow":true},"event_gaps_in_window":0,"mint":"AqZSLRg9uMVAREFQCEyy37wCJmQ7T4QYjJUURSmbpump","snapshot_drops_in_window":0,"t":1788975600000}
{"after":{"bot_uniform_micro":null,"cu_p50":null,"entrants_300s":0,"entrants_60s":0,"fee_p90":null,"net_flow_micro":-22784},"before":{"no_prior_flow":true},"event_gaps_in_window":0,"mint":"BEJYE9PJK1cbirxqcuujjeiMu5Nt3KgLSKECzBH5pump","snapshot_drops_in_window":0,"t":1788975600000}
{"after":{"bot_uniform_micro":0,"cu_p50":144456,"entrants_300s":1,"entrants_60s":1,"fee_p90":1005000,"net_flow_micro":177889},"before":{"no_prior_flow":true},"event_gaps_in_window":0,"mint":"CL36KyGaMN8Wcd5VE1RyXdYKsXTva2MigumiMz3npump","snapshot_drops_in_window":0,"t":1788975600000}
{"after":{"bot_uniform_micro":0,"cu_p50":108195,"entrants_300s":3,"entrants_60s":3,"fee_p90":573477,"net_flow_micro":-244559},"before":{"no_prior_flow":true},"event_gaps_in_window":0,"mint":"CLh7ezbjYKbVsZoqN2MCGoDsBcfN3NfUDDE8nHAipump","snapshot_drops_in_window":0,"t":1788975600000}
{"after":{"bot_uniform_micro":0,"cu_p50":208553,"entrants_300s":1,"entrants_60s":1,"fee_p90":15000,"net_flow_micro":-2348459},"before":{"no_prior_flow":true},"event_gaps_in_window":0,"mint":"CM4RLsdBrFbfCneXyvUJqBmmQsb69Hm2H6QWhcq1nX8e","snapshot_drops_in_window":0,"t":1788975600000}
{"after":{"bot_uniform_micro":0,"cu_p50":310266,"entrants_300s":1,"entrants_60s":1,"fee_p90":410000,"net_flow_micro":0},"before":{"no_prior_flow":true},"event_gaps_in_window":0,"mint":"CyFtApDbWYjhkYFwjhKo1W9WWFu8HkXP2B7GpSt5pump","snapshot_drops_in_window":0,"t":1788975600000}
{"after":{"bot_uniform_micro":null,"cu_p50":null,"entrants_300s":0,"entrants_60s":0,"fee_p90":null,"net_flow_micro":-187736},"before":{"no_prior_flow":true},"event_gaps_in_window":0,"mint":"DCN1XGdUCMqrEXj86zF1WK9q3M8jYr8g8UBLbGVZpump","snapshot_drops_in_window":0,"t":1788975600000}
{"after":{"bot_uniform_micro":0,"cu_p50":188241,"entrants_300s":2,"entrants_60s":2,"fee_p90":80001,"net_flow_micro":-2609533},"before":{"no_prior_flow":true},"event_gaps_in_window":0,"mint":"DDMR7vYbNLFimKJon4NgdJS2SFdzbiGEd7Axbs9ekTC1","snapshot_drops_in_window":0,"t":1788975600000}
{"after":{"bot_uniform_micro":0,"cu_p50":87801,"entrants_300s":6,"entrants_60s":6,"fee_p90":10000,"net_flow_micro":85005359},"before":{"no_prior_flow":true},"event_gaps_in_window":0,"mint":"DQNuf9F7q8xqUWxFPHXkVmmSgacjgv6wSe9rbspjpump","snapshot_drops_in_window":0,"t":1788975600000}
{"after":{"bot_uniform_micro":0,"cu_p50":122313,"entrants_300s":5,"entrants_60s":5,"fee_p90":101014,"net_flow_micro":-40645},"before":{"no_prior_flow":true},"event_gaps_in_window":0,"mint":"DW9rJNFP9ncoJjZF5jt1ej8et7ag5UTpVCgRtPJMpump","snapshot_drops_in_window":2,"t":1788975600000}
{"after":{"bot_uniform_micro":0,"cu_p50":143341,"entrants_300s":1,"entrants_60s":1,"fee_p90":9000,"net_flow_micro":-1022108},"before":{"no_prior_flow":true},"event_gaps_in_window":0,"mint":"DnjxjnV5XTDKq9nMzrSPer7zKpvBmLgmd27iDwXApump","snapshot_drops_in_window":0,"t":1788975600000}
{"after":{"bot_uniform_micro":0,"cu_p50":94358,"entrants_300s":5,"entrants_60s":5,"fee_p90":30000,"net_flow_micro":485818},"before":{"no_prior_flow":true},"event_gaps_in_window":0,"mint":"Dp9gxFemyiHfVMTLdFhjP7h1EnHTe4Ki6fEB6Mw3pump","snapshot_drops_in_window":0,"t":1788975600000}
{"after":{"bot_uniform_micro":0,"cu_p50":133788,"entrants_300s":1,"entrants_60s":1,"fee_p90":101014,"net_flow_micro":29922},"before":{"no_prior_flow":true},"event_gaps_in_window":0,"mint":"Dsr5iNf2Ko5scKz2pR7iaAKz4bUjquvT7KeQvB88pump","snapshot_drops_in_window":0,"t":1788975600000}
{"after":{"bot_uniform_micro":0,"cu_p50":308503,"entrants_300s":1,"entrants_60s":1,"fee_p90":410000,"net_flow_micro":25530},"before":{"no_prior_flow":true},"event_gaps_in_window":0,"mint":"DvSwPkzWJrDrQY6SjSdbzzLN4A1Yyuo69WKJPBWspump","snapshot_drops_in_window":0,"t":1788975600000}
{"after":{"bot_uniform_micro":null,"cu_p50":null,"entrants_300s":0,"entrants_60s":0,"fee_p90":null,"net_flow_micro":-6154922},"before":{"no_prior_flow":true},"event_gaps_in_window":0,"mint":"E8PbrUKnXkNKqeW8A7J9xd729eiNAPPBKfRKxV9qpump","snapshot_drops_in_window":0,"t":1788975600000}
{"after":{"bot_uniform_micro":0,"cu_p50":308195,"entrants_300s":1,"entrants_60s":1,"fee_p90":494299,"net_flow_micro":234423},"before":{"no_prior_flow":true},"event_gaps_in_window":0,"mint":"EWxUmDbsxJSFx1CbhBfexdkV1tc7Uy6VWmgACTBZ9sEx","snapshot_drops_in_window":0,"t":1788975600000}
{"after":{"bot_uniform_micro":0,"cu_p50":74948,"entrants_300s":3,"entrants_60s":3,"fee_p90":334323,"net_flow_micro":1152742},"before":{"no_prior_flow":true},"event_gaps_in_window":0,"mint":"EbJMiyPiFqozfR8qEn5CttenDQwP1xn2g3KdzCgEpump","snapshot_drops_in_window":0,"t":1788975600000}
{"after":{"bot_uniform_micro":0,"cu_p50":191530,"entrants_300s":10,"entrants_60s":10,"fee_p90":85000,"net_flow_micro":651750},"before":{"no_prior_flow":true},"event_gaps_in_window":0,"mint":"EgBmEUghMwGGA4Ao9V4dB7qeWwk86UDb6yyjnFL8pump","snapshot_drops_in_window":0,"t":1788975600000}
{"after":{"bot_uniform_micro":0,"cu_p50":126845,"entrants_300s":1,"entrants_60s":1,"fee_p90":101014,"net_flow_micro":-369117},"before":{"no_prior_flow":true},"event_gaps_in_window":0,"mint":"F1TEHaMkZFHfjqZ4b88GPTgNY1togEwZxDdxEsZVpump","snapshot_drops_in_window":0,"t":1788975600000}
{"after":{"bot_uniform_micro":120000,"cu_p50":159845,"entrants_300s":23,"entrants_60s":23,"fee_p90":101014,"net_flow_micro":-6933471},"before":{"no_prior_flow":true},"event_gaps_in_window":0,"mint":"FREoocUFHTh7VepWTAtHFis3897ssDPYA1EBvdTapump","snapshot_drops_in_window":0,"t":1788975600000}
{"after":{"bot_uniform_micro":null,"cu_p50":null,"entrants_300s":0,"entrants_60s":0,"fee_p90":null,"net_flow_micro":-68765},"before":{"no_prior_flow":true},"event_gaps_in_window":0,"mint":"FWz1gUgbiTq2GRqY7KatrUcgv8KDrTmCYGR685TYpump","snapshot_drops_in_window":0,"t":1788975600000}
{"after":{"bot_uniform_micro":0,"cu_p50":191466,"entrants_300s":3,"entrants_60s":3,"fee_p90":101014,"net_flow_micro":165797},"before":{"no_prior_flow":true},"event_gaps_in_window":0,"mint":"FXjVgXwBia2WbnsCQT3RsB7KYtcDvefsLeJx5AEtpump","snapshot_drops_in_window":0,"t":1788975600000}
{"after":{"bot_uniform_micro":0,"cu_p50":183848,"entrants_300s":3,"entrants_60s":3,"fee_p90":14000,"net_flow_micro":-5393749},"before":{"bot_uniform_micro":null,"cu_p50":null,"entrants_300s":0,"entrants_60s":0,"fee_p90":null,"net_flow_micro":-1537759},"event_gaps_in_window":0,"mint":"FY3mQ351mRQVicM26UXZ3f2Sj92tkjhEXEsuM9YfH93e","snapshot_drops_in_window":0,"t":1788975600000}
{"after":{"bot_uniform_micro":307018,"cu_p50":91943,"entrants_300s":107,"entrants_60s":107,"fee_p90":4955000,"net_flow_micro":17350354},"before":{"bot_uniform_micro":0,"cu_p50":89222,"entrants_300s":6,"entrants_60s":6,"fee_p90":105000,"net_flow_micro":6354673},"event_gaps_in_window":0,"mint":"FaJsHUZmyHsZTRtMQ6AxYXGgoVSDsjWjZQXokUuTpump","snapshot_drops_in_window":0,"t":1788975600000}
{"after":{"bot_uniform_micro":0,"cu_p50":133332,"entrants_300s":3,"entrants_60s":3,"fee_p90":1005000,"net_flow_micro":2023704},"before":{"no_prior_flow":true},"event_gaps_in_window":0,"mint":"Fx8TMhnCVcXBUsvdKXoSwCapdCHV3x55ACxUVSkepump","snapshot_drops_in_window":0,"t":1788975600000}
{"after":{"bot_uniform_micro":0,"cu_p50":124614,"entrants_300s":1,"entrants_60s":1,"fee_p90":9000,"net_flow_micro":309914},"before":{"no_prior_flow":true},"event_gaps_in_window":0,"mint":"GMKEreEiFEs53mPeQ9RUzYtWZ8xWbCjDFdF1wkQypump","snapshot_drops_in_window":0,"t":1788975600000}
{"after":{"bot_uniform_micro":0,"cu_p50":138059,"entrants_300s":9,"entrants_60s":9,"fee_p90":230001,"net_flow_micro":-1327401},"before":{"no_prior_flow":true},"event_gaps_in_window":0,"mint":"GR867ubpr6onDw7pjSPYGsHmpLb7QL9VuBZxD3R7pump","snapshot_drops_in_window":0,"t":1788975600000}
{"after":{"bot_uniform_micro":0,"cu_p50":130581,"entrants_300s":4,"entrants_60s":4,"fee_p90":1005000,"net_flow_micro":480776},"before":{"no_prior_flow":true},"event_gaps_in_window":0,"mint":"HQDeDxBwm5u7CW34LYzEheahNzw5xXej8VJaMg5Bpump","snapshot_drops_in_window":0,"t":1788975600000}
{"after":{"bot_uniform_micro":0,"cu_p50":293842,"entrants_300s":1,"entrants_60s":1,"fee_p90":410000,"net_flow_micro":46787},"before":{"no_prior_flow":true},"event_gaps_in_window":0,"mint":"HdPL4bP6smyfumoQhEPpkrAb4qpz3uvKZH4kdtFQpump","snapshot_drops_in_window":0,"t":1788975600000}
{"after":{"bot_uniform_micro":0,"cu_p50":122375,"entrants_300s":1,"entrants_60s":1,"fee_p90":101014,"net_flow_micro":7790},"before":{"no_prior_flow":true},"event_gaps_in_window":0,"mint":"HrENr8Q1HzugCpFgsTU86FcAgNtH5hFQzSiuXKk8pump","snapshot_drops_in_window":0,"t":1788975600000}
{"after":{"bot_uniform_micro":null,"cu_p50":null,"entrants_300s":0,"entrants_60s":0,"fee_p90":null,"net_flow_micro":-55},"before":{"no_prior_flow":true},"event_gaps_in_window":0,"mint":"Hy9XZ4Ae4oKtXYfuFzWkoNV18teCTpvWWu5PFD9Bpump","snapshot_drops_in_window":0,"t":1788975600000}
{"after":{"bot_uniform_micro":0,"cu_p50":96379,"entrants_300s":18,"entrants_60s":18,"fee_p90":1005000,"net_flow_micro":6075494},"before":{"bot_uniform_micro":0,"cu_p50":96379,"entrants_300s":1,"entrants_60s":1,"fee_p90":77010,"net_flow_micro":2933333},"event_gaps_in_window":0,"mint":"J4J7wFFndrNKhDa4rrMB9Amsqvqzk2uaJZDpStnUpump","snapshot_drops_in_window":0,"t":1788975600000}
{"after":{"bot_uniform_micro":0,"cu_p50":126925,"entrants_300s":1,"entrants_60s":1,"fee_p90":101014,"net_flow_micro":4140960},"before":{"no_prior_flow":true},"event_gaps_in_window":0,"mint":"9w5gWetsKYZdMCJAA3URwcf8arGeAQmHT13Pdvgpump","snapshot_drops_in_window":0,"t":1788975660000}
{"after":{"bot_uniform_micro":352273,"cu_p50":141147,"entrants_300s":14,"entrants_60s":11,"fee_p90":101014,"net_flow_micro":-281868},"before":{"bot_uniform_micro":0,"cu_p50":141209,"entrants_300s":1,"entrants_60s":1,"fee_p90":101014,"net_flow_micro":-800444},"event_gaps_in_window":0,"mint":"GrEpzw6CV42tY8gct9z6TZXCmCuzuPKh6eSiqD6pump","snapshot_drops_in_window":12,"t":1788975660000}
{"after":{"bot_uniform_micro":333333,"cu_p50":92109,"entrants_300s":8,"entrants_60s":8,"fee_p90":175053,"net_flow_micro":1014815},"before":{"bot_uniform_micro":0,"cu_p50":98066,"entrants_300s":1,"entrants_60s":1,"fee_p90":93158,"net_flow_micro":782222},"event_gaps_in_window":0,"mint":"wdEJKDmgPWDi7NrBDsjjFaGXbtv4VNUjTdCH6c31ET2","snapshot_drops_in_window":0,"t":1788975660000}
{"after":{"bot_uniform_micro":0,"cu_p50":192270,"entrants_300s":3,"entrants_60s":1,"fee_p90":15000,"net_flow_micro":-298626},"before":{"no_prior_flow":true},"event_gaps_in_window":0,"mint":"24Xh9TB4jTJCLxDY1eAEkj3N82ygNJa1QVTgdR7Spump","snapshot_drops_in_window":0,"t":1788975660000}
{"after":{"bot_uniform_micro":0,"cu_p50":123599,"entrants_300s":2,"entrants_60s":2,"fee_p90":92500,"net_flow_micro":-7427160},"before":{"no_prior_flow":true},"event_gaps_in_window":0,"mint":"2MQWFRz8Wq62rAsk9uxAnWPEtvFZbT8hMfkLUUrfpump","snapshot_drops_in_window":0,"t":1788975660000}
{"after":{"bot_uniform_micro":null,"cu_p50":null,"entrants_300s":0,"entrants_60s":0,"fee_p90":null,"net_flow_micro":-719706},"before":{"no_prior_flow":true},"event_gaps_in_window":0,"mint":"2PxK4JNqDe3tgvyTTksrxYkwgGqSQYomGuRWxoSFpump","snapshot_drops_in_window":0,"t":1788975660000}
{"after":{"bot_uniform_micro":0,"cu_p50":385512,"entrants_300s":1,"entrants_60s":1,"fee_p90":410000,"net_flow_micro":93469},"before":{"no_prior_flow":true},"event_gaps_in_window":0,"mint":"2ZKkVVkHUNTf5LfPnpudB7ANtACw8X9Tw7Lgcuxwpump","snapshot_drops_in_window":0,"t":1788975660000}
{"after":{"bot_uniform_micro":null,"cu_p50":null,"entrants_300s":0,"entrants_60s":0,"fee_p90":null,"net_flow_micro":-1371},"before":{"no_prior_flow":true},"event_gaps_in_window":0,"mint":"2h2GHqhJuR5kaG6Srwk45mCZZANCYxKuNSHtYjRRpump","snapshot_drops_in_window":0,"t":1788975660000}
{"after":{"bot_uniform_micro":null,"cu_p50":null,"entrants_300s":0,"entrants_60s":0,"fee_p90":null,"net_flow_micro":-1080113},"before":{"no_prior_flow":true},"event_gaps_in_window":0,"mint":"2hZPYB8ud7RUQAHkCmWvTcqB7YH1xfTAsAoUtDnFpump","snapshot_drops_in_window":0,"t":1788975660000}
{"after":{"bot_uniform_micro":0,"cu_p50":116347,"entrants_300s":3,"entrants_60s":3,"fee_p90":101014,"net_flow_micro":0},"before":{"no_prior_flow":true},"event_gaps_in_window":0,"mint":"3QPBAYNWbRw9qaXJc4gJeH9odHXTneEVAnJJCFHgpump","snapshot_drops_in_window":0,"t":1788975660000}
{"after":{"bot_uniform_micro":0,"cu_p50":120289,"entrants_300s":2,"entrants_60s":1,"fee_p90":101014,"net_flow_micro":-4328394},"before":{"no_prior_flow":true},"event_gaps_in_window":0,"mint":"3aN56TN7nwtp8UqD5xZeye42KFcazmrprhWR7Gscpump","snapshot_drops_in_window":0,"t":1788975660000}
{"after":{"bot_uniform_micro":0,"cu_p50":131373,"entrants_300s":1,"entrants_60s":1,"fee_p90":101014,"net_flow_micro":-29814},"before":{"no_prior_flow":true},"event_gaps_in_window":0,"mint":"3fCYmZF7hJdasqJc5Xf46cSD34gtjrDF3DbzS5KGpump","snapshot_drops_in_window":0,"t":1788975660000}
{"after":{"bot_uniform_micro":0,"cu_p50":105679,"entrants_300s":3,"entrants_60s":3,"fee_p90":154999,"net_flow_micro":1624762},"before":{"no_prior_flow":true},"event_gaps_in_window":0,"mint":"3gRztBeMM6qwZ5TNGGKnD1fioe9wqxrPnerBbpydpump","snapshot_drops_in_window":0,"t":1788975660000}
{"after":{"bot_uniform_micro":49180,"cu_p50":114850,"entrants_300s":7,"entrants_60s":4,"fee_p90":101014,"net_flow_micro":-8187673},"before":{"no_prior_flow":true},"event_gaps_in_window":0,"mint":"3rswGijagm51WGXNrqYpfouThsqve2RBHaWMQgzHpump","snapshot_drops_in_window":0,"t":1788975660000}
{"after":{"bot_uniform_micro":0,"cu_p50":294503,"entrants_300s":1,"entrants_60s":0,"fee_p90":410000,"net_flow_micro":-953922},"before":{"no_prior_flow":true},"event_gaps_in_window":0,"mint":"3wJEdMysjAyMWC7WHMmnfMrNaryZG3rL54TdXBgiAh2u","snapshot_drops_in_window":0,"t":1788975660000}
{"after":{"bot_uniform_micro":0,"cu_p50":90148,"entrants_300s":20,"entrants_60s":20,"fee_p90":3484999,"net_flow_micro":196813},"before":{"no_prior_flow":true},"event_gaps_in_window":0,"mint":"4YuoGPkpeCF1G3Hp4Ayj3M36UHiqGwbospPxWE1Dpump","snapshot_drops_in_window":0,"t":1788975660000}
{"after":{"bot_uniform_micro":null,"cu_p50":null,"entrants_300s":0,"entrants_60s":0,"fee_p90":null,"net_flow_micro":-1714503},"before":{"no_prior_flow":true},"event_gaps_in_window":0,"mint":"4wRmu5KY7X353uBHYsPJhvuRZc6MMzgsU8aGqXtupump","snapshot_drops_in_window":0,"t":1788975660000}
{"after":{"bot_uniform_micro":0,"cu_p50":104174,"entrants_300s":15,"entrants_60s":10,"fee_p90":85000,"net_flow_micro":-18571441},"before":{"no_prior_flow":true},"event_gaps_in_window":0,"mint":"5BP9TQhGK9yWd9PVPxhsA6eXYTyAZrhrzZj8JSHzpump","snapshot_drops_in_window":0,"t":1788975660000}
{"after":{"bot_uniform_micro":null,"cu_p50":null,"entrants_300s":0,"entrants_60s":0,"fee_p90":null,"net_flow_micro":-55155},"before":{"no_prior_flow":true},"event_gaps_in_window":0,"mint":"5KXYJ2XWf3qyApSRd9a22JuuDVe5hu41ym5GrhDRpump","snapshot_drops_in_window":0,"t":1788975660000}
{"after":{"bot_uniform_micro":0,"cu_p50":87011,"entrants_300s":1,"entrants_60s":1,"fee_p90":1005000,"net_flow_micro":3259},"before":{"no_prior_flow":true},"event_gaps_in_window":0,"mint":"5Sum3QmNZ8FAmr3idjDcD4UwTRAQRuD9tA2ZrX2Fpump","snapshot_drops_in_window":0,"t":1788975660000}
{"after":{"bot_uniform_micro":0,"cu_p50":120865,"entrants_300s":2,"entrants_60s":2,"fee_p90":101014,"net_flow_micro":0},"before":{"no_prior_flow":true},"event_gaps_in_window":0,"mint":"5ZpK6C56t9bUJT5p7ZMMrn45pxv8fAp62ccUEdCipump","snapshot_drops_in_window":0,"t":1788975660000}
{"after":{"bot_uniform_micro":0,"cu_p50":135211,"entrants_300s":1,"entrants_60s":1,"fee_p90":6000,"net_flow_micro":24},"before":{"no_prior_flow":true},"event_gaps_in_window":0,"mint":"5cAz6tvPmNPQ5c6qA5RqjiQ6ea46Md3x8fUXGBHtpump","snapshot_drops_in_window":0,"t":1788975660000}
{"after":{"bot_uniform_micro":0,"cu_p50":95063,"entrants_300s":16,"entrants_60s":0,"fee_p90":3105000,"net_flow_micro":1924329},"before":{"bot_uniform_micro":0,"cu_p50":63795,"entrants_300s":2,"entrants_60s":0,"fee_p90":65000,"net_flow_micro":4203586},"event_gaps_in_window":0,"mint":"5w6dfuRf3teRRsg2hRFXVuC5taYB6eqwnypC1BJrpump","snapshot_drops_in_window":0,"t":1788975660000}
{"after":{"bot_uniform_micro":0,"cu_p50":143349,"entrants_300s":2,"entrants_60s":1,"fee_p90":558860,"net_flow_micro":454392},"before":{"no_prior_flow":true},"event_gaps_in_window":0,"mint":"659xrvMd1Vdc7TUFQ2uL8hFMmbN3i52yqRX3HTGiEbnu","snapshot_drops_in_window":0,"t":1788975660000}
{"after":{"bot_uniform_micro":0,"cu_p50":120890,"entrants_300s":11,"entrants_60s":11,"fee_p90":101014,"net_flow_micro":106396},"before":{"bot_uniform_micro":0,"cu_p50":120750,"entrants_300s":1,"entrants_60s":1,"fee_p90":101014,"net_flow_micro":3386416},"event_gaps_in_window":0,"mint":"6J9bWqyDuVKXfNdqJNwTuVc2KSPev3SDpP4HZBFapump","snapshot_drops_in_window":1,"t":1788975660000}
{"after":{"bot_uniform_micro":0,"cu_p50":79410,"entrants_300s":1,"entrants_60s":1,"fee_p90":15000,"net_flow_micro":19556},"before":{"no_prior_flow":true},"event_gaps_in_window":0,"mint":"6NwA7EAjVW1XoHj62964dH3Lh1qHtpSEeyhnWbHSpump","snapshot_drops_in_window":0,"t":1788975660000}
{"after":{"bot_uniform_micro":null,"cu_p50":null,"entrants_300s":0,"entrants_60s":0,"fee_p90":null,"net_flow_micro":-759},"before":{"no_prior_flow":true},"event_gaps_in_window":0,"mint":"6T1BNshzGAKAHvJ3NZ5n62X2eg5rqqsMipUMZJvLpump","snapshot_drops_in_window":0,"t":1788975660000}
{"after":{"bot_uniform_micro":0,"cu_p50":120364,"entrants_300s":2,"entrants_60s":2,"fee_p90":101014,"net_flow_micro":-560783},"before":{"no_prior_flow":true},"event_gaps_in_window":0,"mint":"6Tt8w8eNciinW2HaMn9WwUhde2cEBVfU1tUTvuWQpump","snapshot_drops_in_window":0,"t":1788975660000}
{"after":{"bot_uniform_micro":0,"cu_p50":204141,"entrants_300s":7,"entrants_60s":7,"fee_p90":410000,"net_flow_micro":1346467},"before":{"no_prior_flow":true},"event_gaps_in_window":0,"mint":"6faFcTYnxVtvtFvq3KmZbpUHmaDMsgWExKbg2QTXpump","snapshot_drops_in_window":0,"t":1788975660000}
{"after":{"bot_uniform_micro":213235,"cu_p50":138864,"entrants_300s":118,"entrants_60s":79,"fee_p90":926898,"net_flow_micro":3922728},"before":{"bot_uniform_micro":0,"cu_p50":96680,"entrants_300s":8,"entrants_60s":4,"fee_p90":410000,"net_flow_micro":6742666},"event_gaps_in_window":0,"mint":"6ooVqtJKtWNbxhjEabkxKyH6S2x51bTw4zuVApBcpump","snapshot_drops_in_window":0,"t":1788975660000}
{"after":{"bot_uniform_micro":0,"cu_p50":86256,"entrants_300s":2,"entrants_60s":2,"fee_p90":55000,"net_flow_micro":39263},"before":{"no_prior_flow":true},"event_gaps_in_window":0,"mint":"77CHZyKTgGjysxrfgYaTWJQ1vG17NKHewHfFV2Nqpump","snapshot_drops_in_window":0,"t":1788975660000}
{"after":{"bot_uniform_micro":null,"cu_p50":null,"entrants_300s":0,"entrants_60s":0,"fee_p90":null,"net_flow_micro":-24204669},"before":{"no_prior_flow":true},"event_gaps_in_window":0,"mint":"7LNCuRTScGAfgc9EKb7MijFz1ZEPPB3BcqpUYNyepump","snapshot_drops_in_window":0,"t":1788975660000}
{"after":{"bot_uniform_micro":0,"cu_p50":85345,"entrants_300s":1,"entrants_60s":1,"fee_p90":86291,"net_flow_micro":-124843},"before":{"no_prior_flow":true},"event_gaps_in_window":0,"mint":"7eiS447TVyaMEU48iAEXWtSQM4ufP9Hc9feSi8yapump","snapshot_drops_in_window":0,"t":1788975660000}
{"after":{"bot_uniform_micro":0,"cu_p50":123285,"entrants_300s":3,"entrants_60s":2,"fee_p90":101014,"net_flow_micro":36926},"before":{"no_prior_flow":true},"event_gaps_in_window":0,"mint":"7gQqeA19dTQmTWx5oTxyxX4D3z7jtMYCvx94v8LCpump","snapshot_drops_in_window":0,"t":1788975660000}
{"after":{"bot_uniform_micro":0,"cu_p50":134224,"entrants_300s":33,"entrants_60s":17,"fee_p90":1005000,"net_flow_micro":-3619293},"before":{"no_prior_flow":true},"event_gaps_in_window":0,"mint":"8CUkfgU3w5zxWP27v9B9mef15sL23fzxYvw23wbPpump","snapshot_drops_in_window":0,"t":1788975660000}
{"after":{"bot_uniform_micro":74074,"cu_p50":147871,"entrants_300s":8,"entrants_60s":5,"fee_p90":101014,"net_flow_micro":-4386785},"before":{"bot_uniform_micro":null,"cu_p50":null,"entrants_300s":0,"entrants_60s":0,"fee_p90":null,"net_flow_micro":-11061632},"event_gaps_in_window":0,"mint":"8JJZS5k9FtEzCxhYzB7R3r2XXoLfBtVxEjvKuxcEpump","snapshot_drops_in_window":3,"t":1788975660000}
{"after":{"bot_uniform_micro":0,"cu_p50":123011,"entrants_300s":1,"entrants_60s":1,"fee_p90":9000,"net_flow_micro":228547},"before":{"no_prior_flow":true},"event_gaps_in_window":0,"mint":"8NNG2iEQedAqcYSGV5qP5t49VXMbNEF1EhKFbQrfpump","snapshot_drops_in_window":0,"t":1788975660000}
{"after":{"bot_uniform_micro":null,"cu_p50":null,"entrants_300s":0,"entrants_60s":0,"fee_p90":null,"net_flow_micro":-4540},"before":{"no_prior_flow":true},"event_gaps_in_window":0,"mint":"8WvuNc9Pi7y2ML2ceBfittZNbmWBrWHLK9DviAxjpump","snapshot_drops_in_window":0,"t":1788975660000}
{"after":{"bot_uniform_micro":0,"cu_p50":105589,"entrants_300s":4,"entrants_60s":1,"fee_p90":86290,"net_flow_micro":-1063086},"before":{"no_prior_flow":true},"event_gaps_in_window":0,"mint":"8Xf2TSBVx9NEfum7HmR4kELZAW9iLT264Nnj8aHepump","snapshot_drops_in_window":0,"t":1788975660000}
{"after":{"bot_uniform_micro":0,"cu_p50":156701,"entrants_300s":2,"entrants_60s":2,"fee_p90":84313,"net_flow_micro":312396},"before":{"no_prior_flow":true},"event_gaps_in_window":0,"mint":"8kEuFRzK9yks1UuNnDeFaCCmgMsuVmbKKfrL9dEypump","snapshot_drops_in_window":0,"t":1788975660000}
{"after":{"bot_uniform_micro":0,"cu_p50":213860,"entrants_300s":1,"entrants_60s":0,"fee_p90":15000,"net_flow_micro":-1111987},"before":{"no_prior_flow":true},"event_gaps_in_window":0,"mint":"8wBD5FR1kd6QtXKZQC8oStaK9iGucpqdDTeoiAfwpump","snapshot_drops_in_window":0,"t":1788975660000}
{"after":{"bot_uniform_micro":0,"cu_p50":98598,"entrants_300s":6,"entrants_60s":6,"fee_p90":1005000,"net_flow_micro":0},"before":{"no_prior_flow":true},"event_gaps_in_window":0,"mint":"91B3uWtFe5skiED54V63BbTDAZBYZdngaBTg93pLpump","snapshot_drops_in_window":0,"t":1788975660000}
{"after":{"bot_uniform_micro":0,"cu_p50":84883,"entrants_300s":4,"entrants_60s":4,"fee_p90":65000,"net_flow_micro":855591},"before":{"no_prior_flow":true},"event_gaps_in_window":0,"mint":"94nqQnFCAMjmRzB4wAfg2VbAz5o3pduxndKysJi1pump","snapshot_drops_in_window":0,"t":1788975660000}
{"after":{"bot_uniform_micro":0,"cu_p50":120912,"entrants_300s":1,"entrants_60s":1,"fee_p90":101014,"net_flow_micro":24596},"before":{"no_prior_flow":true},"event_gaps_in_window":0,"mint":"97JfxSTAAyuLUzjakvb7Pshi4CJqkS5tLs9auCMCpump","snapshot_drops_in_window":0,"t":1788975660000}
{"after":{"bot_uniform_micro":304348,"cu_p50":122355,"entrants_300s":3,"entrants_60s":2,"fee_p90":101014,"net_flow_micro":85074},"before":{"no_prior_flow":true},"event_gaps_in_window":0,"mint":"9EyzVuTjpaytxCgMvHHu6NyMNh5BwetScRyX9Sbvpump","snapshot_drops_in_window":0,"t":1788975660000}
{"after":{"bot_uniform_micro":0,"cu_p50":254230,"entrants_300s":1,"entrants_60s":1,"fee_p90":15000,"net_flow_micro":198018},"before":{"no_prior_flow":true},"event_gaps_in_window":0,"mint":"9FoL2LHvYPstiyR32gJwnKwXTpwb7DfeRJ6AGFNmpump","snapshot_drops_in_window":0,"t":1788975660000}
{"after":{"bot_uniform_micro":294118,"cu_p50":83763,"entrants_300s":12,"entrants_60s":8,"fee_p90":905001,"net_flow_micro":6709370},"before":{"bot_uniform_micro":0,"cu_p50":104063,"entrants_300s":1,"entrants_60s":0,"fee_p90":77010,"net_flow_micro":2933333},"event_gaps_in_window":0,"mint":"9UkQpLXBJXFRiwH69HqSt52mwmZrL5VYiBiwzAtqpump","snapshot_drops_in_window":0,"t":1788975660000}
{"after":{"bot_uniform_micro":null,"cu_p50":null,"entrants_300s":0,"entrants_60s":0,"fee_p90":null,"net_flow_micro":-92951},"before":{"no_prior_flow":true},"event_gaps_in_window":0,"mint":"9t7R8JPsed1jozxCaRKDiNyivYewN4wBZFWTtAVCquLW","snapshot_drops_in_window":0,"t":1788975660000}
{"after":{"bot_uniform_micro":217391,"cu_p50":138704,"entrants_300s":92,"entrants_60s":44,"fee_p90":1005000,"net_flow_micro":9648729},"before":{"bot_uniform_micro":0,"cu_p50":111198,"entrants_300s":5,"entrants_60s":1,"fee_p90":7505093,"net_flow_micro":3549959},"event_gaps_in_window":0,"mint":"A1saYxATRfsHMop5J7kRnRJBn3Yckho1D2m146impump","snapshot_drops_in_window":0,"t":1788975660000}
{"after":{"bot_uniform_micro":166667,"cu_p50":157163,"entrants_300s":18,"entrants_60s":10,"fee_p90":405000,"net_flow_micro":608671},"before":{"no_prior_flow":true},"event_gaps_in_window":0,"mint":"A3axJLvQXKj2i2gEMkSq9gx7pC77CDYEcnZi6xPEpump","snapshot_drops_in_window":0,"t":1788975660000}
{"after":{"bot_uniform_micro":0,"cu_p50":74101,"entrants_300s":1,"entrants_60s":0,"fee_p90":189803,"net_flow_micro":-2949412},"before":{"no_prior_flow":true},"event_gaps_in_window":0,"mint":"AFTACG2NuoQto8cDo4J5mTUHm4kJhBop4Ez6KsWzpump","snapshot_drops_in_window":0,"t":1788975660000}
{"after":{"bot_uniform_micro":0,"cu_p50":225985,"entrants_300s":3,"entrants_60s":0,"fee_p90":410000,"net_flow_micro":322280},"before":{"no_prior_flow":true},"event_gaps_in_window":0,"mint":"AScFao7bzbdJh7rBiF4yFqcY26dPdRqGffRttTYMpump","snapshot_drops_in_window":0,"t":1788975660000}
{"after":{"bot_uniform_micro":0,"cu_p50":76397,"entrants_300s":2,"entrants_60s":2,"fee_p90":91654,"net_flow_micro":-2005721},"before":{"no_prior_flow":true},"event_gaps_in_window":0,"mint":"AiwefDnXbePPvEd4bK95ccVPr3C8oUoBLYraHSTRpump","snapshot_drops_in_window":0,"t":1788975660000}
{"after":{"bot_uniform_micro":0,"cu_p50":130174,"entrants_300s":7,"entrants_60s":4,"fee_p90":313601,"net_flow_micro":-203635},"before":{"no_prior_flow":true},"event_gaps_in_window":0,"mint":"AqZSLRg9uMVAREFQCEyy37wCJmQ7T4QYjJUURSmbpump","snapshot_drops_in_window":0,"t":1788975660000}
{"after":{"bot_uniform_micro":null,"cu_p50":null,"entrants_300s":0,"entrants_60s":0,"fee_p90":null,"net_flow_micro":-419185},"before":{"no_prior_flow":true},"event_gaps_in_window":0,"mint":"BEJYE9PJK1cbirxqcuujjeiMu5Nt3KgLSKECzBH5pump","snapshot_drops_in_window":0,"t":1788975660000}
{"after":{"bot_uniform_micro":null,"cu_p50":null,"entrants_300s":0,"entrants_60s":0,"fee_p90":null,"net_flow_micro":-26582},"before":{"no_prior_flow":true},"event_gaps_in_window":0,"mint":"BMPXGyRdnf9kWj1HSaE9ZWkyKiDbo6xUcBPro5vmL7hr","snapshot_drops_in_window":0,"t":1788975660000}
{"after":{"bot_uniform_micro":0,"cu_p50":144456,"entrants_300s":1,"entrants_60s":0,"fee_p90":1005000,"net_flow_micro":177889},"before":{"no_prior_flow":true},"event_gaps_in_window":0,"mint":"CL36KyGaMN8Wcd5VE1RyXdYKsXTva2MigumiMz3npump","snapshot_drops_in_window":0,"t":1788975660000}
{"after":{"bot_uniform_micro":0,"cu_p50":108195,"entrants_300s":3,"entrants_60s":0,"fee_p90":573477,"net_flow_micro":-244561},"before":{"no_prior_flow":true},"event_gaps_in_window":0,"mint":"CLh7ezbjYKbVsZoqN2MCGoDsBcfN3NfUDDE8nHAipump","snapshot_drops_in_window":0,"t":1788975660000}
{"after":{"bot_uniform_micro":0,"cu_p50":200513,"entrants_300s":2,"entrants_60s":1,"fee_p90":15000,"net_flow_micro":-2331220},"before":{"no_prior_flow":true},"event_gaps_in_window":0,"mint":"CM4RLsdBrFbfCneXyvUJqBmmQsb69Hm2H6QWhcq1nX8e","snapshot_drops_in_window":0,"t":1788975660000}
{"after":{"bot_uniform_micro":0,"cu_p50":146408,"entrants_300s":2,"entrants_60s":2,"fee_p90":15000,"net_flow_micro":-1019822},"before":{"no_prior_flow":true},"event_gaps_in_window":0,"mint":"Ca8DTtL9BxZpFHqtd92fKcWaheA6A7y8t5Y9QSnipump","snapshot_drops_in_window":0,"t":1788975660000}
{"after":{"bot_uniform_micro":0,"cu_p50":134337,"entrants_300s":2,"entrants_60s":2,"fee_p90":101014,"net_flow_micro":0},"before":{"no_prior_flow":true},"event_gaps_in_window":0,"mint":"CgG8hA21vzL36LfXmn6AgF84466XkrZRChriq23kpump","snapshot_drops_in_window":0,"t":1788975660000}
{"after":{"bot_uniform_micro":0,"cu_p50":310266,"entrants_300s":4,"entrants_60s":3,"fee_p90":2942500,"net_flow_micro":667776},"before":{"no_prior_flow":true},"event_gaps_in_window":0,"mint":"CyFtApDbWYjhkYFwjhKo1W9WWFu8HkXP2B7GpSt5pump","snapshot_drops_in_window":0,"t":1788975660000}
{"after":{"bot_uniform_micro":null,"cu_p50":null,"entrants_300s":0,"entrants_60s":0,"fee_p90":null,"net_flow_micro":-5792724},"before":{"no_prior_flow":true},"event_gaps_in_window":0,"mint":"DCN1XGdUCMqrEXj86zF1WK9q3M8jYr8g8UBLbGVZpump","snapshot_drops_in_window":0,"t":1788975660000}
{"after":{"bot_uniform_micro":0,"cu_p50":106687,"entrants_300s":7,"entrants_60s":5,"fee_p90":105000,"net_flow_micro":-6608103},"before":{"bot_uniform_micro":0,"cu_p50":98078,"entrants_300s":1,"entrants_60s":1,"fee_p90":6000,"net_flow_micro":1381590},"event_gaps_in_window":0,"mint":"DDMR7vYbNLFimKJon4NgdJS2SFdzbiGEd7Axbs9ekTC1","snapshot_drops_in_window":0,"t":1788975660000}
{"after":{"bot_uniform_micro":0,"cu_p50":240394,"entrants_300s":1,"entrants_60s":1,"fee_p90":15000,"net_flow_micro":97775},"before":{"no_prior_flow":true},"event_gaps_in_window":0,"mint":"DHrgBEWKN7EKoMZRZut8yS5pn1HCe3VJVCoM7jbgpump","snapshot_drops_in_window":0,"t":1788975660000}
{"after":{"bot_uniform_micro":750000,"cu_p50":126171,"entrants_300s":1,"entrants_60s":1,"fee_p90":96861,"net_flow_micro":471704},"before":{"no_prior_flow":true},"event_gaps_in_window":0,"mint":"DJh184vydZBMZKDuBz3MhcA97XoQGNuzvkVVB8Etpump","snapshot_drops_in_window":0,"t":1788975660000}
{"after":{"bot_uniform_micro":0,"cu_p50":122286,"entrants_300s":5,"entrants_60s":2,"fee_p90":101014,"net_flow_micro":2464},"before":{"no_prior_flow":true},"event_gaps_in_window":0,"mint":"DW9rJNFP9ncoJjZF5jt1ej8et7ag5UTpVCgRtPJMpump","snapshot_drops_in_window":3,"t":1788975660000}
{"after":{"bot_uniform_micro":0,"cu_p50":143341,"entrants_300s":1,"entrants_60s":0,"fee_p90":9000,"net_flow_micro":-1300607},"before":{"no_prior_flow":true},"event_gaps_in_window":0,"mint":"DnjxjnV5XTDKq9nMzrSPer7zKpvBmLgmd27iDwXApump","snapshot_drops_in_window":0,"t":1788975660000}
{"after":{"bot_uniform_micro":0,"cu_p50":94358,"entrants_300s":5,"entrants_60s":0,"fee_p90":30000,"net_flow_micro":485818},"before":{"no_prior_flow":true},"event_gaps_in_window":0,"mint":"Dp9gxFemyiHfVMTLdFhjP7h1EnHTe4Ki6fEB6Mw3pump","snapshot_drops_in_window":0,"t":1788975660000}
{"after":{"bot_uniform_micro":0,"cu_p50":133788,"entrants_300s":5,"entrants_60s":5,"fee_p90":105000,"net_flow_micro":-13700},"before":{"no_prior_flow":true},"event_gaps_in_window":0,"mint":"Dsr5iNf2Ko5scKz2pR7iaAKz4bUjquvT7KeQvB88pump","snapshot_drops_in_window":0,"t":1788975660000}
{"after":{"bot_uniform_micro":0,"cu_p50":308503,"entrants_300s":1,"entrants_60s":0,"fee_p90":410000,"net_flow_micro":25530},"before":{"no_prior_flow":true},"event_gaps_in_window":0,"mint":"DvSwPkzWJrDrQY6SjSdbzzLN4A1Yyuo69WKJPBWspump","snapshot_drops_in_window":0,"t":1788975660000}
{"after":{"bot_uniform_micro":0,"cu_p50":158453,"entrants_300s":7,"entrants_60s":7,"fee_p90":15000,"net_flow_micro":-5238248},"before":{"no_prior_flow":true},"event_gaps_in_window":0,"mint":"E8PbrUKnXkNKqeW8A7J9xd729eiNAPPBKfRKxV9qpump","snapshot_drops_in_window":0,"t":1788975660000}
{"after":{"bot_uniform_micro":0,"cu_p50":308195,"entrants_300s":1,"entrants_60s":0,"fee_p90":494299,"net_flow_micro":234423},"before":{"no_prior_flow":true},"event_gaps_in_window":0,"mint":"EWxUmDbsxJSFx1CbhBfexdkV1tc7Uy6VWmgACTBZ9sEx","snapshot_drops_in_window":0,"t":1788975660000}
{"after":{"bot_uniform_micro":0,"cu_p50":90941,"entrants_300s":2,"entrants_60s":2,"fee_p90":390189,"net_flow_micro":495002},"before":{"no_prior_flow":true},"event_gaps_in_window":0,"mint":"EYKzyYrf4q5zGJBszrDGjz2J2LZmGH3x7RXWpmzBpump","snapshot_drops_in_window":0,"t":1788975660000}
{"after":{"bot_uniform_micro":0,"cu_p50":89438,"entrants_300s":4,"entrants_60s":1,"fee_p90":334323,"net_flow_micro":860488},"before":{"no_prior_flow":true},"event_gaps_in_window":0,"mint":"EbJMiyPiFqozfR8qEn5CttenDQwP1xn2g3KdzCgEpump","snapshot_drops_in_window":0,"t":1788975660000}
{"after":{"bot_uniform_micro":0,"cu_p50":194379,"entrants_300s":12,"entrants_60s":2,"fee_p90":85000,"net_flow_micro":-5088831},"before":{"no_prior_flow":true},"event_gaps_in_window":0,"mint":"EgBmEUghMwGGA4Ao9V4dB7qeWwk86UDb6yyjnFL8pump","snapshot_drops_in_window":0,"t":1788975660000}
{"after":{"bot_uniform_micro":255319,"cu_p50":87515,"entrants_300s":73,"entrants_60s":73,"fee_p90":230000,"net_flow_micro":91279},"before":{"bot_uniform_micro":0,"cu_p50":132214,"entrants_300s":1,"entrants_60s":1,"fee_p90":105000,"net_flow_micro":-1870223},"event_gaps_in_window":0,"mint":"En4xNuAsNRU3isSfjFPwp6aNq85zu5rciCbYzmerpump","snapshot_drops_in_window":0,"t":1788975660000}
{"after":{"bot_uniform_micro":0,"cu_p50":126843,"entrants_300s":3,"entrants_60s":3,"fee_p90":101014,"net_flow_micro":-182603},"before":{"no_prior_flow":true},"event_gaps_in_window":0,"mint":"F1TEHaMkZFHfjqZ4b88GPTgNY1togEwZxDdxEsZVpump","snapshot_drops_in_window":0,"t":1788975660000}
{"after":{"bot_uniform_micro":0,"cu_p50":198366,"entrants_300s":6,"entrants_60s":6,"fee_p90":15000,"net_flow_micro":781500},"before":{"no_prior_flow":true},"event_gaps_in_window":0,"mint":"FCcMhUa1MJsCZRyj17QHJuAFAK2j229T1Dc9ymjKpump","snapshot_drops_in_window":0,"t":1788975660000}
{"after":{"bot_uniform_micro":50847,"cu_p50":144685,"entrants_300s":47,"entrants_60s":28,"fee_p90":485612,"net_flow_micro":-7842901},"before":{"bot_uniform_micro":0,"cu_p50":412940,"entrants_300s":1,"entrants_60s":1,"fee_p90":494294,"net_flow_micro":171197},"event_gaps_in_window":0,"mint":"FREoocUFHTh7VepWTAtHFis3897ssDPYA1EBvdTapump","snapshot_drops_in_window":0,"t":1788975660000}
{"after":{"bot_uniform_micro":null,"cu_p50":null,"entrants_300s":0,"entrants_60s":0,"fee_p90":null,"net_flow_micro":-80179},"before":{"no_prior_flow":true},"event_gaps_in_window":0,"mint":"FWz1gUgbiTq2GRqY7KatrUcgv8KDrTmCYGR685TYpump","snapshot_drops_in_window":0,"t":1788975660000}
{"after":{"bot_uniform_micro":0,"cu_p50":174870,"entrants_300s":4,"entrants_60s":3,"fee_p90":101014,"net_flow_micro":35091},"before":{"no_prior_flow":true},"event_gaps_in_window":0,"mint":"FXjVgXwBia2WbnsCQT3RsB7KYtcDvefsLeJx5AEtpump","snapshot_drops_in_window":0,"t":1788975660000}
{"after":{"bot_uniform_micro":0,"cu_p50":183848,"entrants_300s":7,"entrants_60s":4,"fee_p90":15000,"net_flow_micro":-5337229},"before":{"bot_uniform_micro":null,"cu_p50":null,"entrants_300s":0,"entrants_60s":0,"fee_p90":null,"net_flow_micro":-1537759},"event_gaps_in_window":0,"mint":"FY3mQ351mRQVicM26UXZ3f2Sj92tkjhEXEsuM9YfH93e","snapshot_drops_in_window":0,"t":1788975660000}
{"after":{"bot_uniform_micro":359606,"cu_p50":93695,"entrants_300s":182,"entrants_60s":84,"fee_p90":1105000,"net_flow_micro":19523397},"before":{"bot_uniform_micro":0,"cu_p50":90641,"entrants_300s":8,"entrants_60s":2,"fee_p90":105000,"net_flow_micro":4629342},"event_gaps_in_window":0,"mint":"FaJsHUZmyHsZTRtMQ6AxYXGgoVSDsjWjZQXokUuTpump","snapshot_drops_in_window":0,"t":1788975660000}
{"after":{"bot_uniform_micro":0,"cu_p50":139412,"entrants_300s":3,"entrants_60s":1,"fee_p90":1005000,"net_flow_micro":2517037},"before":{"no_prior_flow":true},"event_gaps_in_window":0,"mint":"Fx8TMhnCVcXBUsvdKXoSwCapdCHV3x55ACxUVSkepump","snapshot_drops_in_window":0,"t":1788975660000}
{"after":{"bot_uniform_micro":800000,"cu_p50":139744,"entrants_300s":1,"entrants_60s":1,"fee_p90":9000,"net_flow_micro":859494},"before":{"no_prior_flow":true},"event_gaps_in_window":0,"mint":"GC87Z47XsT6GnrRQjXwRkHLg4qSUXrtk7dzyBpSnpump","snapshot_drops_in_window":0,"t":1788975660000}
{"after":{"bot_uniform_micro":0,"cu_p50":143570,"entrants_300s":1,"entrants_60s":1,"fee_p90":552501,"net_flow_micro":109569},"before":{"no_prior_flow":true},"event_gaps_in_window":0,"mint":"GLteMVHGWknSNvCAeVxiePAN6Fuje6yaUmEn4WvZpump","snapshot_drops_in_window":0,"t":1788975660000}
{"after":{"bot_uniform_micro":0,"cu_p50":124684,"entrants_300s":1,"entrants_60s":1,"fee_p90":9000,"net_flow_micro":685913},"before":{"no_prior_flow":true},"event_gaps_in_window":0,"mint":"GMKEreEiFEs53mPeQ9RUzYtWZ8xWbCjDFdF1wkQypump","snapshot_drops_in_window":0,"t":1788975660000}
{"after":{"bot_uniform_micro":0,"cu_p50":138059,"entrants_300s":20,"entrants_60s":11,"fee_p90":230001,"net_flow_micro":810648},"before":{"no_prior_flow":true},"event_gaps_in_window":0,"mint":"GR867ubpr6onDw7pjSPYGsHmpLb7QL9VuBZxD3R7pump","snapshot_drops_in_window":0,"t":1788975660000}
{"after":{"bot_uniform_micro":0,"cu_p50":122265,"entrants_300s":2,"entrants_60s":2,"fee_p90":101014,"net_flow_micro":334724},"before":{"no_prior_flow":true},"event_gaps_in_window":0,"mint":"GrsFLe9UFqRL24GJe3iwXtHqNsPGx37FAvHBL6anpump","snapshot_drops_in_window":0,"t":1788975660000}
{"after":{"bot_uniform_micro":0,"cu_p50":126839,"entrants_300s":3,"entrants_60s":3,"fee_p90":101014,"net_flow_micro":61210},"before":{"no_prior_flow":true},"event_gaps_in_window":0,"mint":"Gz3q6nZzQC4vNnuggcDghvWtHToi1LweNuHSyW7Wpump","snapshot_drops_in_window":0,"t":1788975660000}
{"after":{"bot_uniform_micro":0,"cu_p50":95278,"entrants_300s":5,"entrants_60s":5,"fee_p90":9752910,"net_flow_micro":1225217},"before":{"no_prior_flow":true},"event_gaps_in_window":0,"mint":"HJk1HFcvgLqkVnEgNX1bLnXS382SAPVgiQigA7Fnpump","snapshot_drops_in_window":0,"t":1788975660000}
{"after":{"bot_uniform_micro":150000,"cu_p50":120875,"entrants_300s":9,"entrants_60s":7,"fee_p90":101014,"net_flow_micro":127553},"before":{"bot_uniform_micro":0,"cu_p50":120769,"entrants_300s":1,"entrants_60s":1,"fee_p90":101014,"net_flow_micro":112498},"event_gaps_in_window":0,"mint":"HQDeDxBwm5u7CW34LYzEheahNzw5xXej8VJaMg5Bpump","snapshot_drops_in_window":1,"t":1788975660000}
{"after":{"bot_uniform_micro":301205,"cu_p50":89225,"entrants_300s":76,"entrants_60s":76,"fee_p90":1005000,"net_flow_micro":6939500},"before":{"bot_uniform_micro":0,"cu_p50":89225,"entrants_300s":3,"entrants_60s":3,"fee_p90":77010,"net_flow_micro":362272},"event_gaps_in_window":0,"mint":"HYd5cRAFVXVVrt4D6LvtMcCmYDoQE1TDbeSa3MgLpump","snapshot_drops_in_window":0,"t":1788975660000}
{"after":{"bot_uniform_micro":0,"cu_p50":89401,"entrants_300s":6,"entrants_60s":6,"fee_p90":965000,"net_flow_micro":1866668},"before":{"bot_uniform_micro":0,"cu_p50":93842,"entrants_300s":1,"entrants_60s":1,"fee_p90":5995,"net_flow_micro":391111},"event_gaps_in_window":0,"mint":"HbyGKSGM6KDy8tYrgvaTu3xrKkmuYgykXSag4GNoKugS","snapshot_drops_in_window":0,"t":1788975660000}
{"after":{"bot_uniform_micro":0,"cu_p50":293842,"entrants_300s":1,"entrants_60s":0,"fee_p90":410000,"net_flow_micro":46787},"before":{"no_prior_flow":true},"event_gaps_in_window":0,"mint":"HdPL4bP6smyfumoQhEPpkrAb4qpz3uvKZH4kdtFQpump","snapshot_drops_in_window":0,"t":1788975660000}
{"after":{"bot_uniform_micro":0,"cu_p50":122375,"entrants_300s":1,"entrants_60s":1,"fee_p90":101014,"net_flow_micro":1511593},"before":{"no_prior_flow":true},"event_gaps_in_window":0,"mint":"HrENr8Q1HzugCpFgsTU86FcAgNtH5hFQzSiuXKk8pump","snapshot_drops_in_window":0,"t":1788975660000}
{"after":{"bot_uniform_micro":null,"cu_p50":null,"entrants_300s":0,"entrants_60s":0,"fee_p90":null,"net_flow_micro":-55},"before":{"no_prior_flow":true},"event_gaps_in_window":0,"mint":"Hy9XZ4Ae4oKtXYfuFzWkoNV18teCTpvWWu5PFD9Bpump","snapshot_drops_in_window":0,"t":1788975660000}
{"after":{"bot_uniform_micro":111111,"cu_p50":83019,"entrants_300s":37,"entrants_60s":26,"fee_p90":815121,"net_flow_micro":3766949},"before":{"bot_uniform_micro":0,"cu_p50":96379,"entrants_300s":1,"entrants_60s":0,"fee_p90":77010,"net_flow_micro":2933333},"event_gaps_in_window":0,"mint":"J4J7wFFndrNKhDa4rrMB9Amsqvqzk2uaJZDpStnUpump","snapshot_drops_in_window":0,"t":1788975660000}
{"after":{"bot_uniform_micro":0,"cu_p50":126925,"entrants_300s":1,"entrants_60s":1,"fee_p90":101014,"net_flow_micro":1294582},"before":{"no_prior_flow":true},"event_gaps_in_window":0,"mint":"9w5gWetsKYZdMCJAA3URwcf8arGeAQmHT13Pdvgpump","snapshot_drops_in_window":0,"t":1788975720000}
{"after":{"bot_uniform_micro":352273,"cu_p50":141147,"entrants_300s":14,"entrants_60s":0,"fee_p90":101014,"net_flow_micro":-281868},"before":{"bot_uniform_micro":0,"cu_p50":141209,"entrants_300s":1,"entrants_60s":0,"fee_p90":101014,"net_flow_micro":-800444},"event_gaps_in_window":0,"mint":"GrEpzw6CV42tY8gct9z6TZXCmCuzuPKh6eSiqD6pump","snapshot_drops_in_window":12,"t":1788975720000}
{"after":{"bot_uniform_micro":333333,"cu_p50":92109,"entrants_300s":8,"entrants_60s":0,"fee_p90":175053,"net_flow_micro":139290},"before":{"bot_uniform_micro":0,"cu_p50":98066,"entrants_300s":1,"entrants_60s":0,"fee_p90":93158,"net_flow_micro":782222},"event_gaps_in_window":0,"mint":"wdEJKDmgPWDi7NrBDsjjFaGXbtv4VNUjTdCH6c31ET2","snapshot_drops_in_window":0,"t":1788975720000}
{"after":{"bot_uniform_micro":0,"cu_p50":192270,"entrants_300s":3,"entrants_60s":0,"fee_p90":15000,"net_flow_micro":-582603},"before":{"no_prior_flow":true},"event_gaps_in_window":0,"mint":"24Xh9TB4jTJCLxDY1eAEkj3N82ygNJa1QVTgdR7Spump","snapshot_drops_in_window":0,"t":1788975720000}
{"after":{"bot_uniform_micro":null,"cu_p50":null,"entrants_300s":0,"entrants_60s":0,"fee_p90":null,"net_flow_micro":-1159008},"before":{"no_prior_flow":true},"event_gaps_in_window":0,"mint":"2PxK4JNqDe3tgvyTTksrxYkwgGqSQYomGuRWxoSFpump","snapshot_drops_in_window":0,"t":1788975720000}
{"after":{"bot_uniform_micro":489583,"cu_p50":102009,"entrants_300s":78,"entrants_60s":78,"fee_p90":1005000,"net_flow_micro":53393318},"before":{"bot_uniform_micro":0,"cu_p50":105541,"entrants_300s":7,"entrants_60s":7,"fee_p90":405001,"net_flow_micro":8452173},"event_gaps_in_window":0,"mint":"2YuFLBKqmgBsxrbVgqRXgSrzwf6wyNCkCUAqUMEGpump","snapshot_drops_in_window":0,"t":1788975720000}
{"after":{"bot_uniform_micro":0,"cu_p50":119288,"entrants_300s":3,"entrants_60s":3,"fee_p90":1005000,"net_flow_micro":0},"before":{"no_prior_flow":true},"event_gaps_in_window":0,"mint":"2ZEsNZJC9ywRoGkCaQ3SuhV94ttE8C1C7ZxuYyDHpump","snapshot_drops_in_window":0,"t":1788975720000}
{"after":{"bot_uniform_micro":0,"cu_p50":385512,"entrants_300s":1,"entrants_60s":0,"fee_p90":410000,"net_flow_micro":93469},"before":{"no_prior_flow":true},"event_gaps_in_window":0,"mint":"2ZKkVVkHUNTf5LfPnpudB7ANtACw8X9Tw7Lgcuxwpump","snapshot_drops_in_window":0,"t":1788975720000}
{"after":{"bot_uniform_micro":null,"cu_p50":null,"entrants_300s":0,"entrants_60s":0,"fee_p90":null,"net_flow_micro":-2743},"before":{"no_prior_flow":true},"event_gaps_in_window":0,"mint":"2h2GHqhJuR5kaG6Srwk45mCZZANCYxKuNSHtYjRRpump","snapshot_drops_in_window":0,"t":1788975720000}
{"after":{"bot_uniform_micro":null,"cu_p50":null,"entrants_300s":0,"entrants_60s":0,"fee_p90":null,"net_flow_micro":-1080113},"before":{"no_prior_flow":true},"event_gaps_in_window":0,"mint":"2hZPYB8ud7RUQAHkCmWvTcqB7YH1xfTAsAoUtDnFpump","snapshot_drops_in_window":0,"t":1788975720000}
{"after":{"bot_uniform_micro":0,"cu_p50":120291,"entrants_300s":2,"entrants_60s":1,"fee_p90":101014,"net_flow_micro":-4907931},"before":{"no_prior_flow":true},"event_gaps_in_window":0,"mint":"3aN56TN7nwtp8UqD5xZeye42KFcazmrprhWR7Gscpump","snapshot_drops_in_window":0,"t":1788975720000}
{"after":{"bot_uniform_micro":0,"cu_p50":131296,"entrants_300s":1,"entrants_60s":1,"fee_p90":101014,"net_flow_micro":-144202},"before":{"no_prior_flow":true},"event_gaps_in_window":0,"mint":"3fCYmZF7hJdasqJc5Xf46cSD34gtjrDF3DbzS5KGpump","snapshot_drops_in_window":0,"t":1788975720000}
{"after":{"bot_uniform_micro":0,"cu_p50":105679,"entrants_300s":3,"entrants_60s":0,"fee_p90":154999,"net_flow_micro":1624762},"before":{"no_prior_flow":true},"event_gaps_in_window":0,"mint":"3gRztBeMM6qwZ5TNGGKnD1fioe9wqxrPnerBbpydpump","snapshot_drops_in_window":0,"t":1788975720000}
{"after":{"bot_uniform_micro":89109,"cu_p50":114849,"entrants_300s":9,"entrants_60s":6,"fee_p90":101014,"net_flow_micro":-7956680},"before":{"no_prior_flow":true},"event_gaps_in_window":0,"mint":"3rswGijagm51WGXNrqYpfouThsqve2RBHaWMQgzHpump","snapshot_drops_in_window":0,"t":1788975720000}
{"after":{"bot_uniform_micro":0,"cu_p50":294503,"entrants_300s":1,"entrants_60s":0,"fee_p90":410000,"net_flow_micro":-953922},"before":{"no_prior_flow":true},"event_gaps_in_window":0,"mint":"3wJEdMysjAyMWC7WHMmnfMrNaryZG3rL54TdXBgiAh2u","snapshot_drops_in_window":0,"t":1788975720000}
{"after":{"bot_uniform_micro":0,"cu_p50":90148,"entrants_300s":20,"entrants_60s":0,"fee_p90":3484999,"net_flow_micro":196813},"before":{"no_prior_flow":true},"event_gaps_in_window":0,"mint":"4YuoGPkpeCF1G3Hp4Ayj3M36UHiqGwbospPxWE1Dpump","snapshot_drops_in_window":0,"t":1788975720000}
{"after":{"bot_uniform_micro":null,"cu_p50":null,"entrants_300s":0,"entrants_60s":0,"fee_p90":null,"net_flow_micro":-1714503},"before":{"no_prior_flow":true},"event_gaps_in_window":0,"mint":"4wRmu5KY7X353uBHYsPJhvuRZc6MMzgsU8aGqXtupump","snapshot_drops_in_window":0,"t":1788975720000}
{"after":{"bot_uniform_micro":0,"cu_p50":114413,"entrants_300s":18,"entrants_60s":4,"fee_p90":85000,"net_flow_micro":-18446420},"before":{"no_prior_flow":true},"event_gaps_in_window":0,"mint":"5BP9TQhGK9yWd9PVPxhsA6eXYTyAZrhrzZj8JSHzpump","snapshot_drops_in_window":0,"t":1788975720000}
{"after":{"bot_uniform_micro":null,"cu_p50":null,"entrants_300s":0,"entrants_60s":0,"fee_p90":null,"net_flow_micro":-55155},"before":{"no_prior_flow":true},"event_gaps_in_window":0,"mint":"5KXYJ2XWf3qyApSRd9a22JuuDVe5hu41ym5GrhDRpump","snapshot_drops_in_window":0,"t":1788975720000}
{"after":{"bot_uniform_micro":0,"cu_p50":87011,"entrants_300s":1,"entrants_60s":0,"fee_p90":1005000,"net_flow_micro":3259},"before":{"no_prior_flow":true},"event_gaps_in_window":0,"mint":"5Sum3QmNZ8FAmr3idjDcD4UwTRAQRuD9tA2ZrX2Fpump","snapshot_drops_in_window":0,"t":1788975720000}
{"after":{"bot_uniform_micro":0,"cu_p50":135211,"entrants_300s":1,"entrants_60s":0,"fee_p90":6000,"net_flow_micro":24},"before":{"no_prior_flow":true},"event_gaps_in_window":0,"mint":"5cAz6tvPmNPQ5c6qA5RqjiQ6ea46Md3x8fUXGBHtpump","snapshot_drops_in_window":0,"t":1788975720000}
{"after":{"bot_uniform_micro":0,"cu_p50":95063,"entrants_300s":17,"entrants_60s":1,"fee_p90":1105000,"net_flow_micro":2904069},"before":{"bot_uniform_micro":0,"cu_p50":63795,"entrants_300s":2,"entrants_60s":0,"fee_p90":65000,"net_flow_micro":4203586},"event_gaps_in_window":0,"mint":"5w6dfuRf3teRRsg2hRFXVuC5taYB6eqwnypC1BJrpump","snapshot_drops_in_window":0,"t":1788975720000}
{"after":{"bot_uniform_micro":0,"cu_p50":175514,"entrants_300s":3,"entrants_60s":1,"fee_p90":558860,"net_flow_micro":525632},"before":{"no_prior_flow":true},"event_gaps_in_window":0,"mint":"659xrvMd1Vdc7TUFQ2uL8hFMmbN3i52yqRX3HTGiEbnu","snapshot_drops_in_window":0,"t":1788975720000}
{"after":{"bot_uniform_micro":119266,"cu_p50":120862,"entrants_300s":13,"entrants_60s":6,"fee_p90":101014,"net_flow_micro":286614},"before":{"bot_uniform_micro":0,"cu_p50":120800,"entrants_300s":1,"entrants_60s":1,"fee_p90":101014,"net_flow_micro":3207716},"event_gaps_in_window":0,"mint":"6J9bWqyDuVKXfNdqJNwTuVc2KSPev3SDpP4HZBFapump","snapshot_drops_in_window":3,"t":1788975720000}
{"after":{"bot_uniform_micro":0,"cu_p50":79410,"entrants_300s":1,"entrants_60s":0,"fee_p90":15000,"net_flow_micro":19556},"before":{"no_prior_flow":true},"event_gaps_in_window":0,"mint":"6NwA7EAjVW1XoHj62964dH3Lh1qHtpSEeyhnWbHSpump","snapshot_drops_in_window":0,"t":1788975720000}
{"after":{"bot_uniform_micro":null,"cu_p50":null,"entrants_300s":0,"entrants_60s":0,"fee_p90":null,"net_flow_micro":-759},"before":{"no_prior_flow":true},"event_gaps_in_window":0,"mint":"6T1BNshzGAKAHvJ3NZ5n62X2eg5rqqsMipUMZJvLpump","snapshot_drops_in_window":0,"t":1788975720000}
{"after":{"bot_uniform_micro":0,"cu_p50":120235,"entrants_300s":2,"entrants_60s":1,"fee_p90":101014,"net_flow_micro":-549826},"before":{"no_prior_flow":true},"event_gaps_in_window":0,"mint":"6Tt8w8eNciinW2HaMn9WwUhde2cEBVfU1tUTvuWQpump","snapshot_drops_in_window":0,"t":1788975720000}
{"after":{"bot_uniform_micro":125000,"cu_p50":212617,"entrants_300s":22,"entrants_60s":15,"fee_p90":410000,"net_flow_micro":3158425},"before":{"no_prior_flow":true},"event_gaps_in_window":0,"mint":"6faFcTYnxVtvtFvq3KmZbpUHmaDMsgWExKbg2QTXpump","snapshot_drops_in_window":0,"t":1788975720000}
{"after":{"bot_uniform_micro":352381,"cu_p50":127173,"entrants_300s":159,"entrants_60s":47,"fee_p90":510000,"net_flow_micro":12429744},"before":{"bot_uniform_micro":0,"cu_p50":92089,"entrants_300s":10,"entrants_60s":2,"fee_p90":410000,"net_flow_micro":6953614},"event_gaps_in_window":0,"mint":"6ooVqtJKtWNbxhjEabkxKyH6S2x51bTw4zuVApBcpump","snapshot_drops_in_window":1,"t":1788975720000}
{"after":{"bot_uniform_micro":0,"cu_p50":86256,"entrants_300s":2,"entrants_60s":0,"fee_p90":55000,"net_flow_micro":15153},"before":{"no_prior_flow":true},"event_gaps_in_window":0,"mint":"77CHZyKTgGjysxrfgYaTWJQ1vG17NKHewHfFV2Nqpump","snapshot_drops_in_window":0,"t":1788975720000}
{"after":{"bot_uniform_micro":0,"cu_p50":85345,"entrants_300s":2,"entrants_60s":2,"fee_p90":86291,"net_flow_micro":461823},"before":{"no_prior_flow":true},"event_gaps_in_window":0,"mint":"7eiS447TVyaMEU48iAEXWtSQM4ufP9Hc9feSi8yapump","snapshot_drops_in_window":0,"t":1788975720000}
{"after":{"bot_uniform_micro":0,"cu_p50":123287,"entrants_300s":3,"entrants_60s":2,"fee_p90":101014,"net_flow_micro":104282},"before":{"no_prior_flow":true},"event_gaps_in_window":0,"mint":"7gQqeA19dTQmTWx5oTxyxX4D3z7jtMYCvx94v8LCpump","snapshot_drops_in_window":0,"t":1788975720000}
{"after":{"bot_uniform_micro":214286,"cu_p50":87317,"entrants_300s":14,"entrants_60s":14,"fee_p90":605000,"net_flow_micro":50662},"before":{"no_prior_flow":true},"event_gaps_in_window":0,"mint":"7grQifoaY2UdTX7aHiVkpKtst18AJWadeuHi3rXbpump","snapshot_drops_in_window":0,"t":1788975720000}
{"after":{"bot_uniform_micro":0,"cu_p50":135083,"entrants_300s":3,"entrants_60s":3,"fee_p90":101014,"net_flow_micro":325072},"before":{"no_prior_flow":true},"event_gaps_in_window":0,"mint":"7txoowtFfYrvMes9ZrxaCUKbzQ9o4jv8MDFSNqHgpump","snapshot_drops_in_window":0,"t":1788975720000}
{"after":{"bot_uniform_micro":0,"cu_p50":134224,"entrants_300s":38,"entrants_60s":5,"fee_p90":1005000,"net_flow_micro":-463541},"before":{"no_prior_flow":true},"event_gaps_in_window":0,"mint":"8CUkfgU3w5zxWP27v9B9mef15sL23fzxYvw23wbPpump","snapshot_drops_in_window":0,"t":1788975720000}
{"after":{"bot_uniform_micro":94203,"cu_p50":147848,"entrants_300s":14,"entrants_60s":10,"fee_p90":101014,"net_flow_micro":-765171},"before":{"bot_uniform_micro":0,"cu_p50":147768,"entrants_300s":1,"entrants_60s":1,"fee_p90":101014,"net_flow_micro":-2163034},"event_gaps_in_window":0,"mint":"8JJZS5k9FtEzCxhYzB7R3r2XXoLfBtVxEjvKuxcEpump","snapshot_drops_in_window":5,"t":1788975720000}
{"after":{"bot_uniform_micro":0,"cu_p50":123037,"entrants_300s":1,"entrants_60s":1,"fee_p90":9000,"net_flow_micro":230428},"before":{"no_prior_flow":true},"event_gaps_in_window":0,"mint":"8NNG2iEQedAqcYSGV5qP5t49VXMbNEF1EhKFbQrfpump","snapshot_drops_in_window":0,"t":1788975720000}
{"after":{"bot_uniform_micro":0,"cu_p50":122367,"entrants_300s":2,"entrants_60s":2,"fee_p90":101014,"net_flow_micro":48092},"before":{"no_prior_flow":true},"event_gaps_in_window":0,"mint":"8RWvaxsLkyfFuhVbZPNzoZKudD1ZWZSipjVxvAvTpump","snapshot_drops_in_window":0,"t":1788975720000}
{"after":{"bot_uniform_micro":null,"cu_p50":null,"entrants_300s":0,"entrants_60s":0,"fee_p90":null,"net_flow_micro":-4540},"before":{"no_prior_flow":true},"event_gaps_in_window":0,"mint":"8WvuNc9Pi7y2ML2ceBfittZNbmWBrWHLK9DviAxjpump","snapshot_drops_in_window":0,"t":1788975720000}
{"after":{"bot_uniform_micro":0,"cu_p50":105589,"entrants_300s":7,"entrants_60s":3,"fee_p90":377072,"net_flow_micro":-1187780},"before":{"no_prior_flow":true},"event_gaps_in_window":0,"mint":"8Xf2TSBVx9NEfum7HmR4kELZAW9iLT264Nnj8aHepump","snapshot_drops_in_window":0,"t":1788975720000}
{"after":{"bot_uniform_micro":0,"cu_p50":76259,"entrants_300s":2,"entrants_60s":2,"fee_p90":7505001,"net_flow_micro":1327256},"before":{"no_prior_flow":true},"event_gaps_in_window":0,"mint":"8j3rbmt4EjnCxFh973v3YH6CGPzoHq6rAfXqgT3dpump","snapshot_drops_in_window":0,"t":1788975720000}
{"after":{"bot_uniform_micro":0,"cu_p50":127431,"entrants_300s":8,"entrants_60s":8,"fee_p90":60100,"net_flow_micro":1577840},"before":{"no_prior_flow":true},"event_gaps_in_window":0,"mint":"8jF7PYcSpaoSZD2EarVGuBub8VCuAEs7G88P4Eeipump","snapshot_drops_in_window":0,"t":1788975720000}
{"after":{"bot_uniform_micro":0,"cu_p50":89357,"entrants_300s":19,"entrants_60s":17,"fee_p90":92500,"net_flow_micro":4139174},"before":{"bot_uniform_micro":0,"cu_p50":87644,"entrants_300s":1,"entrants_60s":1,"fee_p90":9000,"net_flow_micro":354656},"event_gaps_in_window":0,"mint":"8kEuFRzK9yks1UuNnDeFaCCmgMsuVmbKKfrL9dEypump","snapshot_drops_in_window":0,"t":1788975720000}
{"after":{"bot_uniform_micro":0,"cu_p50":213860,"entrants_300s":1,"entrants_60s":0,"fee_p90":15000,"net_flow_micro":-3863568},"before":{"no_prior_flow":true},"event_gaps_in_window":0,"mint":"8wBD5FR1kd6QtXKZQC8oStaK9iGucpqdDTeoiAfwpump","snapshot_drops_in_window":0,"t":1788975720000}
{"after":{"bot_uniform_micro":0,"cu_p50":99915,"entrants_300s":7,"entrants_60s":1,"fee_p90":1005000,"net_flow_micro":47549},"before":{"no_prior_flow":true},"event_gaps_in_window":0,"mint":"91B3uWtFe5skiED54V63BbTDAZBYZdngaBTg93pLpump","snapshot_drops_in_window":0,"t":1788975720000}
{"after":{"bot_uniform_micro":0,"cu_p50":84883,"entrants_300s":4,"entrants_60s":0,"fee_p90":65000,"net_flow_micro":855591},"before":{"no_prior_flow":true},"event_gaps_in_window":0,"mint":"94nqQnFCAMjmRzB4wAfg2VbAz5o3pduxndKysJi1pump","snapshot_drops_in_window":0,"t":1788975720000}
{"after":{"bot_uniform_micro":0,"cu_p50":120874,"entrants_300s":2,"entrants_60s":2,"fee_p90":101014,"net_flow_micro":98625},"before":{"no_prior_flow":true},"event_gaps_in_window":0,"mint":"97JfxSTAAyuLUzjakvb7Pshi4CJqkS5tLs9auCMCpump","snapshot_drops_in_window":0,"t":1788975720000}
{"after":{"bot_uniform_micro":241379,"cu_p50":122346,"entrants_300s":3,"entrants_60s":2,"fee_p90":101014,"net_flow_micro":-635853},"before":{"no_prior_flow":true},"event_gaps_in_window":0,"mint":"9EyzVuTjpaytxCgMvHHu6NyMNh5BwetScRyX9Sbvpump","snapshot_drops_in_window":0,"t":1788975720000}
{"after":{"bot_uniform_micro":0,"cu_p50":131272,"entrants_300s":2,"entrants_60s":2,"fee_p90":101014,"net_flow_micro":83265},"before":{"no_prior_flow":true},"event_gaps_in_window":0,"mint":"9FoL2LHvYPstiyR32gJwnKwXTpwb7DfeRJ6AGFNmpump","snapshot_drops_in_window":0,"t":1788975720000}
{"after":{"bot_uniform_micro":391304,"cu_p50":83754,"entrants_300s":13,"entrants_60s":3,"fee_p90":905001,"net_flow_micro":5126463},"before":{"bot_uniform_micro":0,"cu_p50":104063,"entrants_300s":1,"entrants_60s":0,"fee_p90":77010,"net_flow_micro":2933333},"event_gaps_in_window":0,"mint":"9UkQpLXBJXFRiwH69HqSt52mwmZrL5VYiBiwzAtqpump","snapshot_drops_in_window":0,"t":1788975720000}
{"after":{"bot_uniform_micro":0,"cu_p50":122344,"entrants_300s":3,"entrants_60s":3,"fee_p90":101014,"net_flow_micro":657713},"before":{"no_prior_flow":true},"event_gaps_in_window":0,"mint":"9gMwj5SdDnsaUxrbkz6XNFBZFGGDuzJhX4ARaNCkpump","snapshot_drops_in_window":0,"t":1788975720000}
{"after":{"bot_uniform_micro":null,"cu_p50":null,"entrants_300s":0,"entrants_60s":0,"fee_p90":null,"net_flow_micro":-92951},"before":{"no_prior_flow":true},"event_gaps_in_window":0,"mint":"9t7R8JPsed1jozxCaRKDiNyivYewN4wBZFWTtAVCquLW","snapshot_drops_in_window":0,"t":1788975720000}
{"after":{"bot_uniform_micro":248677,"cu_p50":143240,"entrants_300s":148,"entrants_60s":67,"fee_p90":955000,"net_flow_micro":9490557},"before":{"bot_uniform_micro":0,"cu_p50":111198,"entrants_300s":7,"entrants_60s":2,"fee_p90":702211,"net_flow_micro":3077970},"event_gaps_in_window":0,"mint":"A1saYxATRfsHMop5J7kRnRJBn3Yckho1D2m146impump","snapshot_drops_in_window":0,"t":1788975720000}
{"after":{"bot_uniform_micro":125000,"cu_p50":153967,"entrants_300s":25,"entrants_60s":7,"fee_p90":405000,"net_flow_micro":2679781},"before":{"no_prior_flow":true},"event_gaps_in_window":0,"mint":"A3axJLvQXKj2i2gEMkSq9gx7pC77CDYEcnZi6xPEpump","snapshot_drops_in_window":0,"t":1788975720000}
{"after":{"bot_uniform_micro":0,"cu_p50":74101,"entrants_300s":1,"entrants_60s":0,"fee_p90":189803,"net_flow_micro":-2949412},"before":{"no_prior_flow":true},"event_gaps_in_window":0,"mint":"AFTACG2NuoQto8cDo4J5mTUHm4kJhBop4Ez6KsWzpump","snapshot_drops_in_window":0,"t":1788975720000}
{"after":{"bot_uniform_micro":0,"cu_p50":225985,"entrants_300s":3,"entrants_60s":0,"fee_p90":410000,"net_flow_micro":189329},"before":{"no_prior_flow":true},"event_gaps_in_window":0,"mint":"AScFao7bzbdJh7rBiF4yFqcY26dPdRqGffRttTYMpump","snapshot_drops_in_window":0,"t":1788975720000}
{"after":{"bot_uniform_micro":0,"cu_p50":76397,"entrants_300s":2,"entrants_60s":0,"fee_p90":91654,"net_flow_micro":-2005721},"before":{"no_prior_flow":true},"event_gaps_in_window":0,"mint":"AiwefDnXbePPvEd4bK95ccVPr3C8oUoBLYraHSTRpump","snapshot_drops_in_window":0,"t":1788975720000}
{"after":{"bot_uniform_micro":0,"cu_p50":68623,"entrants_300s":2,"entrants_60s":2,"fee_p90":60100,"net_flow_micro":952203},"before":{"no_prior_flow":true},"event_gaps_in_window":0,"mint":"AmeVaqAs3uEyzKvogy3qpbTkZ4gnAfLhnLAyFji7pump","snapshot_drops_in_window":0,"t":1788975720000}
{"after":{"bot_uniform_micro":0,"cu_p50":130174,"entrants_300s":10,"entrants_60s":3,"fee_p90":367242,"net_flow_micro":-4372468},"before":{"no_prior_flow":true},"event_gaps_in_window":0,"mint":"AqZSLRg9uMVAREFQCEyy37wCJmQ7T4QYjJUURSmbpump","snapshot_drops_in_window":0,"t":1788975720000}
{"after":{"bot_uniform_micro":null,"cu_p50":null,"entrants_300s":0,"entrants_60s":0,"fee_p90":null,"net_flow_micro":-4636670},"before":{"bot_uniform_micro":null,"cu_p50":null,"entrants_300s":0,"entrants_60s":0,"fee_p90":null,"net_flow_micro":-293875},"event_gaps_in_window":0,"mint":"BEJYE9PJK1cbirxqcuujjeiMu5Nt3KgLSKECzBH5pump","snapshot_drops_in_window":0,"t":1788975720000}
{"after":{"bot_uniform_micro":0,"cu_p50":104845,"entrants_300s":4,"entrants_60s":4,"fee_p90":510000,"net_flow_micro":1808726},"before":{"no_prior_flow":true},"event_gaps_in_window":0,"mint":"BHQSkrUTJukngMKtDhksGfG9VXj6K82DrNR3CybLpump","snapshot_drops_in_window":0,"t":1788975720000}
{"after":{"bot_uniform_micro":0,"cu_p50":105766,"entrants_300s":18,"entrants_60s":18,"fee_p90":105000,"net_flow_micro":6466940},"before":{"bot_uniform_micro":0,"cu_p50":102378,"entrants_300s":2,"entrants_60s":2,"fee_p90":105000,"net_flow_micro":5369470},"event_gaps_in_window":0,"mint":"BHprQ1wTYyn9CPC6uVQffkYW8ziZTrJbr3xkVuVJpump","snapshot_drops_in_window":0,"t":1788975720000}
{"after":{"bot_uniform_micro":0,"cu_p50":72032,"entrants_300s":2,"entrants_60s":2,"fee_p90":105000,"net_flow_micro":22307},"before":{"no_prior_flow":true},"event_gaps_in_window":0,"mint":"BMPXGyRdnf9kWj1HSaE9ZWkyKiDbo6xUcBPro5vmL7hr","snapshot_drops_in_window":0,"t":1788975720000}
{"after":{"bot_uniform_micro":null,"cu_p50":null,"entrants_300s":0,"entrants_60s":0,"fee_p90":null,"net_flow_micro":-134745},"before":{"no_prior_flow":true},"event_gaps_in_window":0,"mint":"BZyEpkM16FesFHSiQFTW9rWDPjvHYQXb37PGzEtF5W4s","snapshot_drops_in_window":0,"t":1788975720000}
{"after":{"bot_uniform_micro":0,"cu_p50":138333,"entrants_300s":1,"entrants_60s":1,"fee_p90":2942500,"net_flow_micro":9436},"before":{"no_prior_flow":true},"event_gaps_in_window":0,"mint":"BitAst9t1moZhc88Ccwpk6a3gV6JmTXBEotiQmTZpump","snapshot_drops_in_window":0,"t":1788975720000}
{"after":{"bot_uniform_micro":0,"cu_p50":127571,"entrants_300s":2,"entrants_60s":1,"fee_p90":2942500,"net_flow_micro":177889},"before":{"no_prior_flow":true},"event_gaps_in_window":0,"mint":"CL36KyGaMN8Wcd5VE1RyXdYKsXTva2MigumiMz3npump","snapshot_drops_in_window":0,"t":1788975720000}
{"after":{"bot_uniform_micro":0,"cu_p50":108195,"entrants_300s":3,"entrants_60s":0,"fee_p90":573477,"net_flow_micro":-244561},"before":{"no_prior_flow":true},"event_gaps_in_window":0,"mint":"CLh7ezbjYKbVsZoqN2MCGoDsBcfN3NfUDDE8nHAipump","snapshot_drops_in_window":0,"t":1788975720000}
{"after":{"bot_uniform_micro":0,"cu_p50":200513,"entrants_300s":2,"entrants_60s":0,"fee_p90":15000,"net_flow_micro":-3396933},"before":{"no_prior_flow":true},"event_gaps_in_window":0,"mint":"CM4RLsdBrFbfCneXyvUJqBmmQsb69Hm2H6QWhcq1nX8e","snapshot_drops_in_window":0,"t":1788975720000}
{"after":{"bot_uniform_micro":0,"cu_p50":164435,"entrants_300s":2,"entrants_60s":1,"fee_p90":15000,"net_flow_micro":-3117382},"before":{"no_prior_flow":true},"event_gaps_in_window":0,"mint":"Ca8DTtL9BxZpFHqtd92fKcWaheA6A7y8t5Y9QSnipump","snapshot_drops_in_window":0,"t":1788975720000}
{"after":{"bot_uniform_micro":0,"cu_p50":276954,"entrants_300s":5,"entrants_60s":1,"fee_p90":2942500,"net_flow_micro":698845},"before":{"no_prior_flow":true},"event_gaps_in_window":0,"mint":"CyFtApDbWYjhkYFwjhKo1W9WWFu8HkXP2B7GpSt5pump","snapshot_drops_in_window":0,"t":1788975720000}
{"after":{"bot_uniform_micro":0,"cu_p50":79482,"entrants_300s":6,"entrants_60s":6,"fee_p90":1005000,"net_flow_micro":-5130372},"before":{"no_prior_flow":true},"event_gaps_in_window":0,"mint":"DCN1XGdUCMqrEXj86zF1WK9q3M8jYr8g8UBLbGVZpump","snapshot_drops_in_window":0,"t":1788975720000}
{"after":{"bot_uniform_micro":0,"cu_p50":94954,"entrants_300s":20,"entrants_60s":14,"fee_p90":1105000,"net_flow_micro":1321319},"before":{"bot_uniform_micro":0,"cu_p50":94954,"entrants_300s":3,"entrants_60s":2,"fee_p90":86290,"net_flow_micro":8063466},"event_gaps_in_window":0,"mint":"DDMR7vYbNLFimKJon4NgdJS2SFdzbiGEd7Axbs9ekTC1","snapshot_drops_in_window":0,"t":1788975720000}
{"after":{"bot_uniform_micro":0,"cu_p50":165096,"entrants_300s":3,"entrants_60s":2,"fee_p90":101014,"net_flow_micro":0},"before":{"no_prior_flow":true},"event_gaps_in_window":0,"mint":"DHrgBEWKN7EKoMZRZut8yS5pn1HCe3VJVCoM7jbgpump","snapshot_drops_in_window":0,"t":1788975720000}
{"after":{"bot_uniform_micro":750000,"cu_p50":126171,"entrants_300s":1,"entrants_60s":0,"fee_p90":96861,"net_flow_micro":471704},"before":{"no_prior_flow":true},"event_gaps_in_window":0,"mint":"DJh184vydZBMZKDuBz3MhcA97XoQGNuzvkVVB8Etpump","snapshot_drops_in_window":0,"t":1788975720000}
{"after":{"bot_uniform_micro":0,"cu_p50":122295,"entrants_300s":5,"entrants_60s":1,"fee_p90":101014,"net_flow_micro":-61759},"before":{"no_prior_flow":true},"event_gaps_in_window":0,"mint":"DW9rJNFP9ncoJjZF5jt1ej8et7ag5UTpVCgRtPJMpump","snapshot_drops_in_window":3,"t":1788975720000}
{"after":{"bot_uniform_micro":0,"cu_p50":111122,"entrants_300s":6,"entrants_60s":5,"fee_p90":410000,"net_flow_micro":-452506},"before":{"no_prior_flow":true},"event_gaps_in_window":0,"mint":"DnjxjnV5XTDKq9nMzrSPer7zKpvBmLgmd27iDwXApump","snapshot_drops_in_window":0,"t":1788975720000}
{"after":{"bot_uniform_micro":0,"cu_p50":98110,"entrants_300s":7,"entrants_60s":2,"fee_p90":1876667,"net_flow_micro":1439830},"before":{"no_prior_flow":true},"event_gaps_in_window":0,"mint":"Dp9gxFemyiHfVMTLdFhjP7h1EnHTe4Ki6fEB6Mw3pump","snapshot_drops_in_window":0,"t":1788975720000}
{"after":{"bot_uniform_micro":0,"cu_p50":133788,"entrants_300s":5,"entrants_60s":0,"fee_p90":105000,"net_flow_micro":-13700},"before":{"no_prior_flow":true},"event_gaps_in_window":0,"mint":"Dsr5iNf2Ko5scKz2pR7iaAKz4bUjquvT7KeQvB88pump","snapshot_drops_in_window":0,"t":1788975720000}
{"after":{"bot_uniform_micro":0,"cu_p50":146402,"entrants_300s":1,"entrants_60s":1,"fee_p90":99158,"net_flow_micro":168006},"before":{"no_prior_flow":true},"event_gaps_in_window":0,"mint":"DtHH4ZvyDusSzecfWnYxN1L68Jc31bN7nx8bckEmpump","snapshot_drops_in_window":0,"t":1788975720000}
{"after":{"bot_uniform_micro":0,"cu_p50":152380,"entrants_300s":3,"entrants_60s":2,"fee_p90":410000,"net_flow_micro":743911},"before":{"no_prior_flow":true},"event_gaps_in_window":0,"mint":"DvSwPkzWJrDrQY6SjSdbzzLN4A1Yyuo69WKJPBWspump","snapshot_drops_in_window":0,"t":1788975720000}
{"after":{"bot_uniform_micro":0,"cu_p50":229679,"entrants_300s":1,"entrants_60s":1,"fee_p90":15000,"net_flow_micro":9547},"before":{"no_prior_flow":true},"event_gaps_in_window":0,"mint":"DxtEgDaW4YWdRC8hbZYGiKBX4gGCzsQd8No1vPxepump","snapshot_drops_in_window":0,"t":1788975720000}
{"after":{"bot_uniform_micro":0,"cu_p50":162881,"entrants_300s":7,"entrants_60s":1,"fee_p90":15000,"net_flow_micro":-5143174},"before":{"no_prior_flow":true},"event_gaps_in_window":0,"mint":"E8PbrUKnXkNKqeW8A7J9xd729eiNAPPBKfRKxV9qpump","snapshot_drops_in_window":0,"t":1788975720000}
{"after":{"bot_uniform_micro":0,"cu_p50":104906,"entrants_300s":7,"entrants_60s":7,"fee_p90":17000,"net_flow_micro":630093},"before":{"no_prior_flow":true},"event_gaps_in_window":0,"mint":"EKY7EeT6WUAiRJNxcyTMDKcYyqESM3Ht25diPTN2pump","snapshot_drops_in_window":0,"t":1788975720000}
{"after":{"bot_uniform_micro":0,"cu_p50":308195,"entrants_300s":1,"entrants_60s":0,"fee_p90":494299,"net_flow_micro":0},"before":{"no_prior_flow":true},"event_gaps_in_window":0,"mint":"EWxUmDbsxJSFx1CbhBfexdkV1tc7Uy6VWmgACTBZ9sEx","snapshot_drops_in_window":0,"t":1788975720000}
{"after":{"bot_uniform_micro":0,"cu_p50":90941,"entrants_300s":2,"entrants_60s":0,"fee_p90":390189,"net_flow_micro":404354},"before":{"no_prior_flow":true},"event_gaps_in_window":0,"mint":"EYKzyYrf4q5zGJBszrDGjz2J2LZmGH3x7RXWpmzBpump","snapshot_drops_in_window":0,"t":1788975720000}
{"after":{"bot_uniform_micro":0,"cu_p50":89438,"entrants_300s":4,"entrants_60s":0,"fee_p90":334323,"net_flow_micro":572121},"before":{"no_prior_flow":true},"event_gaps_in_window":0,"mint":"EbJMiyPiFqozfR8qEn5CttenDQwP1xn2g3KdzCgEpump","snapshot_drops_in_window":0,"t":1788975720000}
{"after":{"bot_uniform_micro":0,"cu_p50":194379,"entrants_300s":12,"entrants_60s":0,"fee_p90":85000,"net_flow_micro":-6288466},"before":{"no_prior_flow":true},"event_gaps_in_window":0,"mint":"EgBmEUghMwGGA4Ao9V4dB7qeWwk86UDb6yyjnFL8pump","snapshot_drops_in_window":0,"t":1788975720000}
{"after":{"bot_uniform_micro":255319,"cu_p50":87515,"entrants_300s":73,"entrants_60s":0,"fee_p90":230000,"net_flow_micro":832},"before":{"bot_uniform_micro":0,"cu_p50":132214,"entrants_300s":1,"entrants_60s":0,"fee_p90":105000,"net_flow_micro":-1870223},"event_gaps_in_window":0,"mint":"En4xNuAsNRU3isSfjFPwp6aNq85zu5rciCbYzmerpump","snapshot_drops_in_window":0,"t":1788975720000}
{"after":{"bot_uniform_micro":0,"cu_p50":126845,"entrants_300s":4,"entrants_60s":4,"fee_p90":1005000,"net_flow_micro":-413636},"before":{"no_prior_flow":true},"event_gaps_in_window":0,"mint":"F1TEHaMkZFHfjqZ4b88GPTgNY1togEwZxDdxEsZVpump","snapshot_drops_in_window":0,"t":1788975720000}
{"after":{"bot_uniform_micro":0,"cu_p50":189378,"entrants_300s":18,"entrants_60s":12,"fee_p90":155000,"net_flow_micro":1916792},"before":{"no_prior_flow":true},"event_gaps_in_window":0,"mint":"FCcMhUa1MJsCZRyj17QHJuAFAK2j229T1Dc9ymjKpump","snapshot_drops_in_window":0,"t":1788975720000}
{"after":{"bot_uniform_micro":44118,"cu_p50":147941,"entrants_300s":54,"entrants_60s":9,"fee_p90":410000,"net_flow_micro":-9954731},"before":{"bot_uniform_micro":0,"cu_p50":412940,"entrants_300s":1,"entrants_60s":0,"fee_p90":494294,"net_flow_micro":171197},"event_gaps_in_window":0,"mint":"FREoocUFHTh7VepWTAtHFis3897ssDPYA1EBvdTapump","snapshot_drops_in_window":0,"t":1788975720000}
{"after":{"bot_uniform_micro":0,"cu_p50":174870,"entrants_300s":4,"entrants_60s":0,"fee_p90":101014,"net_flow_micro":35091},"before":{"no_prior_flow":true},"event_gaps_in_window":0,"mint":"FXjVgXwBia2WbnsCQT3RsB7KYtcDvefsLeJx5AEtpump","snapshot_drops_in_window":0,"t":1788975720000}
{"after":{"bot_uniform_micro":0,"cu_p50":183848,"entrants_300s":7,"entrants_60s":0,"fee_p90":15000,"net_flow_micro":-5604970},"before":{"bot_uniform_micro":null,"cu_p50":null,"entrants_300s":0,"entrants_60s":0,"fee_p90":null,"net_flow_micro":-1537759},"event_gaps_in_window":0,"mint":"FY3mQ351mRQVicM26UXZ3f2Sj92tkjhEXEsuM9YfH93e","snapshot_drops_in_window":0,"t":1788975720000}
{"after":{"bot_uniform_micro":371179,"cu_p50":98175,"entrants_300s":203,"entrants_60s":24,"fee_p90":1005000,"net_flow_micro":19196518},"before":{"bot_uniform_micro":0,"cu_p50":90641,"entrants_300s":8,"entrants_60s":0,"fee_p90":105000,"net_flow_micro":4629342},"event_gaps_in_window":0,"mint":"FaJsHUZmyHsZTRtMQ6AxYXGgoVSDsjWjZQXokUuTpump","snapshot_drops_in_window":0,"t":1788975720000}
{"after":{"bot_uniform_micro":937500,"cu_p50":136715,"entrants_300s":33,"entrants_60s":30,"fee_p90":66020,"net_flow_micro":3701037},"before":{"no_prior_flow":true},"event_gaps_in_window":0,"mint":"Fx8TMhnCVcXBUsvdKXoSwCapdCHV3x55ACxUVSkepump","snapshot_drops_in_window":0,"t":1788975720000}
{"after":{"bot_uniform_micro":666667,"cu_p50":138159,"entrants_300s":1,"entrants_60s":1,"fee_p90":9000,"net_flow_micro":907244},"before":{"no_prior_flow":true},"event_gaps_in_window":0,"mint":"GC87Z47XsT6GnrRQjXwRkHLg4qSUXrtk7dzyBpSnpump","snapshot_drops_in_window":0,"t":1788975720000}
{"after":{"bot_uniform_micro":0,"cu_p50":143570,"entrants_300s":1,"entrants_60s":1,"fee_p90":667151,"net_flow_micro":397201},"before":{"no_prior_flow":true},"event_gaps_in_window":0,"mint":"GLteMVHGWknSNvCAeVxiePAN6Fuje6yaUmEn4WvZpump","snapshot_drops_in_window":0,"t":1788975720000}
{"after":{"bot_uniform_micro":0,"cu_p50":124709,"entrants_300s":1,"entrants_60s":1,"fee_p90":9000,"net_flow_micro":729686},"before":{"no_prior_flow":true},"event_gaps_in_window":0,"mint":"GMKEreEiFEs53mPeQ9RUzYtWZ8xWbCjDFdF1wkQypump","snapshot_drops_in_window":0,"t":1788975720000}
{"after":{"bot_uniform_micro":0,"cu_p50":140031,"entrants_300s":22,"entrants_60s":3,"fee_p90":230001,"net_flow_micro":-50049},"before":{"no_prior_flow":true},"event_gaps_in_window":0,"mint":"GR867ubpr6onDw7pjSPYGsHmpLb7QL9VuBZxD3R7pump","snapshot_drops_in_window":0,"t":1788975720000}
{"after":{"bot_uniform_micro":null,"cu_p50":null,"entrants_300s":0,"entrants_60s":0,"fee_p90":null,"net_flow_micro":-20462},"before":{"no_prior_flow":true},"event_gaps_in_window":0,"mint":"GT64PB7cJs3UJnc2GYW4VFTQRyKEbzwR7DCfKFyMjRrb","snapshot_drops_in_window":0,"t":1788975720000}
{"after":{"bot_uniform_micro":0,"cu_p50":90314,"entrants_300s":2,"entrants_60s":2,"fee_p90":1094100,"net_flow_micro":4800792},"before":{"no_prior_flow":true},"event_gaps_in_window":0,"mint":"GdZK2nXMo3cAbSm3AG8f6WjgC74nyeoN92kLGHtSpump","snapshot_drops_in_window":0,"t":1788975720000}
{"after":{"bot_uniform_micro":0,"cu_p50":122396,"entrants_300s":2,"entrants_60s":2,"fee_p90":101014,"net_flow_micro":434367},"before":{"no_prior_flow":true},"event_gaps_in_window":0,"mint":"GrsFLe9UFqRL24GJe3iwXtHqNsPGx37FAvHBL6anpump","snapshot_drops_in_window":0,"t":1788975720000}
{"after":{"bot_uniform_micro":0,"cu_p50":126846,"entrants_300s":3,"entrants_60s":1,"fee_p90":101014,"net_flow_micro":66952},"before":{"no_prior_flow":true},"event_gaps_in_window":0,"mint":"Gz3q6nZzQC4vNnuggcDghvWtHToi1LweNuHSyW7Wpump","snapshot_drops_in_window":0,"t":1788975720000}
{"after":{"bot_uniform_micro":0,"cu_p50":95278,"entrants_300s":9,"entrants_60s":4,"fee_p90":1025000,"net_flow_micro":1507599},"before":{"no_prior_flow":true},"event_gaps_in_window":0,"mint":"HJk1HFcvgLqkVnEgNX1bLnXS382SAPVgiQigA7Fnpump","snapshot_drops_in_window":0,"t":1788975720000}
{"after":{"bot_uniform_micro":133333,"cu_p50":120862,"entrants_300s":9,"entrants_60s":3,"fee_p90":101014,"net_flow_micro":191853},"before":{"bot_uniform_micro":0,"cu_p50":120769,"entrants_300s":1,"entrants_60s":1,"fee_p90":101014,"net_flow_micro":71687},"event_gaps_in_window":0,"mint":"HQDeDxBwm5u7CW34LYzEheahNzw5xXej8VJaMg5Bpump","snapshot_drops_in_window":1,"t":1788975720000}
{"after":{"bot_uniform_micro":319588,"cu_p50":89189,"entrants_300s":85,"entrants_60s":13,"fee_p90":1005000,"net_flow_micro":1381050},"before":{"bot_uniform_micro":0,"cu_p50":89225,"entrants_300s":3,"entrants_60s":0,"fee_p90":77010,"net_flow_micro":362272},"event_gaps_in_window":0,"mint":"HYd5cRAFVXVVrt4D6LvtMcCmYDoQE1TDbeSa3MgLpump","snapshot_drops_in_window":0,"t":1788975720000}
{"after":{"bot_uniform_micro":0,"cu_p50":127468,"entrants_300s":2,"entrants_60s":1,"fee_p90":2942500,"net_flow_micro":56220},"before":{"no_prior_flow":true},"event_gaps_in_window":0,"mint":"HdPL4bP6smyfumoQhEPpkrAb4qpz3uvKZH4kdtFQpump","snapshot_drops_in_window":0,"t":1788975720000}
{"after":{"bot_uniform_micro":0,"cu_p50":122372,"entrants_300s":1,"entrants_60s":1,"fee_p90":101014,"net_flow_micro":4124839},"before":{"no_prior_flow":true},"event_gaps_in_window":0,"mint":"HrENr8Q1HzugCpFgsTU86FcAgNtH5hFQzSiuXKk8pump","snapshot_drops_in_window":0,"t":1788975720000}
{"after":{"bot_uniform_micro":null,"cu_p50":null,"entrants_300s":0,"entrants_60s":0,"fee_p90":null,"net_flow_micro":-55},"before":{"no_prior_flow":true},"event_gaps_in_window":0,"mint":"Hy9XZ4Ae4oKtXYfuFzWkoNV18teCTpvWWu5PFD9Bpump","snapshot_drops_in_window":0,"t":1788975720000}
{"after":{"bot_uniform_micro":75949,"cu_p50":89198,"entrants_300s":48,"entrants_60s":18,"fee_p90":762877,"net_flow_micro":-7758740},"before":{"bot_uniform_micro":0,"cu_p50":96379,"entrants_300s":1,"entrants_60s":0,"fee_p90":77010,"net_flow_micro":1273072},"event_gaps_in_window":0,"mint":"J4J7wFFndrNKhDa4rrMB9Amsqvqzk2uaJZDpStnUpump","snapshot_drops_in_window":0,"t":1788975720000}
{"after":{"bot_uniform_micro":0,"cu_p50":126922,"entrants_300s":1,"entrants_60s":1,"fee_p90":101014,"net_flow_micro":2061818},"before":{"no_prior_flow":true},"event_gaps_in_window":0,"mint":"9w5gWetsKYZdMCJAA3URwcf8arGeAQmHT13Pdvgpump","snapshot_drops_in_window":0,"t":1788975780000}
{"after":{"bot_uniform_micro":352273,"cu_p50":141147,"entrants_300s":14,"entrants_60s":0,"fee_p90":101014,"net_flow_micro":-281868},"before":{"bot_uniform_micro":0,"cu_p50":141209,"entrants_300s":1,"entrants_60s":0,"fee_p90":101014,"net_flow_micro":-800444},"event_gaps_in_window":0,"mint":"GrEpzw6CV42tY8gct9z6TZXCmCuzuPKh6eSiqD6pump","snapshot_drops_in_window":12,"t":1788975780000}
{"after":{"bot_uniform_micro":0,"cu_p50":188591,"entrants_300s":2,"entrants_60s":2,"fee_p90":14000,"net_flow_micro":372728},"before":{"no_prior_flow":true},"event_gaps_in_window":0,"mint":"JKqjiwqwFtuWLFQj4bkVgfkUDEx1RyQ9n1z7eBDpump","snapshot_drops_in_window":0,"t":1788975780000}
{"after":{"bot_uniform_micro":100000,"cu_p50":134320,"entrants_300s":5,"entrants_60s":5,"fee_p90":101014,"net_flow_micro":274551},"before":{"bot_uniform_micro":0,"cu_p50":134266,"entrants_300s":1,"entrants_60s":1,"fee_p90":101014,"net_flow_micro":-6308382},"event_gaps_in_window":0,"mint":"U17QJMm3GYxikj6sUNjN822T4BGtmcmXVWK3k13pump","snapshot_drops_in_window":0,"t":1788975780000}
{"after":{"bot_uniform_micro":333333,"cu_p50":92109,"entrants_300s":8,"entrants_60s":0,"fee_p90":175053,"net_flow_micro":139290},"before":{"bot_uniform_micro":0,"cu_p50":98066,"entrants_300s":1,"entrants_60s":0,"fee_p90":93158,"net_flow_micro":782222},"event_gaps_in_window":0,"mint":"wdEJKDmgPWDi7NrBDsjjFaGXbtv4VNUjTdCH6c31ET2","snapshot_drops_in_window":0,"t":1788975780000}
{"after":{"bot_uniform_micro":0,"cu_p50":192270,"entrants_300s":3,"entrants_60s":0,"fee_p90":15000,"net_flow_micro":-582603},"before":{"no_prior_flow":true},"event_gaps_in_window":0,"mint":"24Xh9TB4jTJCLxDY1eAEkj3N82ygNJa1QVTgdR7Spump","snapshot_drops_in_window":0,"t":1788975780000}
{"after":{"bot_uniform_micro":0,"cu_p50":123477,"entrants_300s":1,"entrants_60s":1,"fee_p90":105000,"net_flow_micro":-915918},"before":{"no_prior_flow":true},"event_gaps_in_window":0,"mint":"2PxK4JNqDe3tgvyTTksrxYkwgGqSQYomGuRWxoSFpump","snapshot_drops_in_window":0,"t":1788975780000}
{"after":{"bot_uniform_micro":584570,"cu_p50":103193,"entrants_300s":226,"entrants_60s":180,"fee_p90":1005000,"net_flow_micro":33496363},"before":{"bot_uniform_micro":0,"cu_p50":105541,"entrants_300s":24,"entrants_60s":17,"fee_p90":432903,"net_flow_micro":9187910},"event_gaps_in_window":0,"mint":"2YuFLBKqmgBsxrbVgqRXgSrzwf6wyNCkCUAqUMEGpump","snapshot_drops_in_window":0,"t":1788975780000}
{"after":{"bot_uniform_micro":0,"cu_p50":119312,"entrants_300s":4,"entrants_60s":1,"fee_p90":1005000,"net_flow_micro":0},"before":{"no_prior_flow":true},"event_gaps_in_window":0,"mint":"2ZEsNZJC9ywRoGkCaQ3SuhV94ttE8C1C7ZxuYyDHpump","snapshot_drops_in_window":0,"t":1788975780000}
{"after":{"bot_uniform_micro":0,"cu_p50":98132,"entrants_300s":6,"entrants_60s":5,"fee_p90":245002,"net_flow_micro":1085689},"before":{"no_prior_flow":true},"event_gaps_in_window":0,"mint":"2ZKkVVkHUNTf5LfPnpudB7ANtACw8X9Tw7Lgcuxwpump","snapshot_drops_in_window":0,"t":1788975780000}
{"after":{"bot_uniform_micro":null,"cu_p50":null,"entrants_300s":0,"entrants_60s":0,"fee_p90":null,"net_flow_micro":-2743},"before":{"no_prior_flow":true},"event_gaps_in_window":0,"mint":"2h2GHqhJuR5kaG6Srwk45mCZZANCYxKuNSHtYjRRpump","snapshot_drops_in_window":0,"t":1788975780000}
{"after":{"bot_uniform_micro":null,"cu_p50":null,"entrants_300s":0,"entrants_60s":0,"fee_p90":null,"net_flow_micro":-1080113},"before":{"no_prior_flow":true},"event_gaps_in_window":0,"mint":"2hZPYB8ud7RUQAHkCmWvTcqB7YH1xfTAsAoUtDnFpump","snapshot_drops_in_window":0,"t":1788975780000}
{"after":{"bot_uniform_micro":0,"cu_p50":116267,"entrants_300s":3,"entrants_60s":3,"fee_p90":496811,"net_flow_micro":106661},"before":{"no_prior_flow":true},"event_gaps_in_window":0,"mint":"3FJwqar6B5zq6YSrvmEzW4U7ubFYJw1vdya82fFepump","snapshot_drops_in_window":0,"t":1788975780000}
{"after":{"bot_uniform_micro":0,"cu_p50":120291,"entrants_300s":2,"entrants_60s":1,"fee_p90":101014,"net_flow_micro":-5345302},"before":{"no_prior_flow":true},"event_gaps_in_window":0,"mint":"3aN56TN7nwtp8UqD5xZeye42KFcazmrprhWR7Gscpump","snapshot_drops_in_window":0,"t":1788975780000}
{"after":{"bot_uniform_micro":0,"cu_p50":105679,"entrants_300s":3,"entrants_60s":0,"fee_p90":154999,"net_flow_micro":0},"before":{"no_prior_flow":true},"event_gaps_in_window":0,"mint":"3gRztBeMM6qwZ5TNGGKnD1fioe9wqxrPnerBbpydpump","snapshot_drops_in_window":0,"t":1788975780000}
{"after":{"bot_uniform_micro":125000,"cu_p50":114871,"entrants_300s":10,"entrants_60s":5,"fee_p90":101014,"net_flow_micro":-9062572},"before":{"bot_uniform_micro":0,"cu_p50":114820,"entrants_300s":1,"entrants_60s":1,"fee_p90":101014,"net_flow_micro":-5257308},"event_gaps_in_window":0,"mint":"3rswGijagm51WGXNrqYpfouThsqve2RBHaWMQgzHpump","snapshot_drops_in_window":0,"t":1788975780000}
{"after":{"bot_uniform_micro":0,"cu_p50":294503,"entrants_300s":1,"entrants_60s":0,"fee_p90":410000,"net_flow_micro":-1242035},"before":{"no_prior_flow":true},"event_gaps_in_window":0,"mint":"3wJEdMysjAyMWC7WHMmnfMrNaryZG3rL54TdXBgiAh2u","snapshot_drops_in_window":0,"t":1788975780000}
{"after":{"bot_uniform_micro":0,"cu_p50":90148,"entrants_300s":20,"entrants_60s":0,"fee_p90":3484999,"net_flow_micro":196813},"before":{"no_prior_flow":true},"event_gaps_in_window":0,"mint":"4YuoGPkpeCF1G3Hp4Ayj3M36UHiqGwbospPxWE1Dpump","snapshot_drops_in_window":0,"t":1788975780000}
{"after":{"bot_uniform_micro":null,"cu_p50":null,"entrants_300s":0,"entrants_60s":0,"fee_p90":null,"net_flow_micro":-2746926},"before":{"no_prior_flow":true},"event_gaps_in_window":0,"mint":"4wRmu5KY7X353uBHYsPJhvuRZc6MMzgsU8aGqXtupump","snapshot_drops_in_window":0,"t":1788975780000}
{"after":{"bot_uniform_micro":0,"cu_p50":114413,"entrants_300s":18,"entrants_60s":0,"fee_p90":85000,"net_flow_micro":-19333386},"before":{"no_prior_flow":true},"event_gaps_in_window":0,"mint":"5BP9TQhGK9yWd9PVPxhsA6eXYTyAZrhrzZj8JSHzpump","snapshot_drops_in_window":0,"t":1788975780000}
{"after":{"bot_uniform_micro":null,"cu_p50":null,"entrants_300s":0,"entrants_60s":0,"fee_p90":null,"net_flow_micro":-55155},"before":{"no_prior_flow":true},"event_gaps_in_window":0,"mint":"5KXYJ2XWf3qyApSRd9a22JuuDVe5hu41ym5GrhDRpump","snapshot_drops_in_window":0,"t":1788975780000}
{"after":{"bot_uniform_micro":0,"cu_p50":87011,"entrants_300s":1,"entrants_60s":0,"fee_p90":1005000,"net_flow_micro":3259},"before":{"no_prior_flow":true},"event_gaps_in_window":0,"mint":"5Sum3QmNZ8FAmr3idjDcD4UwTRAQRuD9tA2ZrX2Fpump","snapshot_drops_in_window":0,"t":1788975780000}
{"after":{"bot_uniform_micro":null,"cu_p50":null,"entrants_300s":0,"entrants_60s":0,"fee_p90":null,"net_flow_micro":-914838},"before":{"no_prior_flow":true},"event_gaps_in_window":0,"mint":"5c2dUt3MZTTqLGEBr28M9xLCiLxFvVQxgdr6ytLPpump","snapshot_drops_in_window":0,"t":1788975780000}
{"after":{"bot_uniform_micro":0,"cu_p50":135211,"entrants_300s":1,"entrants_60s":0,"fee_p90":6000,"net_flow_micro":24},"before":{"no_prior_flow":true},"event_gaps_in_window":0,"mint":"5cAz6tvPmNPQ5c6qA5RqjiQ6ea46Md3x8fUXGBHtpump","snapshot_drops_in_window":0,"t":1788975780000}
{"after":{"bot_uniform_micro":0,"cu_p50":93718,"entrants_300s":25,"entrants_60s":8,"fee_p90":1105000,"net_flow_micro":7437116},"before":{"bot_uniform_micro":0,"cu_p50":90641,"entrants_300s":3,"entrants_60s":1,"fee_p90":86290,"net_flow_micro":6040270},"event_gaps_in_window":0,"mint":"5w6dfuRf3teRRsg2hRFXVuC5taYB6eqwnypC1BJrpump","snapshot_drops_in_window":0,"t":1788975780000}
{"after":{"bot_uniform_micro":0,"cu_p50":175514,"entrants_300s":3,"entrants_60s":0,"fee_p90":558860,"net_flow_micro":525632},"before":{"no_prior_flow":true},"event_gaps_in_window":0,"mint":"659xrvMd1Vdc7TUFQ2uL8hFMmbN3i52yqRX3HTGiEbnu","snapshot_drops_in_window":0,"t":1788975780000}
{"after":{"bot_uniform_micro":232143,"cu_p50":120780,"entrants_300s":28,"entrants_60s":19,"fee_p90":101014,"net_flow_micro":10897},"before":{"bot_uniform_micro":0,"cu_p50":120314,"entrants_300s":1,"entrants_60s":1,"fee_p90":101014,"net_flow_micro":1192687},"event_gaps_in_window":0,"mint":"6J9bWqyDuVKXfNdqJNwTuVc2KSPev3SDpP4HZBFapump","snapshot_drops_in_window":10,"t":1788975780000}
{"after":{"bot_uniform_micro":0,"cu_p50":79410,"entrants_300s":1,"entrants_60s":0,"fee_p90":15000,"net_flow_micro":19556},"before":{"no_prior_flow":true},"event_gaps_in_window":0,"mint":"6NwA7EAjVW1XoHj62964dH3Lh1qHtpSEeyhnWbHSpump","snapshot_drops_in_window":0,"t":1788975780000}
{"after":{"bot_uniform_micro":null,"cu_p50":null,"entrants_300s":0,"entrants_60s":0,"fee_p90":null,"net_flow_micro":-759},"before":{"no_prior_flow":true},"event_gaps_in_window":0,"mint":"6T1BNshzGAKAHvJ3NZ5n62X2eg5rqqsMipUMZJvLpump","snapshot_drops_in_window":0,"t":1788975780000}
{"after":{"bot_uniform_micro":0,"cu_p50":120235,"entrants_300s":2,"entrants_60s":1,"fee_p90":101014,"net_flow_micro":-632364},"before":{"no_prior_flow":true},"event_gaps_in_window":0,"mint":"6Tt8w8eNciinW2HaMn9WwUhde2cEBVfU1tUTvuWQpump","snapshot_drops_in_window":0,"t":1788975780000}
{"after":{"bot_uniform_micro":142857,"cu_p50":208781,"entrants_300s":25,"entrants_60s":4,"fee_p90":410000,"net_flow_micro":1918668},"before":{"no_prior_flow":true},"event_gaps_in_window":0,"mint":"6faFcTYnxVtvtFvq3KmZbpUHmaDMsgWExKbg2QTXpump","snapshot_drops_in_window":0,"t":1788975780000}
{"after":{"bot_uniform_micro":0,"cu_p50":86256,"entrants_300s":2,"entrants_60s":0,"fee_p90":55000,"net_flow_micro":-17305},"before":{"no_prior_flow":true},"event_gaps_in_window":0,"mint":"77CHZyKTgGjysxrfgYaTWJQ1vG17NKHewHfFV2Nqpump","snapshot_drops_in_window":0,"t":1788975780000}
{"after":{"bot_uniform_micro":0,"cu_p50":85345,"entrants_300s":2,"entrants_60s":0,"fee_p90":86291,"net_flow_micro":461823},"before":{"no_prior_flow":true},"event_gaps_in_window":0,"mint":"7eiS447TVyaMEU48iAEXWtSQM4ufP9Hc9feSi8yapump","snapshot_drops_in_window":0,"t":1788975780000}
{"after":{"bot_uniform_micro":0,"cu_p50":123309,"entrants_300s":3,"entrants_60s":2,"fee_p90":101014,"net_flow_micro":109685},"before":{"no_prior_flow":true},"event_gaps_in_window":0,"mint":"7gQqeA19dTQmTWx5oTxyxX4D3z7jtMYCvx94v8LCpump","snapshot_drops_in_window":0,"t":1788975780000}
{"after":{"bot_uniform_micro":200000,"cu_p50":89285,"entrants_300s":15,"entrants_60s":1,"fee_p90":1005000,"net_flow_micro":95587},"before":{"no_prior_flow":true},"event_gaps_in_window":0,"mint":"7grQifoaY2UdTX7aHiVkpKtst18AJWadeuHi3rXbpump","snapshot_drops_in_window":0,"t":1788975780000}
{"after":{"bot_uniform_micro":0,"cu_p50":147158,"entrants_300s":4,"entrants_60s":1,"fee_p90":101014,"net_flow_micro":0},"before":{"no_prior_flow":true},"event_gaps_in_window":0,"mint":"7txoowtFfYrvMes9ZrxaCUKbzQ9o4jv8MDFSNqHgpump","snapshot_drops_in_window":0,"t":1788975780000}
{"after":{"bot_uniform_micro":0,"cu_p50":126848,"entrants_300s":6,"entrants_60s":6,"fee_p90":1005000,"net_flow_micro":914802},"before":{"no_prior_flow":true},"event_gaps_in_window":0,"mint":"85C2mLzVAbAi6bHLTX7y6HukJcWraEAKg3EdQQz5pump","snapshot_drops_in_window":0,"t":1788975780000}
{"after":{"bot_uniform_micro":0,"cu_p50":140371,"entrants_300s":47,"entrants_60s":12,"fee_p90":1005000,"net_flow_micro":-9812456},"before":{"bot_uniform_micro":0,"cu_p50":292117,"entrants_300s":1,"entrants_60s":1,"fee_p90":410000,"net_flow_micro":535709},"event_gaps_in_window":0,"mint":"8CUkfgU3w5zxWP27v9B9mef15sL23fzxYvw23wbPpump","snapshot_drops_in_window":0,"t":1788975780000}
{"after":{"bot_uniform_micro":120603,"cu_p50":147846,"entrants_300s":17,"entrants_60s":10,"fee_p90":101014,"net_flow_micro":-3919625},"before":{"bot_uniform_micro":0,"cu_p50":147820,"entrants_300s":2,"entrants_60s":2,"fee_p90":101014,"net_flow_micro":130832955},"event_gaps_in_window":0,"mint":"8JJZS5k9FtEzCxhYzB7R3r2XXoLfBtVxEjvKuxcEpump","snapshot_drops_in_window":5,"t":1788975780000}
{"after":{"bot_uniform_micro":0,"cu_p50":123037,"entrants_300s":1,"entrants_60s":0,"fee_p90":9000,"net_flow_micro":230428},"before":{"no_prior_flow":true},"event_gaps_in_window":0,"mint":"8NNG2iEQedAqcYSGV5qP5t49VXMbNEF1EhKFbQrfpump","snapshot_drops_in_window":0,"t":1788975780000}
{"after":{"bot_uniform_micro":113208,"cu_p50":122318,"entrants_300s":14,"entrants_60s":13,"fee_p90":101014,"net_flow_micro":4035},"before":{"bot_uniform_micro":0,"cu_p50":121787,"entrants_300s":1,"entrants_60s":1,"fee_p90":101014,"net_flow_micro":5072295},"event_gaps_in_window":0,"mint":"8RWvaxsLkyfFuhVbZPNzoZKudD1ZWZSipjVxvAvTpump","snapshot_drops_in_window":3,"t":1788975780000}
{"after":{"bot_uniform_micro":null,"cu_p50":null,"entrants_300s":0,"entrants_60s":0,"fee_p90":null,"net_flow_micro":-4540},"before":{"no_prior_flow":true},"event_gaps_in_window":0,"mint":"8WvuNc9Pi7y2ML2ceBfittZNbmWBrWHLK9DviAxjpump","snapshot_drops_in_window":0,"t":1788975780000}
{"after":{"bot_uniform_micro":0,"cu_p50":105589,"entrants_300s":7,"entrants_60s":0,"fee_p90":377072,"net_flow_micro":-3070996},"before":{"no_prior_flow":true},"event_gaps_in_window":0,"mint":"8Xf2TSBVx9NEfum7HmR4kELZAW9iLT264Nnj8aHepump","snapshot_drops_in_window":0,"t":1788975780000}
{"after":{"bot_uniform_micro":0,"cu_p50":128396,"entrants_300s":2,"entrants_60s":2,"fee_p90":101014,"net_flow_micro":173433},"before":{"no_prior_flow":true},"event_gaps_in_window":0,"mint":"8ZyQ1LLm8EBsbJjVnTYfNecF1GAhL5aJ5sMYyyGXpump","snapshot_drops_in_window":0,"t":1788975780000}
{"after":{"bot_uniform_micro":0,"cu_p50":76259,"entrants_300s":2,"entrants_60s":0,"fee_p90":7505001,"net_flow_micro":1327256},"before":{"no_prior_flow":true},"event_gaps_in_window":0,"mint":"8j3rbmt4EjnCxFh973v3YH6CGPzoHq6rAfXqgT3dpump","snapshot_drops_in_window":0,"t":1788975780000}
{"after":{"bot_uniform_micro":0,"cu_p50":127431,"entrants_300s":13,"entrants_60s":5,"fee_p90":125008,"net_flow_micro":2580630},"before":{"no_prior_flow":true},"event_gaps_in_window":0,"mint":"8jF7PYcSpaoSZD2EarVGuBub8VCuAEs7G88P4Eeipump","snapshot_drops_in_window":0,"t":1788975780000}
{"after":{"bot_uniform_micro":0,"cu_p50":90694,"entrants_300s":20,"entrants_60s":1,"fee_p90":92500,"net_flow_micro":4784325},"before":{"bot_uniform_micro":0,"cu_p50":87644,"entrants_300s":1,"entrants_60s":0,"fee_p90":9000,"net_flow_micro":354656},"event_gaps_in_window":0,"mint":"8kEuFRzK9yks1UuNnDeFaCCmgMsuVmbKKfrL9dEypump","snapshot_drops_in_window":0,"t":1788975780000}
{"after":{"bot_uniform_micro":0,"cu_p50":99915,"entrants_300s":7,"entrants_60s":0,"fee_p90":1005000,"net_flow_micro":47549},"before":{"no_prior_flow":true},"event_gaps_in_window":0,"mint":"91B3uWtFe5skiED54V63BbTDAZBYZdngaBTg93pLpump","snapshot_drops_in_window":0,"t":1788975780000}
{"after":{"bot_uniform_micro":0,"cu_p50":84883,"entrants_300s":4,"entrants_60s":0,"fee_p90":65000,"net_flow_micro":855591},"before":{"no_prior_flow":true},"event_gaps_in_window":0,"mint":"94nqQnFCAMjmRzB4wAfg2VbAz5o3pduxndKysJi1pump","snapshot_drops_in_window":0,"t":1788975780000}
{"after":{"bot_uniform_micro":0,"cu_p50":120844,"entrants_300s":3,"entrants_60s":3,"fee_p90":101014,"net_flow_micro":53770},"before":{"no_prior_flow":true},"event_gaps_in_window":0,"mint":"97JfxSTAAyuLUzjakvb7Pshi4CJqkS5tLs9auCMCpump","snapshot_drops_in_window":0,"t":1788975780000}
{"after":{"bot_uniform_micro":0,"cu_p50":131221,"entrants_300s":2,"entrants_60s":1,"fee_p90":101014,"net_flow_micro":0},"before":{"no_prior_flow":true},"event_gaps_in_window":0,"mint":"9FoL2LHvYPstiyR32gJwnKwXTpwb7DfeRJ6AGFNmpump","snapshot_drops_in_window":0,"t":1788975780000}
{"after":{"bot_uniform_micro":0,"cu_p50":190870,"entrants_300s":3,"entrants_60s":3,"fee_p90":80001,"net_flow_micro":1411765},"before":{"no_prior_flow":true},"event_gaps_in_window":0,"mint":"9R951MThv8Ae9NzjjUuesQuNN1p3hYqcWupq8tyZpump","snapshot_drops_in_window":0,"t":1788975780000}
{"after":{"bot_uniform_micro":370370,"cu_p50":83754,"entrants_300s":17,"entrants_60s":4,"fee_p90":1005000,"net_flow_micro":7012163},"before":{"bot_uniform_micro":0,"cu_p50":104063,"entrants_300s":2,"entrants_60s":1,"fee_p90":1005000,"net_flow_micro":4703210},"event_gaps_in_window":0,"mint":"9UkQpLXBJXFRiwH69HqSt52mwmZrL5VYiBiwzAtqpump","snapshot_drops_in_window":0,"t":1788975780000}
{"after":{"bot_uniform_micro":272727,"cu_p50":99895,"entrants_300s":11,"entrants_60s":11,"fee_p90":1005000,"net_flow_micro":2490045},"before":{"no_prior_flow":true},"event_gaps_in_window":0,"mint":"9XWis7JGAdnEtm6dS8tJxCkuNCTF9Zj5NEAXuANwpump","snapshot_drops_in_window":0,"t":1788975780000}
{"after":{"bot_uniform_micro":0,"cu_p50":122344,"entrants_300s":3,"entrants_60s":2,"fee_p90":101014,"net_flow_micro":0},"before":{"no_prior_flow":true},"event_gaps_in_window":0,"mint":"9gMwj5SdDnsaUxrbkz6XNFBZFGGDuzJhX4ARaNCkpump","snapshot_drops_in_window":0,"t":1788975780000}
{"after":{"bot_uniform_micro":null,"cu_p50":null,"entrants_300s":0,"entrants_60s":0,"fee_p90":null,"net_flow_micro":-92951},"before":{"no_prior_flow":true},"event_gaps_in_window":0,"mint":"9t7R8JPsed1jozxCaRKDiNyivYewN4wBZFWTtAVCquLW","snapshot_drops_in_window":0,"t":1788975780000}
{"after":{"bot_uniform_micro":290456,"cu_p50":147730,"entrants_300s":173,"entrants_60s":37,"fee_p90":1005000,"net_flow_micro":7860646},"before":{"bot_uniform_micro":0,"cu_p50":111198,"entrants_300s":7,"entrants_60s":0,"fee_p90":702211,"net_flow_micro":3077970},"event_gaps_in_window":0,"mint":"A1saYxATRfsHMop5J7kRnRJBn3Yckho1D2m146impump","snapshot_drops_in_window":0,"t":1788975780000}
{"after":{"bot_uniform_micro":194444,"cu_p50":153967,"entrants_300s":28,"entrants_60s":4,"fee_p90":405000,"net_flow_micro":2545038},"before":{"no_prior_flow":true},"event_gaps_in_window":0,"mint":"A3axJLvQXKj2i2gEMkSq9gx7pC77CDYEcnZi6xPEpump","snapshot_drops_in_window":0,"t":1788975780000}
{"after":{"bot_uniform_micro":0,"cu_p50":105721,"entrants_300s":15,"entrants_60s":15,"fee_p90":1025000,"net_flow_micro":5104025},"before":{"no_prior_flow":true},"event_gaps_in_window":0,"mint":"A56gtWXL96fS94zo5C36WCKHtdRC1unGrtXUHDCGpump","snapshot_drops_in_window":0,"t":1788975780000}
{"after":{"bot_uniform_micro":0,"cu_p50":74101,"entrants_300s":1,"entrants_60s":0,"fee_p90":189803,"net_flow_micro":-3146912},"before":{"no_prior_flow":true},"event_gaps_in_window":0,"mint":"AFTACG2NuoQto8cDo4J5mTUHm4kJhBop4Ez6KsWzpump","snapshot_drops_in_window":0,"t":1788975780000}
{"after":{"bot_uniform_micro":0,"cu_p50":225985,"entrants_300s":3,"entrants_60s":0,"fee_p90":410000,"net_flow_micro":-337108},"before":{"no_prior_flow":true},"event_gaps_in_window":0,"mint":"AScFao7bzbdJh7rBiF4yFqcY26dPdRqGffRttTYMpump","snapshot_drops_in_window":0,"t":1788975780000}
{"after":{"bot_uniform_micro":0,"cu_p50":76397,"entrants_300s":2,"entrants_60s":0,"fee_p90":91654,"net_flow_micro":-5894413},"before":{"no_prior_flow":true},"event_gaps_in_window":0,"mint":"AiwefDnXbePPvEd4bK95ccVPr3C8oUoBLYraHSTRpump","snapshot_drops_in_window":0,"t":1788975780000}
{"after":{"bot_uniform_micro":0,"cu_p50":68623,"entrants_300s":2,"entrants_60s":0,"fee_p90":60100,"net_flow_micro":742430},"before":{"no_prior_flow":true},"event_gaps_in_window":0,"mint":"AmeVaqAs3uEyzKvogy3qpbTkZ4gnAfLhnLAyFji7pump","snapshot_drops_in_window":0,"t":1788975780000}
{"after":{"bot_uniform_micro":0,"cu_p50":133203,"entrants_300s":13,"entrants_60s":3,"fee_p90":367242,"net_flow_micro":-4367133},"before":{"no_prior_flow":true},"event_gaps_in_window":0,"mint":"AqZSLRg9uMVAREFQCEyy37wCJmQ7T4QYjJUURSmbpump","snapshot_drops_in_window":0,"t":1788975780000}
{"after":{"bot_uniform_micro":null,"cu_p50":null,"entrants_300s":0,"entrants_60s":0,"fee_p90":null,"net_flow_micro":-6574820},"before":{"bot_uniform_micro":null,"cu_p50":null,"entrants_300s":0,"entrants_60s":0,"fee_p90":null,"net_flow_micro":-2203800},"event_gaps_in_window":0,"mint":"BEJYE9PJK1cbirxqcuujjeiMu5Nt3KgLSKECzBH5pump","snapshot_drops_in_window":0,"t":1788975780000}
{"after":{"bot_uniform_micro":0,"cu_p50":104845,"entrants_300s":14,"entrants_60s":10,"fee_p90":410000,"net_flow_micro":1985365},"before":{"no_prior_flow":true},"event_gaps_in_window":0,"mint":"BHQSkrUTJukngMKtDhksGfG9VXj6K82DrNR3CybLpump","snapshot_drops_in_window":0,"t":1788975780000}
{"after":{"bot_uniform_micro":260870,"cu_p50":102666,"entrants_300s":65,"entrants_60s":48,"fee_p90":1105000,"net_flow_micro":22245702},"before":{"bot_uniform_micro":0,"cu_p50":102378,"entrants_300s":4,"entrants_60s":2,"fee_p90":1025000,"net_flow_micro":10173748},"event_gaps_in_window":0,"mint":"BHprQ1wTYyn9CPC6uVQffkYW8ziZTrJbr3xkVuVJpump","snapshot_drops_in_window":0,"t":1788975780000}
{"after":{"bot_uniform_micro":0,"cu_p50":72032,"entrants_300s":2,"entrants_60s":0,"fee_p90":105000,"net_flow_micro":22307},"before":{"no_prior_flow":true},"event_gaps_in_window":0,"mint":"BMPXGyRdnf9kWj1HSaE9ZWkyKiDbo6xUcBPro5vmL7hr","snapshot_drops_in_window":0,"t":1788975780000}
{"after":{"bot_uniform_micro":null,"cu_p50":null,"entrants_300s":0,"entrants_60s":0,"fee_p90":null,"net_flow_micro":-134745},"before":{"no_prior_flow":true},"event_gaps_in_window":0,"mint":"BZyEpkM16FesFHSiQFTW9rWDPjvHYQXb37PGzEtF5W4s","snapshot_drops_in_window":0,"t":1788975780000}
{"after":{"bot_uniform_micro":0,"cu_p50":87641,"entrants_300s":10,"entrants_60s":9,"fee_p90":159000,"net_flow_micro":2707781},"before":{"bot_uniform_micro":0,"cu_p50":84618,"entrants_300s":2,"entrants_60s":2,"fee_p90":9000,"net_flow_micro":1713326},"event_gaps_in_window":0,"mint":"BitAst9t1moZhc88Ccwpk6a3gV6JmTXBEotiQmTZpump","snapshot_drops_in_window":0,"t":1788975780000}
{"after":{"bot_uniform_micro":null,"cu_p50":null,"entrants_300s":0,"entrants_60s":0,"fee_p90":null,"net_flow_micro":-1848211},"before":{"no_prior_flow":true},"event_gaps_in_window":0,"mint":"BuvKzyWyeCGHLLVmB2wdgdVLGjE4ib537Sp5N1e81xqf","snapshot_drops_in_window":0,"t":1788975780000}
{"after":{"bot_uniform_micro":0,"cu_p50":127571,"entrants_300s":3,"entrants_60s":1,"fee_p90":2942500,"net_flow_micro":177889},"before":{"no_prior_flow":true},"event_gaps_in_window":0,"mint":"CL36KyGaMN8Wcd5VE1RyXdYKsXTva2MigumiMz3npump","snapshot_drops_in_window":0,"t":1788975780000}
{"after":{"bot_uniform_micro":0,"cu_p50":108195,"entrants_300s":5,"entrants_60s":2,"fee_p90":1005000,"net_flow_micro":41790},"before":{"no_prior_flow":true},"event_gaps_in_window":0,"mint":"CLh7ezbjYKbVsZoqN2MCGoDsBcfN3NfUDDE8nHAipump","snapshot_drops_in_window":0,"t":1788975780000}
{"after":{"bot_uniform_micro":0,"cu_p50":200513,"entrants_300s":2,"entrants_60s":0,"fee_p90":15000,"net_flow_micro":-3396933},"before":{"no_prior_flow":true},"event_gaps_in_window":0,"mint":"CM4RLsdBrFbfCneXyvUJqBmmQsb69Hm2H6QWhcq1nX8e","snapshot_drops_in_window":0,"t":1788975780000}
{"after":{"bot_uniform_micro":0,"cu_p50":128347,"entrants_300s":5,"entrants_60s":5,"fee_p90":101014,"net_flow_micro":532608},"before":{"no_prior_flow":true},"event_gaps_in_window":0,"mint":"CN8YLAXKU8gqocqaoxMHwGas8XVfHLC4EZcyJQzTpump","snapshot_drops_in_window":0,"t":1788975780000}
{"after":{"bot_uniform_micro":0,"cu_p50":164435,"entrants_300s":2,"entrants_60s":0,"fee_p90":15000,"net_flow_micro":-3117382},"before":{"no_prior_flow":true},"event_gaps_in_window":0,"mint":"Ca8DTtL9BxZpFHqtd92fKcWaheA6A7y8t5Y9QSnipump","snapshot_drops_in_window":0,"t":1788975780000}
{"after":{"bot_uniform_micro":0,"cu_p50":276954,"entrants_300s":7,"entrants_60s":3,"fee_p90":838483,"net_flow_micro":1849576},"before":{"no_prior_flow":true},"event_gaps_in_window":0,"mint":"CyFtApDbWYjhkYFwjhKo1W9WWFu8HkXP2B7GpSt5pump","snapshot_drops_in_window":0,"t":1788975780000}
{"after":{"bot_uniform_micro":0,"cu_p50":89166,"entrants_300s":2,"entrants_60s":2,"fee_p90":1205000,"net_flow_micro":1672106},"before":{"no_prior_flow":true},"event_gaps_in_window":0,"mint":"D1MqfkVtcTftYnLChCZ4ENiHh1aKKMGxNy13WMsJpump","snapshot_drops_in_window":0,"t":1788975780000}
{"after":{"bot_uniform_micro":0,"cu_p50":79482,"entrants_300s":8,"entrants_60s":3,"fee_p90":1005000,"net_flow_micro":-5158171},"before":{"no_prior_flow":true},"event_gaps_in_window":0,"mint":"DCN1XGdUCMqrEXj86zF1WK9q3M8jYr8g8UBLbGVZpump","snapshot_drops_in_window":0,"t":1788975780000}
{"after":{"bot_uniform_micro":0,"cu_p50":94248,"entrants_300s":23,"entrants_60s":4,"fee_p90":1105000,"net_flow_micro":-3958582},"before":{"bot_uniform_micro":0,"cu_p50":94954,"entrants_300s":3,"entrants_60s":0,"fee_p90":86290,"net_flow_micro":8063466},"event_gaps_in_window":0,"mint":"DDMR7vYbNLFimKJon4NgdJS2SFdzbiGEd7Axbs9ekTC1","snapshot_drops_in_window":0,"t":1788975780000}
{"after":{"bot_uniform_micro":750000,"cu_p50":126171,"entrants_300s":1,"entrants_60s":0,"fee_p90":96861,"net_flow_micro":471704},"before":{"no_prior_flow":true},"event_gaps_in_window":0,"mint":"DJh184vydZBMZKDuBz3MhcA97XoQGNuzvkVVB8Etpump","snapshot_drops_in_window":0,"t":1788975780000}
{"after":{"bot_uniform_micro":0,"cu_p50":117199,"entrants_300s":1,"entrants_60s":1,"fee_p90":101014,"net_flow_micro":-576},"before":{"no_prior_flow":true},"event_gaps_in_window":0,"mint":"Db3R16VcBSFPsmAiToqZwJ9A1wG3nFePM2vUw1d4pump","snapshot_drops_in_window":0,"t":1788975780000}
{"after":{"bot_uniform_micro":0,"cu_p50":133636,"entrants_300s":7,"entrants_60s":1,"fee_p90":410000,"net_flow_micro":-4878662},"before":{"no_prior_flow":true},"event_gaps_in_window":0,"mint":"DnjxjnV5XTDKq9nMzrSPer7zKpvBmLgmd27iDwXApump","snapshot_drops_in_window":0,"t":1788975780000}
{"after":{"bot_uniform_micro":0,"cu_p50":94358,"entrants_300s":9,"entrants_60s":2,"fee_p90":1876667,"net_flow_micro":1489707},"before":{"no_prior_flow":true},"event_gaps_in_window":0,"mint":"Dp9gxFemyiHfVMTLdFhjP7h1EnHTe4Ki6fEB6Mw3pump","snapshot_drops_in_window":0,"t":1788975780000}
{"after":{"bot_uniform_micro":0,"cu_p50":133788,"entrants_300s":5,"entrants_60s":0,"fee_p90":105000,"net_flow_micro":-13700},"before":{"no_prior_flow":true},"event_gaps_in_window":0,"mint":"Dsr5iNf2Ko5scKz2pR7iaAKz4bUjquvT7KeQvB88pump","snapshot_drops_in_window":0,"t":1788975780000}
{"after":{"bot_uniform_micro":0,"cu_p50":146402,"entrants_300s":1,"entrants_60s":0,"fee_p90":99158,"net_flow_micro":168006},"before":{"no_prior_flow":true},"event_gaps_in_window":0,"mint":"DtHH4ZvyDusSzecfWnYxN1L68Jc31bN7nx8bckEmpump","snapshot_drops_in_window":0,"t":1788975780000}
{"after":{"bot_uniform_micro":0,"cu_p50":152380,"entrants_300s":3,"entrants_60s":0,"fee_p90":410000,"net_flow_micro":743911},"before":{"no_prior_flow":true},"event_gaps_in_window":0,"mint":"DvSwPkzWJrDrQY6SjSdbzzLN4A1Yyuo69WKJPBWspump","snapshot_drops_in_window":0,"t":1788975780000}
{"after":{"bot_uniform_micro":0,"cu_p50":154543,"entrants_300s":1,"entrants_60s":1,"fee_p90":15000,"net_flow_micro":20740},"before":{"no_prior_flow":true},"event_gaps_in_window":0,"mint":"DxtEgDaW4YWdRC8hbZYGiKBX4gGCzsQd8No1vPxepump","snapshot_drops_in_window":0,"t":1788975780000}
{"after":{"bot_uniform_micro":0,"cu_p50":162881,"entrants_300s":7,"entrants_60s":0,"fee_p90":15000,"net_flow_micro":-5439946},"before":{"no_prior_flow":true},"event_gaps_in_window":0,"mint":"E8PbrUKnXkNKqeW8A7J9xd729eiNAPPBKfRKxV9qpump","snapshot_drops_in_window":0,"t":1788975780000}
{"after":{"bot_uniform_micro":0,"cu_p50":104831,"entrants_300s":20,"entrants_60s":13,"fee_p90":410000,"net_flow_micro":4956767},"before":{"no_prior_flow":true},"event_gaps_in_window":0,"mint":"EKY7EeT6WUAiRJNxcyTMDKcYyqESM3Ht25diPTN2pump","snapshot_drops_in_window":0,"t":1788975780000}
{"after":{"bot_uniform_micro":0,"cu_p50":93678,"entrants_300s":1,"entrants_60s":1,"fee_p90":6000,"net_flow_micro":753023},"before":{"no_prior_flow":true},"event_gaps_in_window":0,"mint":"EWfb1SZmwgbM33ak9D9inPnLm78mwJDGce4jyiK4pump","snapshot_drops_in_window":0,"t":1788975780000}
{"after":{"bot_uniform_micro":0,"cu_p50":308195,"entrants_300s":1,"entrants_60s":0,"fee_p90":494299,"net_flow_micro":0},"before":{"no_prior_flow":true},"event_gaps_in_window":0,"mint":"EWxUmDbsxJSFx1CbhBfexdkV1tc7Uy6VWmgACTBZ9sEx","snapshot_drops_in_window":0,"t":1788975780000}
{"after":{"bot_uniform_micro":0,"cu_p50":134373,"entrants_300s":4,"entrants_60s":3,"fee_p90":802462,"net_flow_micro":1012930},"before":{"no_prior_flow":true},"event_gaps_in_window":0,"mint":"EYKzyYrf4q5zGJBszrDGjz2J2LZmGH3x7RXWpmzBpump","snapshot_drops_in_window":0,"t":1788975780000}
{"after":{"bot_uniform_micro":0,"cu_p50":89438,"entrants_300s":4,"entrants_60s":0,"fee_p90":334323,"net_flow_micro":539930},"before":{"no_prior_flow":true},"event_gaps_in_window":0,"mint":"EbJMiyPiFqozfR8qEn5CttenDQwP1xn2g3KdzCgEpump","snapshot_drops_in_window":0,"t":1788975780000}
{"after":{"bot_uniform_micro":null,"cu_p50":null,"entrants_300s":0,"entrants_60s":0,"fee_p90":null,"net_flow_micro":-1097360},"before":{"no_prior_flow":true},"event_gaps_in_window":0,"mint":"EwzdTm98vnwetWYXucw5qCEsFBwwC7oQjsmHT6d7pump","snapshot_drops_in_window":0,"t":1788975780000}
{"after":{"bot_uniform_micro":0,"cu_p50":126770,"entrants_300s":9,"entrants_60s":6,"fee_p90":101014,"net_flow_micro":-524489},"before":{"no_prior_flow":true},"event_gaps_in_window":0,"mint":"F1TEHaMkZFHfjqZ4b88GPTgNY1togEwZxDdxEsZVpump","snapshot_drops_in_window":0,"t":1788975780000}
{"after":{"bot_uniform_micro":131579,"cu_p50":136698,"entrants_300s":33,"entrants_60s":17,"fee_p90":410000,"net_flow_micro":2955093},"before":{"no_prior_flow":true},"event_gaps_in_window":0,"mint":"FCcMhUa1MJsCZRyj17QHJuAFAK2j229T1Dc9ymjKpump","snapshot_drops_in_window":0,"t":1788975780000}
{"after":{"bot_uniform_micro":76923,"cu_p50":139814,"entrants_300s":57,"entrants_60s":7,"fee_p90":405000,"net_flow_micro":-6925787},"before":{"bot_uniform_micro":0,"cu_p50":412940,"entrants_300s":1,"entrants_60s":0,"fee_p90":494294,"net_flow_micro":-476382},"event_gaps_in_window":0,"mint":"FREoocUFHTh7VepWTAtHFis3897ssDPYA1EBvdTapump","snapshot_drops_in_window":0,"t":1788975780000}
{"after":{"bot_uniform_micro":0,"cu_p50":174870,"entrants_300s":4,"entrants_60s":0,"fee_p90":101014,"net_flow_micro":35091},"before":{"no_prior_flow":true},"event_gaps_in_window":0,"mint":"FXjVgXwBia2WbnsCQT3RsB7KYtcDvefsLeJx5AEtpump","snapshot_drops_in_window":0,"t":1788975780000}
{"after":{"bot_uniform_micro":0,"cu_p50":183848,"entrants_300s":7,"entrants_60s":0,"fee_p90":15000,"net_flow_micro":-5630958},"before":{"bot_uniform_micro":null,"cu_p50":null,"entrants_300s":0,"entrants_60s":0,"fee_p90":null,"net_flow_micro":-1537759},"event_gaps_in_window":0,"mint":"FY3mQ351mRQVicM26UXZ3f2Sj92tkjhEXEsuM9YfH93e","snapshot_drops_in_window":0,"t":1788975780000}
{"after":{"bot_uniform_micro":345238,"cu_p50":101133,"entrants_300s":219,"entrants_60s":20,"fee_p90":1005000,"net_flow_micro":17055911},"before":{"bot_uniform_micro":0,"cu_p50":90641,"entrants_300s":8,"entrants_60s":0,"fee_p90":105000,"net_flow_micro":2930569},"event_gaps_in_window":0,"mint":"FaJsHUZmyHsZTRtMQ6AxYXGgoVSDsjWjZQXokUuTpump","snapshot_drops_in_window":0,"t":1788975780000}
{"after":{"bot_uniform_micro":927536,"cu_p50":136715,"entrants_300s":36,"entrants_60s":4,"fee_p90":66020,"net_flow_micro":3992437},"before":{"no_prior_flow":true},"event_gaps_in_window":0,"mint":"Fx8TMhnCVcXBUsvdKXoSwCapdCHV3x55ACxUVSkepump","snapshot_drops_in_window":0,"t":1788975780000}
{"after":{"bot_uniform_micro":666667,"cu_p50":138159,"entrants_300s":1,"entrants_60s":0,"fee_p90":9000,"net_flow_micro":907244},"before":{"no_prior_flow":true},"event_gaps_in_window":0,"mint":"GC87Z47XsT6GnrRQjXwRkHLg4qSUXrtk7dzyBpSnpump","snapshot_drops_in_window":0,"t":1788975780000}
{"after":{"bot_uniform_micro":0,"cu_p50":143570,"entrants_300s":1,"entrants_60s":1,"fee_p90":667151,"net_flow_micro":501461},"before":{"no_prior_flow":true},"event_gaps_in_window":0,"mint":"GLteMVHGWknSNvCAeVxiePAN6Fuje6yaUmEn4WvZpump","snapshot_drops_in_window":0,"t":1788975780000}
{"after":{"bot_uniform_micro":0,"cu_p50":124749,"entrants_300s":1,"entrants_60s":1,"fee_p90":9000,"net_flow_micro":0},"before":{"no_prior_flow":true},"event_gaps_in_window":0,"mint":"GMKEreEiFEs53mPeQ9RUzYtWZ8xWbCjDFdF1wkQypump","snapshot_drops_in_window":0,"t":1788975780000}
{"after":{"bot_uniform_micro":0,"cu_p50":138059,"entrants_300s":27,"entrants_60s":7,"fee_p90":1005000,"net_flow_micro":-4228039},"before":{"bot_uniform_micro":0,"cu_p50":268608,"entrants_300s":1,"entrants_60s":1,"fee_p90":410000,"net_flow_micro":-724283},"event_gaps_in_window":0,"mint":"GR867ubpr6onDw7pjSPYGsHmpLb7QL9VuBZxD3R7pump","snapshot_drops_in_window":0,"t":1788975780000}
{"after":{"bot_uniform_micro":null,"cu_p50":null,"entrants_300s":0,"entrants_60s":0,"fee_p90":null,"net_flow_micro":-1096009},"before":{"no_prior_flow":true},"event_gaps_in_window":0,"mint":"GT64PB7cJs3UJnc2GYW4VFTQRyKEbzwR7DCfKFyMjRrb","snapshot_drops_in_window":0,"t":1788975780000}
{"after":{"bot_uniform_micro":0,"cu_p50":90314,"entrants_300s":2,"entrants_60s":0,"fee_p90":1094100,"net_flow_micro":4800792},"before":{"no_prior_flow":true},"event_gaps_in_window":0,"mint":"GdZK2nXMo3cAbSm3AG8f6WjgC74nyeoN92kLGHtSpump","snapshot_drops_in_window":0,"t":1788975780000}
{"after":{"bot_uniform_micro":0,"cu_p50":122397,"entrants_300s":2,"entrants_60s":2,"fee_p90":101014,"net_flow_micro":0},"before":{"no_prior_flow":true},"event_gaps_in_window":0,"mint":"GrsFLe9UFqRL24GJe3iwXtHqNsPGx37FAvHBL6anpump","snapshot_drops_in_window":0,"t":1788975780000}
{"after":{"bot_uniform_micro":0,"cu_p50":126862,"entrants_300s":3,"entrants_60s":1,"fee_p90":101014,"net_flow_micro":54421},"before":{"no_prior_flow":true},"event_gaps_in_window":0,"mint":"Gz3q6nZzQC4vNnuggcDghvWtHToi1LweNuHSyW7Wpump","snapshot_drops_in_window":0,"t":1788975780000}
{"after":{"bot_uniform_micro":0,"cu_p50":89302,"entrants_300s":10,"entrants_60s":1,"fee_p90":1025000,"net_flow_micro":2046366},"before":{"no_prior_flow":true},"event_gaps_in_window":0,"mint":"HJk1HFcvgLqkVnEgNX1bLnXS382SAPVgiQigA7Fnpump","snapshot_drops_in_window":0,"t":1788975780000}
{"after":{"bot_uniform_micro":240385,"cu_p50":120819,"entrants_300s":16,"entrants_60s":9,"fee_p90":101014,"net_flow_micro":34525},"before":{"bot_uniform_micro":0,"cu_p50":120316,"entrants_300s":1,"entrants_60s":1,"fee_p90":101014,"net_flow_micro":1899960},"event_gaps_in_window":0,"mint":"HQDeDxBwm5u7CW34LYzEheahNzw5xXej8VJaMg5Bpump","snapshot_drops_in_window":1,"t":1788975780000}
{"after":{"bot_uniform_micro":326531,"cu_p50":89189,"entrants_300s":85,"entrants_60s":1,"fee_p90":1005000,"net_flow_micro":1357822},"before":{"bot_uniform_micro":0,"cu_p50":89225,"entrants_300s":3,"entrants_60s":0,"fee_p90":77010,"net_flow_micro":362272},"event_gaps_in_window":0,"mint":"HYd5cRAFVXVVrt4D6LvtMcCmYDoQE1TDbeSa3MgLpump","snapshot_drops_in_window":0,"t":1788975780000}
{"after":{"bot_uniform_micro":0,"cu_p50":127468,"entrants_300s":2,"entrants_60s":0,"fee_p90":2942500,"net_flow_micro":56220},"before":{"no_prior_flow":true},"event_gaps_in_window":0,"mint":"HdPL4bP6smyfumoQhEPpkrAb4qpz3uvKZH4kdtFQpump","snapshot_drops_in_window":0,"t":1788975780000}
{"after":{"bot_uniform_micro":0,"cu_p50":122372,"entrants_300s":2,"entrants_60s":2,"fee_p90":101014,"net_flow_micro":-105323},"before":{"no_prior_flow":true},"event_gaps_in_window":0,"mint":"HrENr8Q1HzugCpFgsTU86FcAgNtH5hFQzSiuXKk8pump","snapshot_drops_in_window":0,"t":1788975780000}
{"after":{"bot_uniform_micro":0,"cu_p50":131919,"entrants_300s":1,"entrants_60s":1,"fee_p90":5000,"net_flow_micro":-49},"before":{"no_prior_flow":true},"event_gaps_in_window":0,"mint":"Hy9XZ4Ae4oKtXYfuFzWkoNV18teCTpvWWu5PFD9Bpump","snapshot_drops_in_window":0,"t":1788975780000}
{"after":{"bot_uniform_micro":144578,"cu_p50":89198,"entrants_300s":49,"entrants_60s":3,"fee_p90":762877,"net_flow_micro":-9362262},"before":{"bot_uniform_micro":0,"cu_p50":96379,"entrants_300s":1,"entrants_60s":0,"fee_p90":77010,"net_flow_micro":1273072},"event_gaps_in_window":0,"mint":"J4J7wFFndrNKhDa4rrMB9Amsqvqzk2uaJZDpStnUpump","snapshot_drops_in_window":0,"t":1788975780000}
{"after":{"bot_uniform_micro":0,"cu_p50":126843,"entrants_300s":1,"entrants_60s":1,"fee_p90":101014,"net_flow_micro":4284134},"before":{"no_prior_flow":true},"event_gaps_in_window":0,"mint":"9w5gWetsKYZdMCJAA3URwcf8arGeAQmHT13Pdvgpump","snapshot_drops_in_window":0,"t":1788975840000}
{"after":{"bot_uniform_micro":352273,"cu_p50":141147,"entrants_300s":14,"entrants_60s":0,"fee_p90":101014,"net_flow_micro":-281868},"before":{"bot_uniform_micro":0,"cu_p50":141209,"entrants_300s":1,"entrants_60s":0,"fee_p90":101014,"net_flow_micro":-800444},"event_gaps_in_window":0,"mint":"GrEpzw6CV42tY8gct9z6TZXCmCuzuPKh6eSiqD6pump","snapshot_drops_in_window":12,"t":1788975840000}
{"after":{"bot_uniform_micro":0,"cu_p50":190201,"entrants_300s":2,"entrants_60s":2,"fee_p90":14000,"net_flow_micro":659379},"before":{"no_prior_flow":true},"event_gaps_in_window":0,"mint":"JKqjiwqwFtuWLFQj4bkVgfkUDEx1RyQ9n1z7eBDpump","snapshot_drops_in_window":0,"t":1788975840000}
{"after":{"bot_uniform_micro":237624,"cu_p50":134319,"entrants_300s":8,"entrants_60s":6,"fee_p90":101014,"net_flow_micro":96120},"before":{"bot_uniform_micro":0,"cu_p50":134423,"entrants_300s":1,"entrants_60s":1,"fee_p90":101014,"net_flow_micro":-4091409},"event_gaps_in_window":0,"mint":"U17QJMm3GYxikj6sUNjN822T4BGtmcmXVWK3k13pump","snapshot_drops_in_window":6,"t":1788975840000}
{"after":{"bot_uniform_micro":0,"cu_p50":123899,"entrants_300s":3,"entrants_60s":3,"fee_p90":101014,"net_flow_micro":0},"before":{"no_prior_flow":true},"event_gaps_in_window":0,"mint":"at84RKHzCJZkBvXF21dzw7n7GQYZ5WKNpJhFVd2pump","snapshot_drops_in_window":0,"t":1788975840000}
{"after":{"bot_uniform_micro":0,"cu_p50":131562,"entrants_300s":1,"entrants_60s":1,"fee_p90":9000,"net_flow_micro":-3200},"before":{"no_prior_flow":true},"event_gaps_in_window":0,"mint":"bDoDw5tguoEEuEeNHjSX587TBpzBq6be8wzdPCYpump","snapshot_drops_in_window":0,"t":1788975840000}
{"after":{"bot_uniform_micro":333333,"cu_p50":92109,"entrants_300s":8,"entrants_60s":0,"fee_p90":175053,"net_flow_micro":139290},"before":{"bot_uniform_micro":0,"cu_p50":98066,"entrants_300s":1,"entrants_60s":0,"fee_p90":93158,"net_flow_micro":782222},"event_gaps_in_window":0,"mint":"wdEJKDmgPWDi7NrBDsjjFaGXbtv4VNUjTdCH6c31ET2","snapshot_drops_in_window":0,"t":1788975840000}
{"after":{"bot_uniform_micro":0,"cu_p50":113603,"entrants_300s":15,"entrants_60s":15,"fee_p90":1005000,"net_flow_micro":429322},"before":{"no_prior_flow":true},"event_gaps_in_window":0,"mint":"y2dmN5bpXpTAdBu5SSVv6GVcz8fFyJYdEBnVceupump","snapshot_drops_in_window":0,"t":1788975840000}
{"after":{"bot_uniform_micro":0,"cu_p50":192270,"entrants_300s":3,"entrants_60s":0,"fee_p90":15000,"net_flow_micro":-619493},"before":{"no_prior_flow":true},"event_gaps_in_window":0,"mint":"24Xh9TB4jTJCLxDY1eAEkj3N82ygNJa1QVTgdR7Spump","snapshot_drops_in_window":0,"t":1788975840000}
{"after":{"bot_uniform_micro":0,"cu_p50":123477,"entrants_300s":1,"entrants_60s":0,"fee_p90":105000,"net_flow_micro":-975023},"before":{"no_prior_flow":true},"event_gaps_in_window":0,"mint":"2PxK4JNqDe3tgvyTTksrxYkwgGqSQYomGuRWxoSFpump","snapshot_drops_in_window":0,"t":1788975840000}
{"after":{"bot_uniform_micro":585542,"cu_p50":101441,"entrants_300s":266,"entrants_60s":60,"fee_p90":779713,"net_flow_micro":42065645},"before":{"bot_uniform_micro":0,"cu_p50":100780,"entrants_300s":32,"entrants_60s":8,"fee_p90":432903,"net_flow_micro":14158475},"event_gaps_in_window":0,"mint":"2YuFLBKqmgBsxrbVgqRXgSrzwf6wyNCkCUAqUMEGpump","snapshot_drops_in_window":0,"t":1788975840000}
{"after":{"bot_uniform_micro":0,"cu_p50":98132,"entrants_300s":6,"entrants_60s":0,"fee_p90":245002,"net_flow_micro":1085689},"before":{"no_prior_flow":true},"event_gaps_in_window":0,"mint":"2ZKkVVkHUNTf5LfPnpudB7ANtACw8X9Tw7Lgcuxwpump","snapshot_drops_in_window":0,"t":1788975840000}
{"after":{"bot_uniform_micro":null,"cu_p50":null,"entrants_300s":0,"entrants_60s":0,"fee_p90":null,"net_flow_micro":-3057020},"before":{"no_prior_flow":true},"event_gaps_in_window":0,"mint":"2h2GHqhJuR5kaG6Srwk45mCZZANCYxKuNSHtYjRRpump","snapshot_drops_in_window":0,"t":1788975840000}
{"after":{"bot_uniform_micro":null,"cu_p50":null,"entrants_300s":0,"entrants_60s":0,"fee_p90":null,"net_flow_micro":-1080113},"before":{"no_prior_flow":true},"event_gaps_in_window":0,"mint":"2hZPYB8ud7RUQAHkCmWvTcqB7YH1xfTAsAoUtDnFpump","snapshot_drops_in_window":0,"t":1788975840000}
{"after":{"bot_uniform_micro":0,"cu_p50":125360,"entrants_300s":5,"entrants_60s":2,"fee_p90":101014,"net_flow_micro":232753},"before":{"no_prior_flow":true},"event_gaps_in_window":0,"mint":"3FJwqar6B5zq6YSrvmEzW4U7ubFYJw1vdya82fFepump","snapshot_drops_in_window":0,"t":1788975840000}
{"after":{"bot_uniform_micro":0,"cu_p50":120243,"entrants_300s":2,"entrants_60s":1,"fee_p90":101014,"net_flow_micro":-5331708},"before":{"no_prior_flow":true},"event_gaps_in_window":0,"mint":"3aN56TN7nwtp8UqD5xZeye42KFcazmrprhWR7Gscpump","snapshot_drops_in_window":0,"t":1788975840000}
{"after":{"bot_uniform_micro":0,"cu_p50":106099,"entrants_300s":3,"entrants_60s":3,"fee_p90":105000,"net_flow_micro":2758389},"before":{"no_prior_flow":true},"event_gaps_in_window":0,"mint":"3noFsfyEm6TYWga8FsqtBkh9gDx4bzLocrSNZ6aFpump","snapshot_drops_in_window":0,"t":1788975840000}
{"after":{"bot_uniform_micro":151961,"cu_p50":114870,"entrants_300s":13,"entrants_60s":8,"fee_p90":101014,"net_flow_micro":-8420320},"before":{"bot_uniform_micro":0,"cu_p50":114825,"entrants_300s":1,"entrants_60s":1,"fee_p90":101014,"net_flow_micro":-8106476},"event_gaps_in_window":0,"mint":"3rswGijagm51WGXNrqYpfouThsqve2RBHaWMQgzHpump","snapshot_drops_in_window":0,"t":1788975840000}
{"after":{"bot_uniform_micro":0,"cu_p50":294503,"entrants_300s":1,"entrants_60s":0,"fee_p90":410000,"net_flow_micro":-1537605},"before":{"no_prior_flow":true},"event_gaps_in_window":0,"mint":"3wJEdMysjAyMWC7WHMmnfMrNaryZG3rL54TdXBgiAh2u","snapshot_drops_in_window":0,"t":1788975840000}
{"after":{"bot_uniform_micro":0,"cu_p50":120848,"entrants_300s":9,"entrants_60s":9,"fee_p90":105000,"net_flow_micro":61278},"before":{"bot_uniform_micro":0,"cu_p50":120840,"entrants_300s":1,"entrants_60s":1,"fee_p90":101014,"net_flow_micro":806108},"event_gaps_in_window":0,"mint":"4CysxKYnU6h16MdrqzK3WBs2tzdtdiRMUnKYDbVjpump","snapshot_drops_in_window":1,"t":1788975840000}
{"after":{"bot_uniform_micro":0,"cu_p50":90148,"entrants_300s":20,"entrants_60s":0,"fee_p90":3484999,"net_flow_micro":0},"before":{"no_prior_flow":true},"event_gaps_in_window":0,"mint":"4YuoGPkpeCF1G3Hp4Ayj3M36UHiqGwbospPxWE1Dpump","snapshot_drops_in_window":0,"t":1788975840000}
{"after":{"bot_uniform_micro":230769,"cu_p50":88197,"entrants_300s":11,"entrants_60s":11,"fee_p90":1005000,"net_flow_micro":682006},"before":{"no_prior_flow":true},"event_gaps_in_window":0,"mint":"4sij9xw3iCuDdVZCQqaA8WTkZPZfXJg2RnjSSJEWpump","snapshot_drops_in_window":0,"t":1788975840000}
{"after":{"bot_uniform_micro":null,"cu_p50":null,"entrants_300s":0,"entrants_60s":0,"fee_p90":null,"net_flow_micro":-3697192},"before":{"no_prior_flow":true},"event_gaps_in_window":0,"mint":"4wRmu5KY7X353uBHYsPJhvuRZc6MMzgsU8aGqXtupump","snapshot_drops_in_window":0,"t":1788975840000}
{"after":{"bot_uniform_micro":0,"cu_p50":113565,"entrants_300s":1,"entrants_60s":1,"fee_p90":5000,"net_flow_micro":0},"before":{"no_prior_flow":true},"event_gaps_in_window":0,"mint":"55qDmCPGUGdLAuN6rYzoqoTZ1xhKaRvDCQwZFB4mpump","snapshot_drops_in_window":0,"t":1788975840000}
{"after":{"bot_uniform_micro":0,"cu_p50":132785,"entrants_300s":19,"entrants_60s":1,"fee_p90":100000,"net_flow_micro":-18839559},"before":{"no_prior_flow":true},"event_gaps_in_window":0,"mint":"5BP9TQhGK9yWd9PVPxhsA6eXYTyAZrhrzZj8JSHzpump","snapshot_drops_in_window":0,"t":1788975840000}
{"after":{"bot_uniform_micro":null,"cu_p50":null,"entrants_300s":0,"entrants_60s":0,"fee_p90":null,"net_flow_micro":-55155},"before":{"no_prior_flow":true},"event_gaps_in_window":0,"mint":"5KXYJ2XWf3qyApSRd9a22JuuDVe5hu41ym5GrhDRpump","snapshot_drops_in_window":0,"t":1788975840000}
{"after":{"bot_uniform_micro":0,"cu_p50":87011,"entrants_300s":1,"entrants_60s":0,"fee_p90":1005000,"net_flow_micro":3259},"before":{"no_prior_flow":true},"event_gaps_in_window":0,"mint":"5Sum3QmNZ8FAmr3idjDcD4UwTRAQRuD9tA2ZrX2Fpump","snapshot_drops_in_window":0,"t":1788975840000}
{"after":{"bot_uniform_micro":null,"cu_p50":null,"entrants_300s":0,"entrants_60s":0,"fee_p90":null,"net_flow_micro":-914838},"before":{"no_prior_flow":true},"event_gaps_in_window":0,"mint":"5c2dUt3MZTTqLGEBr28M9xLCiLxFvVQxgdr6ytLPpump","snapshot_drops_in_window":0,"t":1788975840000}
{"after":{"bot_uniform_micro":0,"cu_p50":135211,"entrants_300s":1,"entrants_60s":0,"fee_p90":6000,"net_flow_micro":0},"before":{"no_prior_flow":true},"event_gaps_in_window":0,"mint":"5cAz6tvPmNPQ5c6qA5RqjiQ6ea46Md3x8fUXGBHtpump","snapshot_drops_in_window":0,"t":1788975840000}
{"after":{"bot_uniform_micro":0,"cu_p50":93718,"entrants_300s":25,"entrants_60s":0,"fee_p90":1105000,"net_flow_micro":7437116},"before":{"bot_uniform_micro":0,"cu_p50":90641,"entrants_300s":3,"entrants_60s":0,"fee_p90":86290,"net_flow_micro":6040270},"event_gaps_in_window":0,"mint":"5w6dfuRf3teRRsg2hRFXVuC5taYB6eqwnypC1BJrpump","snapshot_drops_in_window":0,"t":1788975840000}
{"after":{"bot_uniform_micro":352941,"cu_p50":94973,"entrants_300s":17,"entrants_60s":17,"fee_p90":135001,"net_flow_micro":0},"before":{"bot_uniform_micro":null,"cu_p50":null,"entrants_300s":0,"entrants_60s":0,"fee_p90":null,"net_flow_micro":-14078741},"event_gaps_in_window":0,"mint":"61bH8Bp6aRK4Sh2owBCuk9ZzZFwJ4tw3nUnMZ33zpump","snapshot_drops_in_window":0,"t":1788975840000}
{"after":{"bot_uniform_micro":0,"cu_p50":175514,"entrants_300s":3,"entrants_60s":0,"fee_p90":558860,"net_flow_micro":525632},"before":{"no_prior_flow":true},"event_gaps_in_window":0,"mint":"659xrvMd1Vdc7TUFQ2uL8hFMmbN3i52yqRX3HTGiEbnu","snapshot_drops_in_window":0,"t":1788975840000}
{"after":{"bot_uniform_micro":0,"cu_p50":199252,"entrants_300s":1,"entrants_60s":1,"fee_p90":60219,"net_flow_micro":1481481},"before":{"no_prior_flow":true},"event_gaps_in_window":0,"mint":"66EWaJYEB5FapTkAZQA8UD6WMZqb3q9aeB66VHbtpump","snapshot_drops_in_window":0,"t":1788975840000}
{"after":{"bot_uniform_micro":472934,"cu_p50":96385,"entrants_300s":280,"entrants_60s":280,"fee_p90":1005000,"net_flow_micro":35246179},"before":{"bot_uniform_micro":0,"cu_p50":96408,"entrants_300s":15,"entrants_60s":15,"fee_p90":496809,"net_flow_micro":-319406},"event_gaps_in_window":0,"mint":"67afrnTxo8DVc52Uev61Yo4Yr9BGQpRw1RpPMWcx42La","snapshot_drops_in_window":0,"t":1788975840000}
{"after":{"bot_uniform_micro":600000,"cu_p50":95104,"entrants_300s":4,"entrants_60s":3,"fee_p90":55000,"net_flow_micro":-6246853},"before":{"no_prior_flow":true},"event_gaps_in_window":0,"mint":"6NwA7EAjVW1XoHj62964dH3Lh1qHtpSEeyhnWbHSpump","snapshot_drops_in_window":0,"t":1788975840000}
{"after":{"bot_uniform_micro":null,"cu_p50":null,"entrants_300s":0,"entrants_60s":0,"fee_p90":null,"net_flow_micro":-759},"before":{"no_prior_flow":true},"event_gaps_in_window":0,"mint":"6T1BNshzGAKAHvJ3NZ5n62X2eg5rqqsMipUMZJvLpump","snapshot_drops_in_window":0,"t":1788975840000}
{"after":{"bot_uniform_micro":0,"cu_p50":120269,"entrants_300s":2,"entrants_60s":1,"fee_p90":101014,"net_flow_micro":-511656},"before":{"no_prior_flow":true},"event_gaps_in_window":0,"mint":"6Tt8w8eNciinW2HaMn9WwUhde2cEBVfU1tUTvuWQpump","snapshot_drops_in_window":0,"t":1788975840000}
{"after":{"bot_uniform_micro":null,"cu_p50":null,"entrants_300s":0,"entrants_60s":0,"fee_p90":null,"net_flow_micro":-3903},"before":{"no_prior_flow":true},"event_gaps_in_window":0,"mint":"6XMzbhvvrCH1MVTrcnebhqmwej7ZUogdi91zorqNpump","snapshot_drops_in_window":0,"t":1788975840000}
{"after":{"bot_uniform_micro":121212,"cu_p50":207422,"entrants_300s":30,"entrants_60s":5,"fee_p90":410000,"net_flow_micro":2089735},"before":{"no_prior_flow":true},"event_gaps_in_window":0,"mint":"6faFcTYnxVtvtFvq3KmZbpUHmaDMsgWExKbg2QTXpump","snapshot_drops_in_window":0,"t":1788975840000}
{"after":{"bot_uniform_micro":0,"cu_p50":92338,"entrants_300s":5,"entrants_60s":5,"fee_p90":129100,"net_flow_micro":2073567},"before":{"no_prior_flow":true},"event_gaps_in_window":0,"mint":"6pBRxnhUPobWiuShQ3SQPPe3Z9dx2HiTHiAyT3Uepump","snapshot_drops_in_window":0,"t":1788975840000}
{"after":{"bot_uniform_micro":0,"cu_p50":92381,"entrants_300s":7,"entrants_60s":5,"fee_p90":105000,"net_flow_micro":1131204},"before":{"no_prior_flow":true},"event_gaps_in_window":0,"mint":"77CHZyKTgGjysxrfgYaTWJQ1vG17NKHewHfFV2Nqpump","snapshot_drops_in_window":0,"t":1788975840000}
{"after":{"bot_uniform_micro":0,"cu_p50":213635,"entrants_300s":1,"entrants_60s":1,"fee_p90":10000,"net_flow_micro":84112},"before":{"no_prior_flow":true},"event_gaps_in_window":0,"mint":"7CwLRAyJe5UbhRe4ZzVdjwM2bX3BDfYnsrRcynwM9j6G","snapshot_drops_in_window":0,"t":1788975840000}
{"after":{"bot_uniform_micro":0,"cu_p50":85345,"entrants_300s":2,"entrants_60s":0,"fee_p90":86291,"net_flow_micro":461823},"before":{"no_prior_flow":true},"event_gaps_in_window":0,"mint":"7eiS447TVyaMEU48iAEXWtSQM4ufP9Hc9feSi8yapump","snapshot_drops_in_window":0,"t":1788975840000}
{"after":{"bot_uniform_micro":0,"cu_p50":123313,"entrants_300s":3,"entrants_60s":1,"fee_p90":101014,"net_flow_micro":0},"before":{"no_prior_flow":true},"event_gaps_in_window":0,"mint":"7gQqeA19dTQmTWx5oTxyxX4D3z7jtMYCvx94v8LCpump","snapshot_drops_in_window":0,"t":1788975840000}
{"after":{"bot_uniform_micro":200000,"cu_p50":89285,"entrants_300s":15,"entrants_60s":0,"fee_p90":1005000,"net_flow_micro":95587},"before":{"no_prior_flow":true},"event_gaps_in_window":0,"mint":"7grQifoaY2UdTX7aHiVkpKtst18AJWadeuHi3rXbpump","snapshot_drops_in_window":0,"t":1788975840000}
{"after":{"bot_uniform_micro":270270,"cu_p50":126900,"entrants_300s":10,"entrants_60s":8,"fee_p90":1005000,"net_flow_micro":473755},"before":{"bot_uniform_micro":0,"cu_p50":126902,"entrants_300s":1,"entrants_60s":1,"fee_p90":101014,"net_flow_micro":-32684254},"event_gaps_in_window":0,"mint":"85C2mLzVAbAi6bHLTX7y6HukJcWraEAKg3EdQQz5pump","snapshot_drops_in_window":5,"t":1788975840000}
{"after":{"bot_uniform_micro":0,"cu_p50":140371,"entrants_300s":52,"entrants_60s":6,"fee_p90":1005000,"net_flow_micro":-11158000},"before":{"bot_uniform_micro":0,"cu_p50":292117,"entrants_300s":1,"entrants_60s":0,"fee_p90":410000,"net_flow_micro":535709},"event_gaps_in_window":0,"mint":"8CUkfgU3w5zxWP27v9B9mef15sL23fzxYvw23wbPpump","snapshot_drops_in_window":0,"t":1788975840000}
{"after":{"bot_uniform_micro":150735,"cu_p50":147843,"entrants_300s":23,"entrants_60s":18,"fee_p90":101014,"net_flow_micro":-4140681},"before":{"bot_uniform_micro":0,"cu_p50":147874,"entrants_300s":2,"entrants_60s":1,"fee_p90":101014,"net_flow_micro":131886752},"event_gaps_in_window":0,"mint":"8JJZS5k9FtEzCxhYzB7R3r2XXoLfBtVxEjvKuxcEpump","snapshot_drops_in_window":8,"t":1788975840000}
{"after":{"bot_uniform_micro":0,"cu_p50":123037,"entrants_300s":1,"entrants_60s":0,"fee_p90":9000,"net_flow_micro":230428},"before":{"no_prior_flow":true},"event_gaps_in_window":0,"mint":"8NNG2iEQedAqcYSGV5qP5t49VXMbNEF1EhKFbQrfpump","snapshot_drops_in_window":0,"t":1788975840000}
{"after":{"bot_uniform_micro":113208,"cu_p50":122318,"entrants_300s":14,"entrants_60s":0,"fee_p90":101014,"net_flow_micro":0},"before":{"bot_uniform_micro":0,"cu_p50":121787,"entrants_300s":1,"entrants_60s":0,"fee_p90":101014,"net_flow_micro":5072295},"event_gaps_in_window":0,"mint":"8RWvaxsLkyfFuhVbZPNzoZKudD1ZWZSipjVxvAvTpump","snapshot_drops_in_window":3,"t":1788975840000}
{"after":{"bot_uniform_micro":null,"cu_p50":null,"entrants_300s":0,"entrants_60s":0,"fee_p90":null,"net_flow_micro":-4540},"before":{"no_prior_flow":true},"event_gaps_in_window":0,"mint":"8WvuNc9Pi7y2ML2ceBfittZNbmWBrWHLK9DviAxjpump","snapshot_drops_in_window":0,"t":1788975840000}
{"after":{"bot_uniform_micro":0,"cu_p50":135757,"entrants_300s":8,"entrants_60s":1,"fee_p90":377072,"net_flow_micro":-3993074},"before":{"no_prior_flow":true},"event_gaps_in_window":0,"mint":"8Xf2TSBVx9NEfum7HmR4kELZAW9iLT264Nnj8aHepump","snapshot_drops_in_window":0,"t":1788975840000}
{"after":{"bot_uniform_micro":0,"cu_p50":128375,"entrants_300s":2,"entrants_60s":2,"fee_p90":101014,"net_flow_micro":151471},"before":{"no_prior_flow":true},"event_gaps_in_window":0,"mint":"8ZyQ1LLm8EBsbJjVnTYfNecF1GAhL5aJ5sMYyyGXpump","snapshot_drops_in_window":0,"t":1788975840000}
{"after":{"bot_uniform_micro":230769,"cu_p50":90308,"entrants_300s":13,"entrants_60s":13,"fee_p90":67500,"net_flow_micro":10600000},"before":{"no_prior_flow":true},"event_gaps_in_window":0,"mint":"8g7fdfaWLw2SXn3XuaMhQKF3uMtFJzANGvjY7k1kpump","snapshot_drops_in_window":0,"t":1788975840000}
{"after":{"bot_uniform_micro":0,"cu_p50":76259,"entrants_300s":2,"entrants_60s":0,"fee_p90":7505001,"net_flow_micro":1327256},"before":{"no_prior_flow":true},"event_gaps_in_window":0,"mint":"8j3rbmt4EjnCxFh973v3YH6CGPzoHq6rAfXqgT3dpump","snapshot_drops_in_window":0,"t":1788975840000}
{"after":{"bot_uniform_micro":0,"cu_p50":126756,"entrants_300s":14,"entrants_60s":1,"fee_p90":125008,"net_flow_micro":2531230},"before":{"bot_uniform_micro":null,"cu_p50":null,"entrants_300s":0,"entrants_60s":0,"fee_p90":null,"net_flow_micro":-114156},"event_gaps_in_window":0,"mint":"8jF7PYcSpaoSZD2EarVGuBub8VCuAEs7G88P4Eeipump","snapshot_drops_in_window":0,"t":1788975840000}
{"after":{"bot_uniform_micro":60000,"cu_p50":90679,"entrants_300s":50,"entrants_60s":30,"fee_p90":105001,"net_flow_micro":14463311},"before":{"bot_uniform_micro":0,"cu_p50":92064,"entrants_300s":3,"entrants_60s":2,"fee_p90":100211,"net_flow_micro":1411206},"event_gaps_in_window":0,"mint":"8kEuFRzK9yks1UuNnDeFaCCmgMsuVmbKKfrL9dEypump","snapshot_drops_in_window":0,"t":1788975840000}
{"after":{"bot_uniform_micro":0,"cu_p50":327449,"entrants_300s":1,"entrants_60s":1,"fee_p90":15000,"net_flow_micro":481648},"before":{"no_prior_flow":true},"event_gaps_in_window":0,"mint":"8pmRkMo4UdHVX7Vxxzyu3kJgtkLZ7z6KhhBJmtaQpump","snapshot_drops_in_window":0,"t":1788975840000}
{"after":{"bot_uniform_micro":0,"cu_p50":99915,"entrants_300s":7,"entrants_60s":0,"fee_p90":1005000,"net_flow_micro":0},"before":{"no_prior_flow":true},"event_gaps_in_window":0,"mint":"91B3uWtFe5skiED54V63BbTDAZBYZdngaBTg93pLpump","snapshot_drops_in_window":0,"t":1788975840000}
{"after":{"bot_uniform_micro":0,"cu_p50":84883,"entrants_300s":4,"entrants_60s":0,"fee_p90":65000,"net_flow_micro":855591},"before":{"no_prior_flow":true},"event_gaps_in_window":0,"mint":"94nqQnFCAMjmRzB4wAfg2VbAz5o3pduxndKysJi1pump","snapshot_drops_in_window":0,"t":1788975840000}
{"after":{"bot_uniform_micro":0,"cu_p50":120789,"entrants_300s":4,"entrants_60s":4,"fee_p90":101014,"net_flow_micro":-78180},"before":{"no_prior_flow":true},"event_gaps_in_window":0,"mint":"97JfxSTAAyuLUzjakvb7Pshi4CJqkS5tLs9auCMCpump","snapshot_drops_in_window":0,"t":1788975840000}
{"after":{"bot_uniform_micro":0,"cu_p50":121280,"entrants_300s":2,"entrants_60s":2,"fee_p90":49615,"net_flow_micro":5351},"before":{"no_prior_flow":true},"event_gaps_in_window":0,"mint":"97MZRRSeEZSWXa6cHu3capuoZz13HViWGSWjNGffpump","snapshot_drops_in_window":0,"t":1788975840000}
{"after":{"bot_uniform_micro":0,"cu_p50":190870,"entrants_300s":3,"entrants_60s":0,"fee_p90":80001,"net_flow_micro":0},"before":{"no_prior_flow":true},"event_gaps_in_window":0,"mint":"9R951MThv8Ae9NzjjUuesQuNN1p3hYqcWupq8tyZpump","snapshot_drops_in_window":0,"t":1788975840000}
{"after":{"bot_uniform_micro":406250,"cu_p50":83754,"entrants_300s":19,"entrants_60s":4,"fee_p90":1005000,"net_flow_micro":6427910},"before":{"bot_uniform_micro":0,"cu_p50":104063,"entrants_300s":2,"entrants_60s":0,"fee_p90":1005000,"net_flow_micro":4703210},"event_gaps_in_window":0,"mint":"9UkQpLXBJXFRiwH69HqSt52mwmZrL5VYiBiwzAtqpump","snapshot_drops_in_window":0,"t":1788975840000}
{"after":{"bot_uniform_micro":0,"cu_p50":126862,"entrants_300s":2,"entrants_60s":2,"fee_p90":101014,"net_flow_micro":64930},"before":{"no_prior_flow":true},"event_gaps_in_window":0,"mint":"9V3626TmrYSNt3EpEkjgXKQeuaeAzMECs41MWj7Ppump","snapshot_drops_in_window":0,"t":1788975840000}
{"after":{"bot_uniform_micro":250000,"cu_p50":99895,"entrants_300s":12,"entrants_60s":1,"fee_p90":1005000,"net_flow_micro":306241},"before":{"no_prior_flow":true},"event_gaps_in_window":0,"mint":"9XWis7JGAdnEtm6dS8tJxCkuNCTF9Zj5NEAXuANwpump","snapshot_drops_in_window":0,"t":1788975840000}
{"after":{"bot_uniform_micro":0,"cu_p50":90553,"entrants_300s":17,"entrants_60s":17,"fee_p90":2890161,"net_flow_micro":5477853},"before":{"no_prior_flow":true},"event_gaps_in_window":0,"mint":"9t1Th2SAkdFeXftzZ24Sqp41M8ewbdAgMZFQxq1ypump","snapshot_drops_in_window":0,"t":1788975840000}
{"after":{"bot_uniform_micro":null,"cu_p50":null,"entrants_300s":0,"entrants_60s":0,"fee_p90":null,"net_flow_micro":-92951},"before":{"no_prior_flow":true},"event_gaps_in_window":0,"mint":"9t7R8JPsed1jozxCaRKDiNyivYewN4wBZFWTtAVCquLW","snapshot_drops_in_window":0,"t":1788975840000}
{"after":{"bot_uniform_micro":303951,"cu_p50":140414,"entrants_300s":214,"entrants_60s":69,"fee_p90":1005000,"net_flow_micro":9374140},"before":{"bot_uniform_micro":0,"cu_p50":111198,"entrants_300s":11,"entrants_60s":4,"fee_p90":702211,"net_flow_micro":1106531},"event_gaps_in_window":0,"mint":"A1saYxATRfsHMop5J7kRnRJBn3Yckho1D2m146impump","snapshot_drops_in_window":0,"t":1788975840000}
{"after":{"bot_uniform_micro":195122,"cu_p50":152535,"entrants_300s":30,"entrants_60s":4,"fee_p90":405000,"net_flow_micro":133342},"before":{"no_prior_flow":true},"event_gaps_in_window":0,"mint":"A3axJLvQXKj2i2gEMkSq9gx7pC77CDYEcnZi6xPEpump","snapshot_drops_in_window":0,"t":1788975840000}
{"after":{"bot_uniform_micro":0,"cu_p50":79640,"entrants_300s":2,"entrants_60s":2,"fee_p90":108490,"net_flow_micro":2171644},"before":{"no_prior_flow":true},"event_gaps_in_window":0,"mint":"A4p9H32z3tnR8YJ48AeYBiUJyuwuVTNUsoDm7fn1ewVa","snapshot_drops_in_window":0,"t":1788975840000}
{"after":{"bot_uniform_micro":0,"cu_p50":104162,"entrants_300s":17,"entrants_60s":2,"fee_p90":416867,"net_flow_micro":2302729},"before":{"no_prior_flow":true},"event_gaps_in_window":0,"mint":"A56gtWXL96fS94zo5C36WCKHtdRC1unGrtXUHDCGpump","snapshot_drops_in_window":0,"t":1788975840000}
{"after":{"bot_uniform_micro":0,"cu_p50":131370,"entrants_300s":3,"entrants_60s":3,"fee_p90":101014,"net_flow_micro":225130},"before":{"no_prior_flow":true},"event_gaps_in_window":0,"mint":"ADQnsCogLFphqPcnr12wgCzUw55uUN7bw9JHkMyEpump","snapshot_drops_in_window":0,"t":1788975840000}
{"after":{"bot_uniform_micro":0,"cu_p50":327069,"entrants_300s":4,"entrants_60s":1,"fee_p90":410000,"net_flow_micro":-312726},"before":{"no_prior_flow":true},"event_gaps_in_window":0,"mint":"AScFao7bzbdJh7rBiF4yFqcY26dPdRqGffRttTYMpump","snapshot_drops_in_window":0,"t":1788975840000}
{"after":{"bot_uniform_micro":0,"cu_p50":76397,"entrants_300s":2,"entrants_60s":0,"fee_p90":91654,"net_flow_micro":-6705222},"before":{"no_prior_flow":true},"event_gaps_in_window":0,"mint":"AiwefDnXbePPvEd4bK95ccVPr3C8oUoBLYraHSTRpump","snapshot_drops_in_window":0,"t":1788975840000}
{"after":{"bot_uniform_micro":0,"cu_p50":68623,"entrants_300s":2,"entrants_60s":0,"fee_p90":60100,"net_flow_micro":742430},"before":{"no_prior_flow":true},"event_gaps_in_window":0,"mint":"AmeVaqAs3uEyzKvogy3qpbTkZ4gnAfLhnLAyFji7pump","snapshot_drops_in_window":0,"t":1788975840000}
{"after":{"bot_uniform_micro":0,"cu_p50":133203,"entrants_300s":16,"entrants_60s":3,"fee_p90":441241,"net_flow_micro":-4516905},"before":{"no_prior_flow":true},"event_gaps_in_window":0,"mint":"AqZSLRg9uMVAREFQCEyy37wCJmQ7T4QYjJUURSmbpump","snapshot_drops_in_window":0,"t":1788975840000}
{"after":{"bot_uniform_micro":0,"cu_p50":130670,"entrants_300s":1,"entrants_60s":1,"fee_p90":9000,"net_flow_micro":-6479275},"before":{"bot_uniform_micro":null,"cu_p50":null,"entrants_300s":0,"entrants_60s":0,"fee_p90":null,"net_flow_micro":-2203800},"event_gaps_in_window":0,"mint":"BEJYE9PJK1cbirxqcuujjeiMu5Nt3KgLSKECzBH5pump","snapshot_drops_in_window":0,"t":1788975840000}
{"after":{"bot_uniform_micro":0,"cu_p50":113333,"entrants_300s":18,"entrants_60s":5,"fee_p90":410000,"net_flow_micro":867107},"before":{"no_prior_flow":true},"event_gaps_in_window":0,"mint":"BHQSkrUTJukngMKtDhksGfG9VXj6K82DrNR3CybLpump","snapshot_drops_in_window":0,"t":1788975840000}
{"after":{"bot_uniform_micro":290909,"cu_p50":102697,"entrants_300s":97,"entrants_60s":34,"fee_p90":1092814,"net_flow_micro":28855301},"before":{"bot_uniform_micro":0,"cu_p50":102378,"entrants_300s":6,"entrants_60s":2,"fee_p90":105000,"net_flow_micro":10256466},"event_gaps_in_window":0,"mint":"BHprQ1wTYyn9CPC6uVQffkYW8ziZTrJbr3xkVuVJpump","snapshot_drops_in_window":0,"t":1788975840000}
{"after":{"bot_uniform_micro":0,"cu_p50":72032,"entrants_300s":2,"entrants_60s":0,"fee_p90":105000,"net_flow_micro":22307},"before":{"no_prior_flow":true},"event_gaps_in_window":0,"mint":"BMPXGyRdnf9kWj1HSaE9ZWkyKiDbo6xUcBPro5vmL7hr","snapshot_drops_in_window":0,"t":1788975840000}
{"after":{"bot_uniform_micro":0,"cu_p50":87810,"entrants_300s":14,"entrants_60s":14,"fee_p90":100210,"net_flow_micro":1647971},"before":{"no_prior_flow":true},"event_gaps_in_window":0,"mint":"BPpcswNK7DV1Pm2UCVpHo7hzhEMprBigaPx9mD93A57f","snapshot_drops_in_window":0,"t":1788975840000}
{"after":{"bot_uniform_micro":null,"cu_p50":null,"entrants_300s":0,"entrants_60s":0,"fee_p90":null,"net_flow_micro":-134745},"before":{"no_prior_flow":true},"event_gaps_in_window":0,"mint":"BZyEpkM16FesFHSiQFTW9rWDPjvHYQXb37PGzEtF5W4s","snapshot_drops_in_window":0,"t":1788975840000}
{"after":{"bot_uniform_micro":0,"cu_p50":87696,"entrants_300s":11,"entrants_60s":1,"fee_p90":759858,"net_flow_micro":-338355},"before":{"bot_uniform_micro":0,"cu_p50":84618,"entrants_300s":2,"entrants_60s":0,"fee_p90":9000,"net_flow_micro":1713326},"event_gaps_in_window":0,"mint":"BitAst9t1moZhc88Ccwpk6a3gV6JmTXBEotiQmTZpump","snapshot_drops_in_window":0,"t":1788975840000}
{"after":{"bot_uniform_micro":0,"cu_p50":127571,"entrants_300s":3,"entrants_60s":0,"fee_p90":2942500,"net_flow_micro":177889},"before":{"no_prior_flow":true},"event_gaps_in_window":0,"mint":"CL36KyGaMN8Wcd5VE1RyXdYKsXTva2MigumiMz3npump","snapshot_drops_in_window":0,"t":1788975840000}
{"after":{"bot_uniform_micro":0,"cu_p50":108195,"entrants_300s":6,"entrants_60s":1,"fee_p90":573477,"net_flow_micro":90753},"before":{"no_prior_flow":true},"event_gaps_in_window":0,"mint":"CLh7ezbjYKbVsZoqN2MCGoDsBcfN3NfUDDE8nHAipump","snapshot_drops_in_window":0,"t":1788975840000}
{"after":{"bot_uniform_micro":0,"cu_p50":200513,"entrants_300s":2,"entrants_60s":0,"fee_p90":15000,"net_flow_micro":-3504187},"before":{"no_prior_flow":true},"event_gaps_in_window":0,"mint":"CM4RLsdBrFbfCneXyvUJqBmmQsb69Hm2H6QWhcq1nX8e","snapshot_drops_in_window":0,"t":1788975840000}
{"after":{"bot_uniform_micro":0,"cu_p50":128347,"entrants_300s":6,"entrants_60s":1,"fee_p90":101014,"net_flow_micro":0},"before":{"no_prior_flow":true},"event_gaps_in_window":0,"mint":"CN8YLAXKU8gqocqaoxMHwGas8XVfHLC4EZcyJQzTpump","snapshot_drops_in_window":0,"t":1788975840000}
{"after":{"bot_uniform_micro":0,"cu_p50":164435,"entrants_300s":2,"entrants_60s":0,"fee_p90":15000,"net_flow_micro":-3128992},"before":{"no_prior_flow":true},"event_gaps_in_window":0,"mint":"Ca8DTtL9BxZpFHqtd92fKcWaheA6A7y8t5Y9QSnipump","snapshot_drops_in_window":0,"t":1788975840000}
{"after":{"bot_uniform_micro":0,"cu_p50":113032,"entrants_300s":33,"entrants_60s":33,"fee_p90":1005000,"net_flow_micro":11129012},"before":{"no_prior_flow":true},"event_gaps_in_window":0,"mint":"CpjK86cvTgN8rKsYYBDAyDrX12iinBzDKxaW8Swnpump","snapshot_drops_in_window":0,"t":1788975840000}
{"after":{"bot_uniform_micro":0,"cu_p50":187553,"entrants_300s":9,"entrants_60s":3,"fee_p90":2005000,"net_flow_micro":1934511},"before":{"no_prior_flow":true},"event_gaps_in_window":0,"mint":"CyFtApDbWYjhkYFwjhKo1W9WWFu8HkXP2B7GpSt5pump","snapshot_drops_in_window":0,"t":1788975840000}
{"after":{"bot_uniform_micro":0,"cu_p50":143407,"entrants_300s":3,"entrants_60s":1,"fee_p90":1205000,"net_flow_micro":1935503},"before":{"no_prior_flow":true},"event_gaps_in_window":0,"mint":"D1MqfkVtcTftYnLChCZ4ENiHh1aKKMGxNy13WMsJpump","snapshot_drops_in_window":0,"t":1788975840000}
{"after":{"bot_uniform_micro":0,"cu_p50":79482,"entrants_300s":8,"entrants_60s":0,"fee_p90":1005000,"net_flow_micro":-5158171},"before":{"no_prior_flow":true},"event_gaps_in_window":0,"mint":"DCN1XGdUCMqrEXj86zF1WK9q3M8jYr8g8UBLbGVZpump","snapshot_drops_in_window":0,"t":1788975840000}
{"after":{"bot_uniform_micro":0,"cu_p50":94248,"entrants_300s":23,"entrants_60s":3,"fee_p90":5005000,"net_flow_micro":-7696018},"before":{"bot_uniform_micro":0,"cu_p50":94954,"entrants_300s":3,"entrants_60s":0,"fee_p90":86290,"net_flow_micro":8063466},"event_gaps_in_window":0,"mint":"DDMR7vYbNLFimKJon4NgdJS2SFdzbiGEd7Axbs9ekTC1","snapshot_drops_in_window":0,"t":1788975840000}
{"after":{"bot_uniform_micro":750000,"cu_p50":126171,"entrants_300s":1,"entrants_60s":0,"fee_p90":96861,"net_flow_micro":471704},"before":{"no_prior_flow":true},"event_gaps_in_window":0,"mint":"DJh184vydZBMZKDuBz3MhcA97XoQGNuzvkVVB8Etpump","snapshot_drops_in_window":0,"t":1788975840000}
{"after":{"bot_uniform_micro":0,"cu_p50":117199,"entrants_300s":1,"entrants_60s":0,"fee_p90":101014,"net_flow_micro":-576},"before":{"no_prior_flow":true},"event_gaps_in_window":0,"mint":"Db3R16VcBSFPsmAiToqZwJ9A1wG3nFePM2vUw1d4pump","snapshot_drops_in_window":0,"t":1788975840000}
{"after":{"bot_uniform_micro":0,"cu_p50":111122,"entrants_300s":10,"entrants_60s":3,"fee_p90":5005000,"net_flow_micro":-4102825},"before":{"no_prior_flow":true},"event_gaps_in_window":0,"mint":"DnjxjnV5XTDKq9nMzrSPer7zKpvBmLgmd27iDwXApump","snapshot_drops_in_window":0,"t":1788975840000}
{"after":{"bot_uniform_micro":0,"cu_p50":94358,"entrants_300s":9,"entrants_60s":0,"fee_p90":1876667,"net_flow_micro":1334730},"before":{"no_prior_flow":true},"event_gaps_in_window":0,"mint":"Dp9gxFemyiHfVMTLdFhjP7h1EnHTe4Ki6fEB6Mw3pump","snapshot_drops_in_window":0,"t":1788975840000}
{"after":{"bot_uniform_micro":1000000,"cu_p50":81538,"entrants_300s":3,"entrants_60s":3,"fee_p90":110000,"net_flow_micro":296},"before":{"no_prior_flow":true},"event_gaps_in_window":0,"mint":"DqLsKkjYF9oBdALcxiifNntGzzWmhtiMZnUHWPqhWuKH","snapshot_drops_in_window":0,"t":1788975840000}
{"after":{"bot_uniform_micro":0,"cu_p50":133788,"entrants_300s":5,"entrants_60s":0,"fee_p90":105000,"net_flow_micro":-13700},"before":{"no_prior_flow":true},"event_gaps_in_window":0,"mint":"Dsr5iNf2Ko5scKz2pR7iaAKz4bUjquvT7KeQvB88pump","snapshot_drops_in_window":0,"t":1788975840000}
{"after":{"bot_uniform_micro":0,"cu_p50":162343,"entrants_300s":2,"entrants_60s":1,"fee_p90":99158,"net_flow_micro":-2927624},"before":{"no_prior_flow":true},"event_gaps_in_window":0,"mint":"DtHH4ZvyDusSzecfWnYxN1L68Jc31bN7nx8bckEmpump","snapshot_drops_in_window":0,"t":1788975840000}
{"after":{"bot_uniform_micro":0,"cu_p50":152380,"entrants_300s":3,"entrants_60s":0,"fee_p90":410000,"net_flow_micro":743911},"before":{"no_prior_flow":true},"event_gaps_in_window":0,"mint":"DvSwPkzWJrDrQY6SjSdbzzLN4A1Yyuo69WKJPBWspump","snapshot_drops_in_window":0,"t":1788975840000}
{"after":{"bot_uniform_micro":0,"cu_p50":151599,"entrants_300s":1,"entrants_60s":1,"fee_p90":15000,"net_flow_micro":30931},"before":{"no_prior_flow":true},"event_gaps_in_window":0,"mint":"DxtEgDaW4YWdRC8hbZYGiKBX4gGCzsQd8No1vPxepump","snapshot_drops_in_window":0,"t":1788975840000}
{"after":{"bot_uniform_micro":0,"cu_p50":162881,"entrants_300s":8,"entrants_60s":1,"fee_p90":15000,"net_flow_micro":-5178429},"before":{"no_prior_flow":true},"event_gaps_in_window":0,"mint":"E8PbrUKnXkNKqeW8A7J9xd729eiNAPPBKfRKxV9qpump","snapshot_drops_in_window":0,"t":1788975840000}
{"after":{"bot_uniform_micro":0,"cu_p50":141858,"entrants_300s":29,"entrants_60s":10,"fee_p90":410000,"net_flow_micro":5559861},"before":{"no_prior_flow":true},"event_gaps_in_window":0,"mint":"EKY7EeT6WUAiRJNxcyTMDKcYyqESM3Ht25diPTN2pump","snapshot_drops_in_window":0,"t":1788975840000}
{"after":{"bot_uniform_micro":0,"cu_p50":93678,"entrants_300s":1,"entrants_60s":0,"fee_p90":6000,"net_flow_micro":753023},"before":{"no_prior_flow":true},"event_gaps_in_window":0,"mint":"EWfb1SZmwgbM33ak9D9inPnLm78mwJDGce4jyiK4pump","snapshot_drops_in_window":0,"t":1788975840000}
{"after":{"bot_uniform_micro":0,"cu_p50":308195,"entrants_300s":1,"entrants_60s":0,"fee_p90":494299,"net_flow_micro":-9190669},"before":{"no_prior_flow":true},"event_gaps_in_window":0,"mint":"EWxUmDbsxJSFx1CbhBfexdkV1tc7Uy6VWmgACTBZ9sEx","snapshot_drops_in_window":0,"t":1788975840000}
{"after":{"bot_uniform_micro":0,"cu_p50":134373,"entrants_300s":4,"entrants_60s":0,"fee_p90":802462,"net_flow_micro":1012930},"before":{"no_prior_flow":true},"event_gaps_in_window":0,"mint":"EYKzyYrf4q5zGJBszrDGjz2J2LZmGH3x7RXWpmzBpump","snapshot_drops_in_window":0,"t":1788975840000}
{"after":{"bot_uniform_micro":0,"cu_p50":89438,"entrants_300s":4,"entrants_60s":0,"fee_p90":334323,"net_flow_micro":539930},"before":{"no_prior_flow":true},"event_gaps_in_window":0,"mint":"EbJMiyPiFqozfR8qEn5CttenDQwP1xn2g3KdzCgEpump","snapshot_drops_in_window":0,"t":1788975840000}
{"after":{"bot_uniform_micro":null,"cu_p50":null,"entrants_300s":0,"entrants_60s":0,"fee_p90":null,"net_flow_micro":-1097360},"before":{"no_prior_flow":true},"event_gaps_in_window":0,"mint":"EwzdTm98vnwetWYXucw5qCEsFBwwC7oQjsmHT6d7pump","snapshot_drops_in_window":0,"t":1788975840000}
{"after":{"bot_uniform_micro":106383,"cu_p50":143344,"entrants_300s":40,"entrants_60s":9,"fee_p90":255000,"net_flow_micro":744567},"before":{"no_prior_flow":true},"event_gaps_in_window":0,"mint":"FCcMhUa1MJsCZRyj17QHJuAFAK2j229T1Dc9ymjKpump","snapshot_drops_in_window":0,"t":1788975840000}
{"after":{"bot_uniform_micro":0,"cu_p50":83599,"entrants_300s":17,"entrants_60s":17,"fee_p90":4049047,"net_flow_micro":820968},"before":{"bot_uniform_micro":null,"cu_p50":null,"entrants_300s":0,"entrants_60s":0,"fee_p90":null,"net_flow_micro":-474678},"event_gaps_in_window":0,"mint":"FKPRghm3SPYmg5xsNgc7RCW9kNnNb3qDWAAkxHULpump","snapshot_drops_in_window":0,"t":1788975840000}
{"after":{"bot_uniform_micro":66667,"cu_p50":140465,"entrants_300s":65,"entrants_60s":11,"fee_p90":410000,"net_flow_micro":-3507895},"before":{"bot_uniform_micro":0,"cu_p50":412940,"entrants_300s":1,"entrants_60s":0,"fee_p90":494294,"net_flow_micro":-476382},"event_gaps_in_window":0,"mint":"FREoocUFHTh7VepWTAtHFis3897ssDPYA1EBvdTapump","snapshot_drops_in_window":0,"t":1788975840000}
{"after":{"bot_uniform_micro":0,"cu_p50":174870,"entrants_300s":4,"entrants_60s":0,"fee_p90":101014,"net_flow_micro":35091},"before":{"no_prior_flow":true},"event_gaps_in_window":0,"mint":"FXjVgXwBia2WbnsCQT3RsB7KYtcDvefsLeJx5AEtpump","snapshot_drops_in_window":0,"t":1788975840000}
{"after":{"bot_uniform_micro":0,"cu_p50":183848,"entrants_300s":7,"entrants_60s":0,"fee_p90":15000,"net_flow_micro":-5964555},"before":{"bot_uniform_micro":null,"cu_p50":null,"entrants_300s":0,"entrants_60s":0,"fee_p90":null,"net_flow_micro":-1537759},"event_gaps_in_window":0,"mint":"FY3mQ351mRQVicM26UXZ3f2Sj92tkjhEXEsuM9YfH93e","snapshot_drops_in_window":0,"t":1788975840000}
{"after":{"bot_uniform_micro":355072,"cu_p50":102200,"entrants_300s":233,"entrants_60s":23,"fee_p90":1005000,"net_flow_micro":5150144},"before":{"bot_uniform_micro":0,"cu_p50":90641,"entrants_300s":8,"entrants_60s":0,"fee_p90":105000,"net_flow_micro":1465243},"event_gaps_in_window":0,"mint":"FaJsHUZmyHsZTRtMQ6AxYXGgoVSDsjWjZQXokUuTpump","snapshot_drops_in_window":0,"t":1788975840000}
{"after":{"bot_uniform_micro":940594,"cu_p50":136715,"entrants_300s":38,"entrants_60s":32,"fee_p90":64918,"net_flow_micro":4975755},"before":{"no_prior_flow":true},"event_gaps_in_window":0,"mint":"Fx8TMhnCVcXBUsvdKXoSwCapdCHV3x55ACxUVSkepump","snapshot_drops_in_window":0,"t":1788975840000}
{"after":{"bot_uniform_micro":666667,"cu_p50":138159,"entrants_300s":1,"entrants_60s":0,"fee_p90":9000,"net_flow_micro":907244},"before":{"no_prior_flow":true},"event_gaps_in_window":0,"mint":"GC87Z47XsT6GnrRQjXwRkHLg4qSUXrtk7dzyBpSnpump","snapshot_drops_in_window":0,"t":1788975840000}
{"after":{"bot_uniform_micro":0,"cu_p50":143537,"entrants_300s":1,"entrants_60s":1,"fee_p90":552501,"net_flow_micro":595119},"before":{"no_prior_flow":true},"event_gaps_in_window":0,"mint":"GLteMVHGWknSNvCAeVxiePAN6Fuje6yaUmEn4WvZpump","snapshot_drops_in_window":0,"t":1788975840000}
{"after":{"bot_uniform_micro":0,"cu_p50":127703,"entrants_300s":34,"entrants_60s":14,"fee_p90":1005000,"net_flow_micro":-5081285},"before":{"bot_uniform_micro":0,"cu_p50":268608,"entrants_300s":1,"entrants_60s":0,"fee_p90":410000,"net_flow_micro":-724283},"event_gaps_in_window":0,"mint":"GR867ubpr6onDw7pjSPYGsHmpLb7QL9VuBZxD3R7pump","snapshot_drops_in_window":0,"t":1788975840000}
{"after":{"bot_uniform_micro":null,"cu_p50":null,"entrants_300s":0,"entrants_60s":0,"fee_p90":null,"net_flow_micro":-1405540},"before":{"no_prior_flow":true},"event_gaps_in_window":0,"mint":"GT64PB7cJs3UJnc2GYW4VFTQRyKEbzwR7DCfKFyMjRrb","snapshot_drops_in_window":0,"t":1788975840000}
{"after":{"bot_uniform_micro":0,"cu_p50":90314,"entrants_300s":2,"entrants_60s":0,"fee_p90":1094100,"net_flow_micro":4800792},"before":{"no_prior_flow":true},"event_gaps_in_window":0,"mint":"GdZK2nXMo3cAbSm3AG8f6WjgC74nyeoN92kLGHtSpump","snapshot_drops_in_window":0,"t":1788975840000}
{"after":{"bot_uniform_micro":0,"cu_p50":126865,"entrants_300s":3,"entrants_60s":1,"fee_p90":101014,"net_flow_micro":19611},"before":{"no_prior_flow":true},"event_gaps_in_window":0,"mint":"Gz3q6nZzQC4vNnuggcDghvWtHToi1LweNuHSyW7Wpump","snapshot_drops_in_window":0,"t":1788975840000}
{"after":{"bot_uniform_micro":0,"cu_p50":90749,"entrants_300s":13,"entrants_60s":4,"fee_p90":1025000,"net_flow_micro":2961532},"before":{"bot_uniform_micro":0,"cu_p50":92223,"entrants_300s":1,"entrants_60s":1,"fee_p90":28295,"net_flow_micro":547669},"event_gaps_in_window":0,"mint":"HJk1HFcvgLqkVnEgNX1bLnXS382SAPVgiQigA7Fnpump","snapshot_drops_in_window":0,"t":1788975840000}
{"after":{"bot_uniform_micro":326531,"cu_p50":89189,"entrants_300s":85,"entrants_60s":0,"fee_p90":1005000,"net_flow_micro":1357822},"before":{"bot_uniform_micro":0,"cu_p50":89225,"entrants_300s":3,"entrants_60s":0,"fee_p90":77010,"net_flow_micro":362272},"event_gaps_in_window":0,"mint":"HYd5cRAFVXVVrt4D6LvtMcCmYDoQE1TDbeSa3MgLpump","snapshot_drops_in_window":0,"t":1788975840000}
{"after":{"bot_uniform_micro":0,"cu_p50":127468,"entrants_300s":2,"entrants_60s":0,"fee_p90":2942500,"net_flow_micro":46787},"before":{"no_prior_flow":true},"event_gaps_in_window":0,"mint":"HdPL4bP6smyfumoQhEPpkrAb4qpz3uvKZH4kdtFQpump","snapshot_drops_in_window":0,"t":1788975840000}
{"after":{"bot_uniform_micro":0,"cu_p50":119428,"entrants_300s":3,"entrants_60s":3,"fee_p90":105000,"net_flow_micro":0},"before":{"no_prior_flow":true},"event_gaps_in_window":0,"mint":"Hhi4T36i2ZCaNiHry1sCJDS6EUSWsZg1QA2dBMaUpump","snapshot_drops_in_window":0,"t":1788975840000}
{"after":{"bot_uniform_micro":0,"cu_p50":122351,"entrants_300s":2,"entrants_60s":2,"fee_p90":101014,"net_flow_micro":-474772},"before":{"no_prior_flow":true},"event_gaps_in_window":0,"mint":"HrENr8Q1HzugCpFgsTU86FcAgNtH5hFQzSiuXKk8pump","snapshot_drops_in_window":0,"t":1788975840000}
{"after":{"bot_uniform_micro":0,"cu_p50":119306,"entrants_300s":1,"entrants_60s":1,"fee_p90":5000,"net_flow_micro":0},"before":{"no_prior_flow":true},"event_gaps_in_window":0,"mint":"Hy9XZ4Ae4oKtXYfuFzWkoNV18teCTpvWWu5PFD9Bpump","snapshot_drops_in_window":0,"t":1788975840000}
{"after":{"bot_uniform_micro":178571,"cu_p50":90569,"entrants_300s":49,"entrants_60s":1,"fee_p90":762877,"net_flow_micro":-10053186},"before":{"bot_uniform_micro":0,"cu_p50":96379,"entrants_300s":1,"entrants_60s":0,"fee_p90":77010,"net_flow_micro":1273072},"event_gaps_in_window":0,"mint":"J4J7wFFndrNKhDa4rrMB9Amsqvqzk2uaJZDpStnUpump","snapshot_drops_in_window":0,"t":1788975840000}
{"after":{"bot_uniform_micro":0,"cu_p50":126895,"entrants_300s":1,"entrants_60s":1,"fee_p90":101014,"net_flow_micro":19289555},"before":{"no_prior_flow":true},"event_gaps_in_window":0,"mint":"9w5gWetsKYZdMCJAA3URwcf8arGeAQmHT13Pdvgpump","snapshot_drops_in_window":0,"t":1788975900000}
{"after":{"bot_uniform_micro":278689,"cu_p50":141157,"entrants_300s":11,"entrants_60s":0,"fee_p90":101014,"net_flow_micro":-27228},"before":{"bot_uniform_micro":0,"cu_p50":141209,"entrants_300s":1,"entrants_60s":0,"fee_p90":101014,"net_flow_micro":-64776},"event_gaps_in_window":0,"mint":"GrEpzw6CV42tY8gct9z6TZXCmCuzuPKh6eSiqD6pump","snapshot_drops_in_window":10,"t":1788975900000}
{"after":{"bot_uniform_micro":0,"cu_p50":190201,"entrants_300s":2,"entrants_60s":0,"fee_p90":14000,"net_flow_micro":659379},"before":{"no_prior_flow":true},"event_gaps_in_window":0,"mint":"JKqjiwqwFtuWLFQj4bkVgfkUDEx1RyQ9n1z7eBDpump","snapshot_drops_in_window":0,"t":1788975900000}
{"after":{"bot_uniform_micro":331606,"cu_p50":133809,"entrants_300s":23,"entrants_60s":19,"fee_p90":101014,"net_flow_micro":86195},"before":{"bot_uniform_micro":0,"cu_p50":133788,"entrants_300s":1,"entrants_60s":1,"fee_p90":101014,"net_flow_micro":-2925768},"event_gaps_in_window":0,"mint":"U17QJMm3GYxikj6sUNjN822T4BGtmcmXVWK3k13pump","snapshot_drops_in_window":12,"t":1788975900000}
{"after":{"bot_uniform_micro":333333,"cu_p50":92109,"entrants_300s":8,"entrants_60s":0,"fee_p90":175053,"net_flow_micro":0},"before":{"bot_uniform_micro":0,"cu_p50":98066,"entrants_300s":1,"entrants_60s":0,"fee_p90":93158,"net_flow_micro":782222},"event_gaps_in_window":0,"mint":"wdEJKDmgPWDi7NrBDsjjFaGXbtv4VNUjTdCH6c31ET2","snapshot_drops_in_window":0,"t":1788975900000}
{"after":{"bot_uniform_micro":0,"cu_p50":113603,"entrants_300s":15,"entrants_60s":0,"fee_p90":1005000,"net_flow_micro":157063},"before":{"no_prior_flow":true},"event_gaps_in_window":0,"mint":"y2dmN5bpXpTAdBu5SSVv6GVcz8fFyJYdEBnVceupump","snapshot_drops_in_window":0,"t":1788975900000}
{"after":{"bot_uniform_micro":0,"cu_p50":233804,"entrants_300s":1,"entrants_60s":0,"fee_p90":15000,"net_flow_micro":-609591},"before":{"no_prior_flow":true},"event_gaps_in_window":0,"mint":"24Xh9TB4jTJCLxDY1eAEkj3N82ygNJa1QVTgdR7Spump","snapshot_drops_in_window":0,"t":1788975900000}
{"after":{"bot_uniform_micro":597610,"cu_p50":101223,"entrants_300s":297,"entrants_60s":68,"fee_p90":712410,"net_flow_micro":50121651},"before":{"bot_uniform_micro":0,"cu_p50":99740,"entrants_300s":36,"entrants_60s":6,"fee_p90":496809,"net_flow_micro":15505806},"event_gaps_in_window":0,"mint":"2YuFLBKqmgBsxrbVgqRXgSrzwf6wyNCkCUAqUMEGpump","snapshot_drops_in_window":0,"t":1788975900000}
{"after":{"bot_uniform_micro":0,"cu_p50":98132,"entrants_300s":6,"entrants_60s":0,"fee_p90":245002,"net_flow_micro":1085689},"before":{"no_prior_flow":true},"event_gaps_in_window":0,"mint":"2ZKkVVkHUNTf5LfPnpudB7ANtACw8X9Tw7Lgcuxwpump","snapshot_drops_in_window":0,"t":1788975900000}
{"after":{"bot_uniform_micro":0,"cu_p50":111200,"entrants_300s":4,"entrants_60s":4,"fee_p90":1010000,"net_flow_micro":-570447},"before":{"no_prior_flow":true},"event_gaps_in_window":0,"mint":"2h2GHqhJuR5kaG6Srwk45mCZZANCYxKuNSHtYjRRpump","snapshot_drops_in_window":0,"t":1788975900000}
{"after":{"bot_uniform_micro":null,"cu_p50":null,"entrants_300s":0,"entrants_60s":0,"fee_p90":null,"net_flow_micro":-1080113},"before":{"no_prior_flow":true},"event_gaps_in_window":0,"mint":"2hZPYB8ud7RUQAHkCmWvTcqB7YH1xfTAsAoUtDnFpump","snapshot_drops_in_window":0,"t":1788975900000}
{"after":{"bot_uniform_micro":0,"cu_p50":125362,"entrants_300s":5,"entrants_60s":3,"fee_p90":101014,"net_flow_micro":59788},"before":{"bot_uniform_micro":null,"cu_p50":null,"entrants_300s":0,"entrants_60s":0,"fee_p90":null,"net_flow_micro":-9597894},"event_gaps_in_window":0,"mint":"3FJwqar6B5zq6YSrvmEzW4U7ubFYJw1vdya82fFepump","snapshot_drops_in_window":0,"t":1788975900000}
{"after":{"bot_uniform_micro":0,"cu_p50":120243,"entrants_300s":1,"entrants_60s":1,"fee_p90":101014,"net_flow_micro":-1051763},"before":{"no_prior_flow":true},"event_gaps_in_window":0,"mint":"3aN56TN7nwtp8UqD5xZeye42KFcazmrprhWR7Gscpump","snapshot_drops_in_window":0,"t":1788975900000}
{"after":{"bot_uniform_micro":0,"cu_p50":106099,"entrants_300s":3,"entrants_60s":0,"fee_p90":105000,"net_flow_micro":0},"before":{"no_prior_flow":true},"event_gaps_in_window":0,"mint":"3noFsfyEm6TYWga8FsqtBkh9gDx4bzLocrSNZ6aFpump","snapshot_drops_in_window":0,"t":1788975900000}
{"after":{"bot_uniform_micro":210117,"cu_p50":114822,"entrants_300s":19,"entrants_60s":15,"fee_p90":101014,"net_flow_micro":-1761507},"before":{"bot_uniform_micro":0,"cu_p50":114624,"entrants_300s":1,"entrants_60s":1,"fee_p90":101014,"net_flow_micro":-22423985},"event_gaps_in_window":0,"mint":"3rswGijagm51WGXNrqYpfouThsqve2RBHaWMQgzHpump","snapshot_drops_in_window":2,"t":1788975900000}
{"after":{"bot_uniform_micro":null,"cu_p50":null,"entrants_300s":0,"entrants_60s":0,"fee_p90":null,"net_flow_micro":-812666},"before":{"no_prior_flow":true},"event_gaps_in_window":0,"mint":"3wJEdMysjAyMWC7WHMmnfMrNaryZG3rL54TdXBgiAh2u","snapshot_drops_in_window":0,"t":1788975900000}
{"after":{"bot_uniform_micro":0,"cu_p50":102730,"entrants_300s":51,"entrants_60s":51,"fee_p90":102738,"net_flow_micro":11477102},"before":{"no_prior_flow":true},"event_gaps_in_window":0,"mint":"3zs2DUeo3wTDbX7TWtSwHXqBCfohxetuh5y7Tz7Kpump","snapshot_drops_in_window":0,"t":1788975900000}
{"after":{"bot_uniform_micro":343511,"cu_p50":120209,"entrants_300s":28,"entrants_60s":21,"fee_p90":101014,"net_flow_micro":111956},"before":{"bot_uniform_micro":0,"cu_p50":120261,"entrants_300s":2,"entrants_60s":2,"fee_p90":101014,"net_flow_micro":745088},"event_gaps_in_window":0,"mint":"4CysxKYnU6h16MdrqzK3WBs2tzdtdiRMUnKYDbVjpump","snapshot_drops_in_window":5,"t":1788975900000}
{"after":{"bot_uniform_micro":230769,"cu_p50":88197,"entrants_300s":11,"entrants_60s":0,"fee_p90":1005000,"net_flow_micro":682006},"before":{"no_prior_flow":true},"event_gaps_in_window":0,"mint":"4sij9xw3iCuDdVZCQqaA8WTkZPZfXJg2RnjSSJEWpump","snapshot_drops_in_window":0,"t":1788975900000}
{"after":{"bot_uniform_micro":null,"cu_p50":null,"entrants_300s":0,"entrants_60s":0,"fee_p90":null,"net_flow_micro":-3697192},"before":{"no_prior_flow":true},"event_gaps_in_window":0,"mint":"4wRmu5KY7X353uBHYsPJhvuRZc6MMzgsU8aGqXtupump","snapshot_drops_in_window":0,"t":1788975900000}
{"after":{"bot_uniform_micro":0,"cu_p50":113565,"entrants_300s":1,"entrants_60s":0,"fee_p90":5000,"net_flow_micro":0},"before":{"no_prior_flow":true},"event_gaps_in_window":0,"mint":"55qDmCPGUGdLAuN6rYzoqoTZ1xhKaRvDCQwZFB4mpump","snapshot_drops_in_window":0,"t":1788975900000}
{"after":{"bot_uniform_micro":0,"cu_p50":164882,"entrants_300s":14,"entrants_60s":1,"fee_p90":120000,"net_flow_micro":-24100197},"before":{"no_prior_flow":true},"event_gaps_in_window":0,"mint":"5BP9TQhGK9yWd9PVPxhsA6eXYTyAZrhrzZj8JSHzpump","snapshot_drops_in_window":0,"t":1788975900000}
{"after":{"bot_uniform_micro":0,"cu_p50":76605,"entrants_300s":1,"entrants_60s":1,"fee_p90":100210,"net_flow_micro":1900400},"before":{"no_prior_flow":true},"event_gaps_in_window":0,"mint":"5KXYJ2XWf3qyApSRd9a22JuuDVe5hu41ym5GrhDRpump","snapshot_drops_in_window":0,"t":1788975900000}
{"after":{"bot_uniform_micro":0,"cu_p50":87231,"entrants_300s":2,"entrants_60s":1,"fee_p90":1005000,"net_flow_micro":3644},"before":{"no_prior_flow":true},"event_gaps_in_window":0,"mint":"5Sum3QmNZ8FAmr3idjDcD4UwTRAQRuD9tA2ZrX2Fpump","snapshot_drops_in_window":0,"t":1788975900000}
{"after":{"bot_uniform_micro":null,"cu_p50":null,"entrants_300s":0,"entrants_60s":0,"fee_p90":null,"net_flow_micro":-914838},"before":{"no_prior_flow":true},"event_gaps_in_window":0,"mint":"5c2dUt3MZTTqLGEBr28M9xLCiLxFvVQxgdr6ytLPpump","snapshot_drops_in_window":0,"t":1788975900000}
{"after":{"bot_uniform_micro":0,"cu_p50":135211,"entrants_300s":1,"entrants_60s":0,"fee_p90":6000,"net_flow_micro":0},"before":{"no_prior_flow":true},"event_gaps_in_window":0,"mint":"5cAz6tvPmNPQ5c6qA5RqjiQ6ea46Md3x8fUXGBHtpump","snapshot_drops_in_window":0,"t":1788975900000}
{"after":{"bot_uniform_micro":0,"cu_p50":93718,"entrants_300s":9,"entrants_60s":0,"fee_p90":125022,"net_flow_micro":2149111},"before":{"bot_uniform_micro":0,"cu_p50":95021,"entrants_300s":1,"entrants_60s":0,"fee_p90":86290,"net_flow_micro":1836685},"event_gaps_in_window":0,"mint":"5w6dfuRf3teRRsg2hRFXVuC5taYB6eqwnypC1BJrpump","snapshot_drops_in_window":0,"t":1788975900000}
{"after":{"bot_uniform_micro":0,"cu_p50":143349,"entrants_300s":2,"entrants_60s":0,"fee_p90":15000,"net_flow_micro":259921},"before":{"no_prior_flow":true},"event_gaps_in_window":0,"mint":"659xrvMd1Vdc7TUFQ2uL8hFMmbN3i52yqRX3HTGiEbnu","snapshot_drops_in_window":0,"t":1788975900000}
{"after":{"bot_uniform_micro":0,"cu_p50":101931,"entrants_300s":8,"entrants_60s":7,"fee_p90":159000,"net_flow_micro":2232314},"before":{"bot_uniform_micro":0,"cu_p50":104063,"entrants_300s":1,"entrants_60s":1,"fee_p90":77290,"net_flow_micro":750833},"event_gaps_in_window":0,"mint":"66EWaJYEB5FapTkAZQA8UD6WMZqb3q9aeB66VHbtpump","snapshot_drops_in_window":0,"t":1788975900000}
{"after":{"bot_uniform_micro":490769,"cu_p50":95249,"entrants_300s":436,"entrants_60s":182,"fee_p90":1004900,"net_flow_micro":34012533},"before":{"bot_uniform_micro":0,"cu_p50":96583,"entrants_300s":37,"entrants_60s":23,"fee_p90":496809,"net_flow_micro":4481178},"event_gaps_in_window":0,"mint":"67afrnTxo8DVc52Uev61Yo4Yr9BGQpRw1RpPMWcx42La","snapshot_drops_in_window":0,"t":1788975900000}
{"after":{"bot_uniform_micro":600000,"cu_p50":95104,"entrants_300s":4,"entrants_60s":0,"fee_p90":55000,"net_flow_micro":-6650728},"before":{"no_prior_flow":true},"event_gaps_in_window":0,"mint":"6NwA7EAjVW1XoHj62964dH3Lh1qHtpSEeyhnWbHSpump","snapshot_drops_in_window":0,"t":1788975900000}
{"after":{"bot_uniform_micro":null,"cu_p50":null,"entrants_300s":0,"entrants_60s":0,"fee_p90":null,"net_flow_micro":0},"before":{"no_prior_flow":true},"event_gaps_in_window":0,"mint":"6T1BNshzGAKAHvJ3NZ5n62X2eg5rqqsMipUMZJvLpump","snapshot_drops_in_window":0,"t":1788975900000}
{"after":{"bot_uniform_micro":0,"cu_p50":120258,"entrants_300s":2,"entrants_60s":1,"fee_p90":101014,"net_flow_micro":-108016},"before":{"no_prior_flow":true},"event_gaps_in_window":0,"mint":"6Tt8w8eNciinW2HaMn9WwUhde2cEBVfU1tUTvuWQpump","snapshot_drops_in_window":0,"t":1788975900000}
{"after":{"bot_uniform_micro":null,"cu_p50":null,"entrants_300s":0,"entrants_60s":0,"fee_p90":null,"net_flow_micro":-3903},"before":{"no_prior_flow":true},"event_gaps_in_window":0,"mint":"6XMzbhvvrCH1MVTrcnebhqmwej7ZUogdi91zorqNpump","snapshot_drops_in_window":0,"t":1788975900000}
{"after":{"bot_uniform_micro":108108,"cu_p50":204318,"entrants_300s":32,"entrants_60s":2,"fee_p90":410000,"net_flow_micro":1534921},"before":{"no_prior_flow":true},"event_gaps_in_window":0,"mint":"6faFcTYnxVtvtFvq3KmZbpUHmaDMsgWExKbg2QTXpump","snapshot_drops_in_window":0,"t":1788975900000}
{"after":{"bot_uniform_micro":0,"cu_p50":134261,"entrants_300s":7,"entrants_60s":7,"fee_p90":1005000,"net_flow_micro":14816},"before":{"bot_uniform_micro":0,"cu_p50":134310,"entrants_300s":1,"entrants_60s":1,"fee_p90":101014,"net_flow_micro":57172737},"event_gaps_in_window":0,"mint":"6ocz1wL9hdCwgwWRUSgeNCLSQrME2UUNiC9es5kGpump","snapshot_drops_in_window":2,"t":1788975900000}
{"after":{"bot_uniform_micro":0,"cu_p50":92338,"entrants_300s":5,"entrants_60s":0,"fee_p90":129100,"net_flow_micro":1965432},"before":{"no_prior_flow":true},"event_gaps_in_window":0,"mint":"6pBRxnhUPobWiuShQ3SQPPe3Z9dx2HiTHiAyT3Uepump","snapshot_drops_in_window":0,"t":1788975900000}
{"after":{"bot_uniform_micro":0,"cu_p50":92381,"entrants_300s":7,"entrants_60s":0,"fee_p90":105000,"net_flow_micro":1091872},"before":{"no_prior_flow":true},"event_gaps_in_window":0,"mint":"77CHZyKTgGjysxrfgYaTWJQ1vG17NKHewHfFV2Nqpump","snapshot_drops_in_window":0,"t":1788975900000}
{"after":{"bot_uniform_micro":0,"cu_p50":178148,"entrants_300s":4,"entrants_60s":4,"fee_p90":105000,"net_flow_micro":363696},"before":{"no_prior_flow":true},"event_gaps_in_window":0,"mint":"7CwLRAyJe5UbhRe4ZzVdjwM2bX3BDfYnsrRcynwM9j6G","snapshot_drops_in_window":0,"t":1788975900000}
{"after":{"bot_uniform_micro":0,"cu_p50":85345,"entrants_300s":2,"entrants_60s":0,"fee_p90":86291,"net_flow_micro":461823},"before":{"no_prior_flow":true},"event_gaps_in_window":0,"mint":"7eiS447TVyaMEU48iAEXWtSQM4ufP9Hc9feSi8yapump","snapshot_drops_in_window":0,"t":1788975900000}
{"after":{"bot_uniform_micro":200000,"cu_p50":89285,"entrants_300s":15,"entrants_60s":0,"fee_p90":1005000,"net_flow_micro":95587},"before":{"no_prior_flow":true},"event_gaps_in_window":0,"mint":"7grQifoaY2UdTX7aHiVkpKtst18AJWadeuHi3rXbpump","snapshot_drops_in_window":0,"t":1788975900000}
{"after":{"bot_uniform_micro":428571,"cu_p50":88907,"entrants_300s":7,"entrants_60s":7,"fee_p90":1005000,"net_flow_micro":97213},"before":{"no_prior_flow":true},"event_gaps_in_window":0,"mint":"7twBgr8V9JnuXjuNbvc3v1TCF9mUtuLQa5Q6wVfupump","snapshot_drops_in_window":0,"t":1788975900000}
{"after":{"bot_uniform_micro":303922,"cu_p50":126898,"entrants_300s":10,"entrants_60s":2,"fee_p90":105000,"net_flow_micro":1139745},"before":{"bot_uniform_micro":0,"cu_p50":126902,"entrants_300s":1,"entrants_60s":0,"fee_p90":101014,"net_flow_micro":-32684254},"event_gaps_in_window":0,"mint":"85C2mLzVAbAi6bHLTX7y6HukJcWraEAKg3EdQQz5pump","snapshot_drops_in_window":5,"t":1788975900000}
{"after":{"bot_uniform_micro":0,"cu_p50":153233,"entrants_300s":36,"entrants_60s":0,"fee_p90":410000,"net_flow_micro":-15586734},"before":{"bot_uniform_micro":0,"cu_p50":292117,"entrants_300s":1,"entrants_60s":0,"fee_p90":410000,"net_flow_micro":535709},"event_gaps_in_window":0,"mint":"8CUkfgU3w5zxWP27v9B9mef15sL23fzxYvw23wbPpump","snapshot_drops_in_window":0,"t":1788975900000}
{"after":{"bot_uniform_micro":297297,"cu_p50":147757,"entrants_300s":37,"entrants_60s":24,"fee_p90":101014,"net_flow_micro":-381092},"before":{"bot_uniform_micro":0,"cu_p50":147305,"entrants_300s":2,"entrants_60s":1,"fee_p90":101014,"net_flow_micro":130653694},"event_gaps_in_window":0,"mint":"8JJZS5k9FtEzCxhYzB7R3r2XXoLfBtVxEjvKuxcEpump","snapshot_drops_in_window":16,"t":1788975900000}
{"after":{"bot_uniform_micro":0,"cu_p50":123011,"entrants_300s":1,"entrants_60s":0,"fee_p90":9000,"net_flow_micro":311108},"before":{"no_prior_flow":true},"event_gaps_in_window":0,"mint":"8NNG2iEQedAqcYSGV5qP5t49VXMbNEF1EhKFbQrfpump","snapshot_drops_in_window":0,"t":1788975900000}
{"after":{"bot_uniform_micro":null,"cu_p50":null,"entrants_300s":0,"entrants_60s":0,"fee_p90":null,"net_flow_micro":-37567},"before":{"no_prior_flow":true},"event_gaps_in_window":0,"mint":"8WvuNc9Pi7y2ML2ceBfittZNbmWBrWHLK9DviAxjpump","snapshot_drops_in_window":0,"t":1788975900000}
{"after":{"bot_uniform_micro":0,"cu_p50":135757,"entrants_300s":5,"entrants_60s":0,"fee_p90":410000,"net_flow_micro":-2771309},"before":{"no_prior_flow":true},"event_gaps_in_window":0,"mint":"8Xf2TSBVx9NEfum7HmR4kELZAW9iLT264Nnj8aHepump","snapshot_drops_in_window":0,"t":1788975900000}
{"after":{"bot_uniform_micro":303797,"cu_p50":92073,"entrants_300s":115,"entrants_60s":115,"fee_p90":105000,"net_flow_micro":3235127},"before":{"bot_uniform_micro":0,"cu_p50":98025,"entrants_300s":8,"entrants_60s":8,"fee_p90":86290,"net_flow_micro":5668296},"event_gaps_in_window":0,"mint":"8ZudgzJ2t6N4UQKESm15jKzsbaLp6PoqHxf8LKsepump","snapshot_drops_in_window":0,"t":1788975900000}
{"after":{"bot_uniform_micro":0,"cu_p50":128342,"entrants_300s":2,"entrants_60s":2,"fee_p90":101014,"net_flow_micro":93871},"before":{"no_prior_flow":true},"event_gaps_in_window":0,"mint":"8ZyQ1LLm8EBsbJjVnTYfNecF1GAhL5aJ5sMYyyGXpump","snapshot_drops_in_window":0,"t":1788975900000}
{"after":{"bot_uniform_micro":375000,"cu_p50":90308,"entrants_300s":15,"entrants_60s":3,"fee_p90":67500,"net_flow_micro":10047105},"before":{"no_prior_flow":true},"event_gaps_in_window":0,"mint":"8g7fdfaWLw2SXn3XuaMhQKF3uMtFJzANGvjY7k1kpump","snapshot_drops_in_window":0,"t":1788975900000}
{"after":{"bot_uniform_micro":0,"cu_p50":76259,"entrants_300s":2,"entrants_60s":0,"fee_p90":7505001,"net_flow_micro":1327256},"before":{"no_prior_flow":true},"event_gaps_in_window":0,"mint":"8j3rbmt4EjnCxFh973v3YH6CGPzoHq6rAfXqgT3dpump","snapshot_drops_in_window":0,"t":1788975900000}
{"after":{"bot_uniform_micro":0,"cu_p50":126756,"entrants_300s":14,"entrants_60s":0,"fee_p90":125008,"net_flow_micro":1071942},"before":{"bot_uniform_micro":null,"cu_p50":null,"entrants_300s":0,"entrants_60s":0,"fee_p90":null,"net_flow_micro":-114156},"event_gaps_in_window":0,"mint":"8jF7PYcSpaoSZD2EarVGuBub8VCuAEs7G88P4Eeipump","snapshot_drops_in_window":0,"t":1788975900000}
{"after":{"bot_uniform_micro":56604,"cu_p50":90694,"entrants_300s":52,"entrants_60s":3,"fee_p90":120000,"net_flow_micro":15247863},"before":{"bot_uniform_micro":0,"cu_p50":92064,"entrants_300s":3,"entrants_60s":0,"fee_p90":100211,"net_flow_micro":1411206},"event_gaps_in_window":0,"mint":"8kEuFRzK9yks1UuNnDeFaCCmgMsuVmbKKfrL9dEypump","snapshot_drops_in_window":0,"t":1788975900000}
{"after":{"bot_uniform_micro":0,"cu_p50":122390,"entrants_300s":2,"entrants_60s":2,"fee_p90":101014,"net_flow_micro":312145},"before":{"no_prior_flow":true},"event_gaps_in_window":0,"mint":"8pmRkMo4UdHVX7Vxxzyu3kJgtkLZ7z6KhhBJmtaQpump","snapshot_drops_in_window":0,"t":1788975900000}
{"after":{"bot_uniform_micro":0,"cu_p50":84883,"entrants_300s":4,"entrants_60s":0,"fee_p90":65000,"net_flow_micro":855591},"before":{"no_prior_flow":true},"event_gaps_in_window":0,"mint":"94nqQnFCAMjmRzB4wAfg2VbAz5o3pduxndKysJi1pump","snapshot_drops_in_window":0,"t":1788975900000}
{"after":{"bot_uniform_micro":0,"cu_p50":120455,"entrants_300s":4,"entrants_60s":1,"fee_p90":101014,"net_flow_micro":-75048},"before":{"no_prior_flow":true},"event_gaps_in_window":0,"mint":"97JfxSTAAyuLUzjakvb7Pshi4CJqkS5tLs9auCMCpump","snapshot_drops_in_window":0,"t":1788975900000}
{"after":{"bot_uniform_micro":0,"cu_p50":121280,"entrants_300s":2,"entrants_60s":0,"fee_p90":49615,"net_flow_micro":5351},"before":{"no_prior_flow":true},"event_gaps_in_window":0,"mint":"97MZRRSeEZSWXa6cHu3capuoZz13HViWGSWjNGffpump","snapshot_drops_in_window":0,"t":1788975900000}
{"after":{"bot_uniform_micro":0,"cu_p50":116373,"entrants_300s":4,"entrants_60s":4,"fee_p90":101014,"net_flow_micro":189995},"before":{"no_prior_flow":true},"event_gaps_in_window":0,"mint":"9UMdzqrJoUnrmN5xEvqoVAmEuiUFPLzB8i9MmJzmpump","snapshot_drops_in_window":0,"t":1788975900000}
{"after":{"bot_uniform_micro":439024,"cu_p50":83754,"entrants_300s":24,"entrants_60s":11,"fee_p90":1005000,"net_flow_micro":5057408},"before":{"bot_uniform_micro":0,"cu_p50":105622,"entrants_300s":1,"entrants_60s":0,"fee_p90":1005000,"net_flow_micro":1769877},"event_gaps_in_window":0,"mint":"9UkQpLXBJXFRiwH69HqSt52mwmZrL5VYiBiwzAtqpump","snapshot_drops_in_window":0,"t":1788975900000}
{"after":{"bot_uniform_micro":0,"cu_p50":126846,"entrants_300s":3,"entrants_60s":3,"fee_p90":101014,"net_flow_micro":0},"before":{"no_prior_flow":true},"event_gaps_in_window":0,"mint":"9V3626TmrYSNt3EpEkjgXKQeuaeAzMECs41MWj7Ppump","snapshot_drops_in_window":0,"t":1788975900000}
{"after":{"bot_uniform_micro":0,"cu_p50":104260,"entrants_300s":21,"entrants_60s":21,"fee_p90":127112,"net_flow_micro":197500},"before":{"no_prior_flow":true},"event_gaps_in_window":0,"mint":"9WV93UcmkUVpkZfZsY1vEUGnK82eqBCpKhixdLcHpump","snapshot_drops_in_window":0,"t":1788975900000}
{"after":{"bot_uniform_micro":0,"cu_p50":90553,"entrants_300s":18,"entrants_60s":1,"fee_p90":2890161,"net_flow_micro":1716},"before":{"no_prior_flow":true},"event_gaps_in_window":0,"mint":"9t1Th2SAkdFeXftzZ24Sqp41M8ewbdAgMZFQxq1ypump","snapshot_drops_in_window":0,"t":1788975900000}
{"after":{"bot_uniform_micro":null,"cu_p50":null,"entrants_300s":0,"entrants_60s":0,"fee_p90":null,"net_flow_micro":0},"before":{"no_prior_flow":true},"event_gaps_in_window":0,"mint":"9t7R8JPsed1jozxCaRKDiNyivYewN4wBZFWTtAVCquLW","snapshot_drops_in_window":0,"t":1788975900000}
{"after":{"bot_uniform_micro":325980,"cu_p50":134194,"entrants_300s":241,"entrants_60s":97,"fee_p90":1005000,"net_flow_micro":4399661},"before":{"bot_uniform_micro":0,"cu_p50":98264,"entrants_300s":15,"entrants_60s":8,"fee_p90":1005000,"net_flow_micro":6126626},"event_gaps_in_window":0,"mint":"A1saYxATRfsHMop5J7kRnRJBn3Yckho1D2m146impump","snapshot_drops_in_window":0,"t":1788975900000}
{"after":{"bot_uniform_micro":400000,"cu_p50":136708,"entrants_300s":24,"entrants_60s":4,"fee_p90":405000,"net_flow_micro":-3937177},"before":{"no_prior_flow":true},"event_gaps_in_window":0,"mint":"A3axJLvQXKj2i2gEMkSq9gx7pC77CDYEcnZi6xPEpump","snapshot_drops_in_window":0,"t":1788975900000}
{"after":{"bot_uniform_micro":0,"cu_p50":79640,"entrants_300s":2,"entrants_60s":0,"fee_p90":108490,"net_flow_micro":2171644},"before":{"no_prior_flow":true},"event_gaps_in_window":0,"mint":"A4p9H32z3tnR8YJ48AeYBiUJyuwuVTNUsoDm7fn1ewVa","snapshot_drops_in_window":0,"t":1788975900000}
{"after":{"bot_uniform_micro":0,"cu_p50":104162,"entrants_300s":17,"entrants_60s":0,"fee_p90":416867,"net_flow_micro":2302619},"before":{"no_prior_flow":true},"event_gaps_in_window":0,"mint":"A56gtWXL96fS94zo5C36WCKHtdRC1unGrtXUHDCGpump","snapshot_drops_in_window":0,"t":1788975900000}
{"after":{"bot_uniform_micro":119403,"cu_p50":130736,"entrants_300s":16,"entrants_60s":15,"fee_p90":101014,"net_flow_micro":709},"before":{"no_prior_flow":true},"event_gaps_in_window":0,"mint":"ADQnsCogLFphqPcnr12wgCzUw55uUN7bw9JHkMyEpump","snapshot_drops_in_window":0,"t":1788975900000}
{"after":{"bot_uniform_micro":0,"cu_p50":327069,"entrants_300s":1,"entrants_60s":0,"fee_p90":410000,"net_flow_micro":-635006},"before":{"no_prior_flow":true},"event_gaps_in_window":0,"mint":"AScFao7bzbdJh7rBiF4yFqcY26dPdRqGffRttTYMpump","snapshot_drops_in_window":0,"t":1788975900000}
{"after":{"bot_uniform_micro":200000,"cu_p50":122396,"entrants_300s":9,"entrants_60s":9,"fee_p90":101014,"net_flow_micro":524012},"before":{"bot_uniform_micro":0,"cu_p50":122318,"entrants_300s":1,"entrants_60s":1,"fee_p90":101014,"net_flow_micro":6246821},"event_gaps_in_window":0,"mint":"AU4RpCmsTLF4iedLninD6L2vZ4v2jHZpB6Z4vobwpump","snapshot_drops_in_window":0,"t":1788975900000}
{"after":{"bot_uniform_micro":0,"cu_p50":76397,"entrants_300s":2,"entrants_60s":0,"fee_p90":91654,"net_flow_micro":-6073521},"before":{"no_prior_flow":true},"event_gaps_in_window":0,"mint":"AiwefDnXbePPvEd4bK95ccVPr3C8oUoBLYraHSTRpump","snapshot_drops_in_window":0,"t":1788975900000}
{"after":{"bot_uniform_micro":0,"cu_p50":68623,"entrants_300s":2,"entrants_60s":0,"fee_p90":60100,"net_flow_micro":742430},"before":{"no_prior_flow":true},"event_gaps_in_window":0,"mint":"AmeVaqAs3uEyzKvogy3qpbTkZ4gnAfLhnLAyFji7pump","snapshot_drops_in_window":0,"t":1788975900000}
{"after":{"bot_uniform_micro":0,"cu_p50":133203,"entrants_300s":16,"entrants_60s":3,"fee_p90":441241,"net_flow_micro":-4623576},"before":{"no_prior_flow":true},"event_gaps_in_window":0,"mint":"AqZSLRg9uMVAREFQCEyy37wCJmQ7T4QYjJUURSmbpump","snapshot_drops_in_window":0,"t":1788975900000}
{"after":{"bot_uniform_micro":0,"cu_p50":114226,"entrants_300s":5,"entrants_60s":5,"fee_p90":217648,"net_flow_micro":155832},"before":{"no_prior_flow":true},"event_gaps_in_window":0,"mint":"BCp4DNwbXBLajpY2aAPDTaWfZUQ97u1D26pn8HCApump","snapshot_drops_in_window":0,"t":1788975900000}
{"after":{"bot_uniform_micro":0,"cu_p50":130670,"entrants_300s":1,"entrants_60s":0,"fee_p90":9000,"net_flow_micro":-6456492},"before":{"bot_uniform_micro":null,"cu_p50":null,"entrants_300s":0,"entrants_60s":0,"fee_p90":null,"net_flow_micro":-2203800},"event_gaps_in_window":0,"mint":"BEJYE9PJK1cbirxqcuujjeiMu5Nt3KgLSKECzBH5pump","snapshot_drops_in_window":0,"t":1788975900000}
{"after":{"bot_uniform_micro":0,"cu_p50":113333,"entrants_300s":18,"entrants_60s":1,"fee_p90":410000,"net_flow_micro":459287},"before":{"no_prior_flow":true},"event_gaps_in_window":0,"mint":"BHQSkrUTJukngMKtDhksGfG9VXj6K82DrNR3CybLpump","snapshot_drops_in_window":0,"t":1788975900000}
{"after":{"bot_uniform_micro":323529,"cu_p50":103924,"entrants_300s":109,"entrants_60s":22,"fee_p90":1025000,"net_flow_micro":28514584},"before":{"bot_uniform_micro":0,"cu_p50":102853,"entrants_300s":8,"entrants_60s":2,"fee_p90":844414,"net_flow_micro":15610900},"event_gaps_in_window":0,"mint":"BHprQ1wTYyn9CPC6uVQffkYW8ziZTrJbr3xkVuVJpump","snapshot_drops_in_window":0,"t":1788975900000}
{"after":{"bot_uniform_micro":0,"cu_p50":72032,"entrants_300s":2,"entrants_60s":0,"fee_p90":105000,"net_flow_micro":22307},"before":{"no_prior_flow":true},"event_gaps_in_window":0,"mint":"BMPXGyRdnf9kWj1HSaE9ZWkyKiDbo6xUcBPro5vmL7hr","snapshot_drops_in_window":0,"t":1788975900000}
{"after":{"bot_uniform_micro":0,"cu_p50":87810,"entrants_300s":14,"entrants_60s":0,"fee_p90":100210,"net_flow_micro":444885},"before":{"no_prior_flow":true},"event_gaps_in_window":0,"mint":"BPpcswNK7DV1Pm2UCVpHo7hzhEMprBigaPx9mD93A57f","snapshot_drops_in_window":0,"t":1788975900000}
{"after":{"bot_uniform_micro":null,"cu_p50":null,"entrants_300s":0,"entrants_60s":0,"fee_p90":null,"net_flow_micro":-134745},"before":{"no_prior_flow":true},"event_gaps_in_window":0,"mint":"BZyEpkM16FesFHSiQFTW9rWDPjvHYQXb37PGzEtF5W4s","snapshot_drops_in_window":0,"t":1788975900000}
{"after":{"bot_uniform_micro":0,"cu_p50":87641,"entrants_300s":13,"entrants_60s":2,"fee_p90":773400,"net_flow_micro":-1334560},"before":{"bot_uniform_micro":0,"cu_p50":84618,"entrants_300s":2,"entrants_60s":0,"fee_p90":9000,"net_flow_micro":1713326},"event_gaps_in_window":0,"mint":"BitAst9t1moZhc88Ccwpk6a3gV6JmTXBEotiQmTZpump","snapshot_drops_in_window":0,"t":1788975900000}
{"after":{"bot_uniform_micro":0,"cu_p50":168607,"entrants_300s":1,"entrants_60s":1,"fee_p90":20503,"net_flow_micro":9827},"before":{"no_prior_flow":true},"event_gaps_in_window":0,"mint":"C8pa2G68PfsMUwvKKPVDNqVDL3rnUT8Yc4X9zUCxYXmD","snapshot_drops_in_window":0,"t":1788975900000}
{"after":{"bot_uniform_micro":0,"cu_p50":87879,"entrants_300s":2,"entrants_60s":0,"fee_p90":2942500,"net_flow_micro":0},"before":{"no_prior_flow":true},"event_gaps_in_window":0,"mint":"CL36KyGaMN8Wcd5VE1RyXdYKsXTva2MigumiMz3npump","snapshot_drops_in_window":0,"t":1788975900000}
{"after":{"bot_uniform_micro":0,"cu_p50":99339,"entrants_300s":13,"entrants_60s":11,"fee_p90":5005000,"net_flow_micro":5286236},"before":{"bot_uniform_micro":0,"cu_p50":98066,"entrants_300s":2,"entrants_60s":2,"fee_p90":1505001,"net_flow_micro":3641975},"event_gaps_in_window":0,"mint":"CLh7ezbjYKbVsZoqN2MCGoDsBcfN3NfUDDE8nHAipump","snapshot_drops_in_window":0,"t":1788975900000}
{"after":{"bot_uniform_micro":0,"cu_p50":200513,"entrants_300s":1,"entrants_60s":0,"fee_p90":14000,"net_flow_micro":-1155728},"before":{"no_prior_flow":true},"event_gaps_in_window":0,"mint":"CM4RLsdBrFbfCneXyvUJqBmmQsb69Hm2H6QWhcq1nX8e","snapshot_drops_in_window":0,"t":1788975900000}
{"after":{"bot_uniform_micro":0,"cu_p50":164435,"entrants_300s":2,"entrants_60s":0,"fee_p90":15000,"net_flow_micro":-3128992},"before":{"no_prior_flow":true},"event_gaps_in_window":0,"mint":"Ca8DTtL9BxZpFHqtd92fKcWaheA6A7y8t5Y9QSnipump","snapshot_drops_in_window":0,"t":1788975900000}
{"after":{"bot_uniform_micro":0,"cu_p50":112757,"entrants_300s":67,"entrants_60s":34,"fee_p90":1005000,"net_flow_micro":97664},"before":{"no_prior_flow":true},"event_gaps_in_window":0,"mint":"CpjK86cvTgN8rKsYYBDAyDrX12iinBzDKxaW8Swnpump","snapshot_drops_in_window":0,"t":1788975900000}
{"after":{"bot_uniform_micro":0,"cu_p50":168777,"entrants_300s":10,"entrants_60s":3,"fee_p90":2005000,"net_flow_micro":2183346},"before":{"no_prior_flow":true},"event_gaps_in_window":0,"mint":"CyFtApDbWYjhkYFwjhKo1W9WWFu8HkXP2B7GpSt5pump","snapshot_drops_in_window":0,"t":1788975900000}
{"after":{"bot_uniform_micro":0,"cu_p50":143407,"entrants_300s":4,"entrants_60s":1,"fee_p90":1205000,"net_flow_micro":226222},"before":{"no_prior_flow":true},"event_gaps_in_window":0,"mint":"D1MqfkVtcTftYnLChCZ4ENiHh1aKKMGxNy13WMsJpump","snapshot_drops_in_window":0,"t":1788975900000}
{"after":{"bot_uniform_micro":0,"cu_p50":79482,"entrants_300s":8,"entrants_60s":0,"fee_p90":1005000,"net_flow_micro":-4970435},"before":{"no_prior_flow":true},"event_gaps_in_window":0,"mint":"DCN1XGdUCMqrEXj86zF1WK9q3M8jYr8g8UBLbGVZpump","snapshot_drops_in_window":0,"t":1788975900000}
{"after":{"bot_uniform_micro":78947,"cu_p50":93616,"entrants_300s":34,"entrants_60s":12,"fee_p90":4205000,"net_flow_micro":2134757},"before":{"bot_uniform_micro":0,"cu_p50":94954,"entrants_300s":3,"entrants_60s":0,"fee_p90":86290,"net_flow_micro":8063466},"event_gaps_in_window":0,"mint":"DDMR7vYbNLFimKJon4NgdJS2SFdzbiGEd7Axbs9ekTC1","snapshot_drops_in_window":0,"t":1788975900000}
{"after":{"bot_uniform_micro":750000,"cu_p50":126171,"entrants_300s":1,"entrants_60s":0,"fee_p90":96861,"net_flow_micro":471704},"before":{"no_prior_flow":true},"event_gaps_in_window":0,"mint":"DJh184vydZBMZKDuBz3MhcA97XoQGNuzvkVVB8Etpump","snapshot_drops_in_window":0,"t":1788975900000}
{"after":{"bot_uniform_micro":0,"cu_p50":117199,"entrants_300s":1,"entrants_60s":0,"fee_p90":101014,"net_flow_micro":-576},"before":{"no_prior_flow":true},"event_gaps_in_window":0,"mint":"Db3R16VcBSFPsmAiToqZwJ9A1wG3nFePM2vUw1d4pump","snapshot_drops_in_window":0,"t":1788975900000}
{"after":{"bot_uniform_micro":0,"cu_p50":136455,"entrants_300s":19,"entrants_60s":10,"fee_p90":1005000,"net_flow_micro":-1641050},"before":{"no_prior_flow":true},"event_gaps_in_window":0,"mint":"DnjxjnV5XTDKq9nMzrSPer7zKpvBmLgmd27iDwXApump","snapshot_drops_in_window":0,"t":1788975900000}
{"after":{"bot_uniform_micro":0,"cu_p50":118237,"entrants_300s":5,"entrants_60s":1,"fee_p90":10005000,"net_flow_micro":847238},"before":{"no_prior_flow":true},"event_gaps_in_window":0,"mint":"Dp9gxFemyiHfVMTLdFhjP7h1EnHTe4Ki6fEB6Mw3pump","snapshot_drops_in_window":0,"t":1788975900000}
{"after":{"bot_uniform_micro":500000,"cu_p50":81538,"entrants_300s":6,"entrants_60s":3,"fee_p90":110000,"net_flow_micro":1591178},"before":{"bot_uniform_micro":0,"cu_p50":104051,"entrants_300s":1,"entrants_60s":1,"fee_p90":79825,"net_flow_micro":884777},"event_gaps_in_window":0,"mint":"DqLsKkjYF9oBdALcxiifNntGzzWmhtiMZnUHWPqhWuKH","snapshot_drops_in_window":0,"t":1788975900000}
{"after":{"bot_uniform_micro":0,"cu_p50":108354,"entrants_300s":5,"entrants_60s":0,"fee_p90":132927,"net_flow_micro":-43622},"before":{"no_prior_flow":true},"event_gaps_in_window":0,"mint":"Dsr5iNf2Ko5scKz2pR7iaAKz4bUjquvT7KeQvB88pump","snapshot_drops_in_window":0,"t":1788975900000}
{"after":{"bot_uniform_micro":0,"cu_p50":162343,"entrants_300s":2,"entrants_60s":0,"fee_p90":99158,"net_flow_micro":-2927624},"before":{"no_prior_flow":true},"event_gaps_in_window":0,"mint":"DtHH4ZvyDusSzecfWnYxN1L68Jc31bN7nx8bckEmpump","snapshot_drops_in_window":0,"t":1788975900000}
{"after":{"bot_uniform_micro":0,"cu_p50":102198,"entrants_300s":3,"entrants_60s":1,"fee_p90":50005000,"net_flow_micro":-786849},"before":{"no_prior_flow":true},"event_gaps_in_window":0,"mint":"DvSwPkzWJrDrQY6SjSdbzzLN4A1Yyuo69WKJPBWspump","snapshot_drops_in_window":0,"t":1788975900000}
{"after":{"bot_uniform_micro":0,"cu_p50":162881,"entrants_300s":8,"entrants_60s":0,"fee_p90":15000,"net_flow_micro":852326},"before":{"no_prior_flow":true},"event_gaps_in_window":0,"mint":"E8PbrUKnXkNKqeW8A7J9xd729eiNAPPBKfRKxV9qpump","snapshot_drops_in_window":0,"t":1788975900000}
{"after":{"bot_uniform_micro":0,"cu_p50":115023,"entrants_300s":38,"entrants_60s":10,"fee_p90":410000,"net_flow_micro":7641165},"before":{"no_prior_flow":true},"event_gaps_in_window":0,"mint":"EKY7EeT6WUAiRJNxcyTMDKcYyqESM3Ht25diPTN2pump","snapshot_drops_in_window":0,"t":1788975900000}
{"after":{"bot_uniform_micro":0,"cu_p50":93678,"entrants_300s":2,"entrants_60s":1,"fee_p90":15000,"net_flow_micro":1740678},"before":{"no_prior_flow":true},"event_gaps_in_window":0,"mint":"EWfb1SZmwgbM33ak9D9inPnLm78mwJDGce4jyiK4pump","snapshot_drops_in_window":0,"t":1788975900000}
{"after":{"bot_uniform_micro":0,"cu_p50":88405,"entrants_300s":2,"entrants_60s":2,"fee_p90":30000,"net_flow_micro":-10761725},"before":{"no_prior_flow":true},"event_gaps_in_window":0,"mint":"EWxUmDbsxJSFx1CbhBfexdkV1tc7Uy6VWmgACTBZ9sEx","snapshot_drops_in_window":0,"t":1788975900000}
{"after":{"bot_uniform_micro":0,"cu_p50":143949,"entrants_300s":7,"entrants_60s":4,"fee_p90":653451,"net_flow_micro":1900746},"before":{"no_prior_flow":true},"event_gaps_in_window":0,"mint":"EYKzyYrf4q5zGJBszrDGjz2J2LZmGH3x7RXWpmzBpump","snapshot_drops_in_window":0,"t":1788975900000}
{"after":{"bot_uniform_micro":0,"cu_p50":90454,"entrants_300s":1,"entrants_60s":0,"fee_p90":15000,"net_flow_micro":-612812},"before":{"no_prior_flow":true},"event_gaps_in_window":0,"mint":"EbJMiyPiFqozfR8qEn5CttenDQwP1xn2g3KdzCgEpump","snapshot_drops_in_window":0,"t":1788975900000}
{"after":{"bot_uniform_micro":null,"cu_p50":null,"entrants_300s":0,"entrants_60s":0,"fee_p90":null,"net_flow_micro":-1097360},"before":{"no_prior_flow":true},"event_gaps_in_window":0,"mint":"EwzdTm98vnwetWYXucw5qCEsFBwwC7oQjsmHT6d7pump","snapshot_drops_in_window":0,"t":1788975900000}
{"after":{"bot_uniform_micro":92593,"cu_p50":146161,"entrants_300s":46,"entrants_60s":7,"fee_p90":410000,"net_flow_micro":662427},"before":{"no_prior_flow":true},"event_gaps_in_window":0,"mint":"FCcMhUa1MJsCZRyj17QHJuAFAK2j229T1Dc9ymjKpump","snapshot_drops_in_window":0,"t":1788975900000}
{"after":{"bot_uniform_micro":0,"cu_p50":83599,"entrants_300s":17,"entrants_60s":0,"fee_p90":4049047,"net_flow_micro":708052},"before":{"bot_uniform_micro":null,"cu_p50":null,"entrants_300s":0,"entrants_60s":0,"fee_p90":null,"net_flow_micro":-474678},"event_gaps_in_window":0,"mint":"FKPRghm3SPYmg5xsNgc7RCW9kNnNb3qDWAAkxHULpump","snapshot_drops_in_window":0,"t":1788975900000}
{"after":{"bot_uniform_micro":0,"cu_p50":189656,"entrants_300s":1,"entrants_60s":1,"fee_p90":72206,"net_flow_micro":10409},"before":{"no_prior_flow":true},"event_gaps_in_window":0,"mint":"FL75A9Qyp4LpmXKc2X3GWTvGgPd4mwWhVMiqwsj2tDwj","snapshot_drops_in_window":0,"t":1788975900000}
{"after":{"bot_uniform_micro":38961,"cu_p50":144685,"entrants_300s":57,"entrants_60s":11,"fee_p90":552501,"net_flow_micro":-1912472},"before":{"bot_uniform_micro":0,"cu_p50":412940,"entrants_300s":1,"entrants_60s":0,"fee_p90":494294,"net_flow_micro":-476382},"event_gaps_in_window":0,"mint":"FREoocUFHTh7VepWTAtHFis3897ssDPYA1EBvdTapump","snapshot_drops_in_window":0,"t":1788975900000}
{"after":{"bot_uniform_micro":0,"cu_p50":174870,"entrants_300s":3,"entrants_60s":0,"fee_p90":388706,"net_flow_micro":-130706},"before":{"no_prior_flow":true},"event_gaps_in_window":0,"mint":"FXjVgXwBia2WbnsCQT3RsB7KYtcDvefsLeJx5AEtpump","snapshot_drops_in_window":0,"t":1788975900000}
{"after":{"bot_uniform_micro":0,"cu_p50":199499,"entrants_300s":4,"entrants_60s":0,"fee_p90":85000,"net_flow_micro":-602391},"before":{"bot_uniform_micro":null,"cu_p50":null,"entrants_300s":0,"entrants_60s":0,"fee_p90":null,"net_flow_micro":0},"event_gaps_in_window":0,"mint":"FY3mQ351mRQVicM26UXZ3f2Sj92tkjhEXEsuM9YfH93e","snapshot_drops_in_window":0,"t":1788975900000}
{"after":{"bot_uniform_micro":289941,"cu_p50":131810,"entrants_300s":138,"entrants_60s":7,"fee_p90":410000,"net_flow_micro":-14101034},"before":{"bot_uniform_micro":0,"cu_p50":89170,"entrants_300s":2,"entrants_60s":0,"fee_p90":86290,"net_flow_micro":-4889430},"event_gaps_in_window":0,"mint":"FaJsHUZmyHsZTRtMQ6AxYXGgoVSDsjWjZQXokUuTpump","snapshot_drops_in_window":0,"t":1788975900000}
{"after":{"bot_uniform_micro":903846,"cu_p50":136707,"entrants_300s":39,"entrants_60s":4,"fee_p90":89498,"net_flow_micro":3236575},"before":{"no_prior_flow":true},"event_gaps_in_window":0,"mint":"Fx8TMhnCVcXBUsvdKXoSwCapdCHV3x55ACxUVSkepump","snapshot_drops_in_window":0,"t":1788975900000}
{"after":{"bot_uniform_micro":666667,"cu_p50":138159,"entrants_300s":1,"entrants_60s":0,"fee_p90":9000,"net_flow_micro":907244},"before":{"no_prior_flow":true},"event_gaps_in_window":0,"mint":"GC87Z47XsT6GnrRQjXwRkHLg4qSUXrtk7dzyBpSnpump","snapshot_drops_in_window":0,"t":1788975900000}
{"after":{"bot_uniform_micro":0,"cu_p50":143537,"entrants_300s":1,"entrants_60s":0,"fee_p90":552501,"net_flow_micro":595119},"before":{"no_prior_flow":true},"event_gaps_in_window":0,"mint":"GLteMVHGWknSNvCAeVxiePAN6Fuje6yaUmEn4WvZpump","snapshot_drops_in_window":0,"t":1788975900000}
{"after":{"bot_uniform_micro":0,"cu_p50":102003,"entrants_300s":26,"entrants_60s":0,"fee_p90":1005000,"net_flow_micro":-21139013},"before":{"bot_uniform_micro":0,"cu_p50":268608,"entrants_300s":1,"entrants_60s":0,"fee_p90":410000,"net_flow_micro":-1468563},"event_gaps_in_window":0,"mint":"GR867ubpr6onDw7pjSPYGsHmpLb7QL9VuBZxD3R7pump","snapshot_drops_in_window":0,"t":1788975900000}
{"after":{"bot_uniform_micro":0,"cu_p50":79413,"entrants_300s":5,"entrants_60s":5,"fee_p90":86290,"net_flow_micro":8081160},"before":{"no_prior_flow":true},"event_gaps_in_window":0,"mint":"GT64PB7cJs3UJnc2GYW4VFTQRyKEbzwR7DCfKFyMjRrb","snapshot_drops_in_window":0,"t":1788975900000}
{"after":{"bot_uniform_micro":0,"cu_p50":179990,"entrants_300s":3,"entrants_60s":1,"fee_p90":1094100,"net_flow_micro":2213},"before":{"no_prior_flow":true},"event_gaps_in_window":0,"mint":"GdZK2nXMo3cAbSm3AG8f6WjgC74nyeoN92kLGHtSpump","snapshot_drops_in_window":0,"t":1788975900000}
{"after":{"bot_uniform_micro":0,"cu_p50":126865,"entrants_300s":3,"entrants_60s":0,"fee_p90":101014,"net_flow_micro":13951},"before":{"no_prior_flow":true},"event_gaps_in_window":0,"mint":"Gz3q6nZzQC4vNnuggcDghvWtHToi1LweNuHSyW7Wpump","snapshot_drops_in_window":0,"t":1788975900000}
{"after":{"bot_uniform_micro":null,"cu_p50":null,"entrants_300s":0,"entrants_60s":0,"fee_p90":null,"net_flow_micro":-21426},"before":{"no_prior_flow":true},"event_gaps_in_window":0,"mint":"H4uzHREeMpSmWjMWtaZqGQkACBnYEWaDDhVn9Frppump","snapshot_drops_in_window":0,"t":1788975900000}
{"after":{"bot_uniform_micro":0,"cu_p50":90749,"entrants_300s":13,"entrants_60s":0,"fee_p90":1025000,"net_flow_micro":2961532},"before":{"bot_uniform_micro":0,"cu_p50":92223,"entrants_300s":1,"entrants_60s":0,"fee_p90":28295,"net_flow_micro":547669},"event_gaps_in_window":0,"mint":"HJk1HFcvgLqkVnEgNX1bLnXS382SAPVgiQigA7Fnpump","snapshot_drops_in_window":0,"t":1788975900000}
{"after":{"bot_uniform_micro":326531,"cu_p50":89189,"entrants_300s":85,"entrants_60s":0,"fee_p90":1005000,"net_flow_micro":1357822},"before":{"bot_uniform_micro":0,"cu_p50":89225,"entrants_300s":3,"entrants_60s":0,"fee_p90":77010,"net_flow_micro":362272},"event_gaps_in_window":0,"mint":"HYd5cRAFVXVVrt4D6LvtMcCmYDoQE1TDbeSa3MgLpump","snapshot_drops_in_window":0,"t":1788975900000}
{"after":{"bot_uniform_micro":0,"cu_p50":127468,"entrants_300s":2,"entrants_60s":1,"fee_p90":2942500,"net_flow_micro":663243},"before":{"no_prior_flow":true},"event_gaps_in_window":0,"mint":"HdPL4bP6smyfumoQhEPpkrAb4qpz3uvKZH4kdtFQpump","snapshot_drops_in_window":0,"t":1788975900000}
{"after":{"bot_uniform_micro":0,"cu_p50":122344,"entrants_300s":2,"entrants_60s":1,"fee_p90":101014,"net_flow_micro":-531554},"before":{"no_prior_flow":true},"event_gaps_in_window":0,"mint":"HrENr8Q1HzugCpFgsTU86FcAgNtH5hFQzSiuXKk8pump","snapshot_drops_in_window":0,"t":1788975900000}
{"after":{"bot_uniform_micro":0,"cu_p50":119306,"entrants_300s":1,"entrants_60s":0,"fee_p90":5000,"net_flow_micro":55},"before":{"no_prior_flow":true},"event_gaps_in_window":0,"mint":"Hy9XZ4Ae4oKtXYfuFzWkoNV18teCTpvWWu5PFD9Bpump","snapshot_drops_in_window":0,"t":1788975900000}
{"after":{"bot_uniform_micro":184615,"cu_p50":86189,"entrants_300s":40,"entrants_60s":0,"fee_p90":310613,"net_flow_micro":-16162062},"before":{"bot_uniform_micro":null,"cu_p50":null,"entrants_300s":0,"entrants_60s":0,"fee_p90":null,"net_flow_micro":-1660261},"event_gaps_in_window":0,"mint":"J4J7wFFndrNKhDa4rrMB9Amsqvqzk2uaJZDpStnUpump","snapshot_drops_in_window":0,"t":1788975900000}
{"after":{"bot_uniform_micro":0,"cu_p50":129760,"entrants_300s":2,"entrants_60s":2,"fee_p90":101014,"net_flow_micro":210097},"before":{"no_prior_flow":true},"event_gaps_in_window":0,"mint":"J4PynGFom6kLpRuRnPAdCneiSeKg8XPxNkvhJhrFpump","snapshot_drops_in_window":0,"t":1788975900000}
{"after":{"bot_uniform_micro":0,"cu_p50":126869,"entrants_300s":1,"entrants_60s":1,"fee_p90":101014,"net_flow_micro":7747881},"before":{"no_prior_flow":true},"event_gaps_in_window":0,"mint":"9w5gWetsKYZdMCJAA3URwcf8arGeAQmHT13Pdvgpump","snapshot_drops_in_window":0,"t":1788975960000}
{"after":{"bot_uniform_micro":null,"cu_p50":null,"entrants_300s":0,"entrants_60s":0,"fee_p90":null,"net_flow_micro":0},"before":{"bot_uniform_micro":null,"cu_p50":null,"entrants_300s":0,"entrants_60s":0,"fee_p90":null,"net_flow_micro":0},"event_gaps_in_window":0,"mint":"GrEpzw6CV42tY8gct9z6TZXCmCuzuPKh6eSiqD6pump","snapshot_drops_in_window":0,"t":1788975960000}
{"after":{"bot_uniform_micro":0,"cu_p50":197596,"entrants_300s":2,"entrants_60s":2,"fee_p90":14000,"net_flow_micro":-17348390},"before":{"no_prior_flow":true},"event_gaps_in_window":0,"mint":"JKqjiwqwFtuWLFQj4bkVgfkUDEx1RyQ9n1z7eBDpump","snapshot_drops_in_window":0,"t":1788975960000}
{"after":{"bot_uniform_micro":480769,"cu_p50":130787,"entrants_300s":30,"entrants_60s":22,"fee_p90":101014,"net_flow_micro":12316},"before":{"bot_uniform_micro":0,"cu_p50":133736,"entrants_300s":1,"entrants_60s":1,"fee_p90":101014,"net_flow_micro":-3914278},"event_gaps_in_window":0,"mint":"U17QJMm3GYxikj6sUNjN822T4BGtmcmXVWK3k13pump","snapshot_drops_in_window":14,"t":1788975960000}
{"after":{"bot_uniform_micro":null,"cu_p50":null,"entrants_300s":0,"entrants_60s":0,"fee_p90":null,"net_flow_micro":-320867},"before":{"no_prior_flow":true},"event_gaps_in_window":0,"mint":"24Xh9TB4jTJCLxDY1eAEkj3N82ygNJa1QVTgdR7Spump","snapshot_drops_in_window":0,"t":1788975960000}
{"after":{"bot_uniform_micro":592523,"cu_p50":101163,"entrants_300s":311,"entrants_60s":28,"fee_p90":712410,"net_flow_micro":43928789},"before":{"bot_uniform_micro":0,"cu_p50":99740,"entrants_300s":37,"entrants_60s":1,"fee_p90":496811,"net_flow_micro":15615502},"event_gaps_in_window":0,"mint":"2YuFLBKqmgBsxrbVgqRXgSrzwf6wyNCkCUAqUMEGpump","snapshot_drops_in_window":0,"t":1788975960000}
{"after":{"bot_uniform_micro":0,"cu_p50":110316,"entrants_300s":9,"entrants_60s":4,"fee_p90":137851,"net_flow_micro":1461519},"before":{"no_prior_flow":true},"event_gaps_in_window":0,"mint":"2ZKkVVkHUNTf5LfPnpudB7ANtACw8X9Tw7Lgcuxwpump","snapshot_drops_in_window":0,"t":1788975960000}
{"after":{"bot_uniform_micro":0,"cu_p50":110180,"entrants_300s":5,"entrants_60s":1,"fee_p90":1010000,"net_flow_micro":-331270},"before":{"no_prior_flow":true},"event_gaps_in_window":0,"mint":"2h2GHqhJuR5kaG6Srwk45mCZZANCYxKuNSHtYjRRpump","snapshot_drops_in_window":0,"t":1788975960000}
{"after":{"bot_uniform_micro":null,"cu_p50":null,"entrants_300s":0,"entrants_60s":0,"fee_p90":null,"net_flow_micro":0},"before":{"no_prior_flow":true},"event_gaps_in_window":0,"mint":"2hZPYB8ud7RUQAHkCmWvTcqB7YH1xfTAsAoUtDnFpump","snapshot_drops_in_window":0,"t":1788975960000}
{"after":{"bot_uniform_micro":0,"cu_p50":125328,"entrants_300s":9,"entrants_60s":6,"fee_p90":101014,"net_flow_micro":62654},"before":{"bot_uniform_micro":0,"cu_p50":124834,"entrants_300s":1,"entrants_60s":1,"fee_p90":101014,"net_flow_micro":-10542640},"event_gaps_in_window":0,"mint":"3FJwqar6B5zq6YSrvmEzW4U7ubFYJw1vdya82fFepump","snapshot_drops_in_window":1,"t":1788975960000}
{"after":{"bot_uniform_micro":0,"cu_p50":105599,"entrants_300s":19,"entrants_60s":19,"fee_p90":189807,"net_flow_micro":197555},"before":{"no_prior_flow":true},"event_gaps_in_window":0,"mint":"3T5fZJNEBDhzxBK1nbbS3AiSzCMaE2s7VDQLgmTjpump","snapshot_drops_in_window":0,"t":1788975960000}
{"after":{"bot_uniform_micro":0,"cu_p50":155923,"entrants_300s":4,"entrants_60s":4,"fee_p90":58240,"net_flow_micro":153013},"before":{"no_prior_flow":true},"event_gaps_in_window":0,"mint":"3UEHrU67ATmbwz4pQBAHxBBsoXHNPE5ZQPnpzao9pump","snapshot_drops_in_window":0,"t":1788975960000}
{"after":{"bot_uniform_micro":363636,"cu_p50":128373,"entrants_300s":3,"entrants_60s":3,"fee_p90":101014,"net_flow_micro":579292},"before":{"no_prior_flow":true},"event_gaps_in_window":0,"mint":"3ZVbE8NSiJbo2vcTMMpWgZxjnhz6GXysMFi8Xsxcpump","snapshot_drops_in_window":1,"t":1788975960000}
{"after":{"bot_uniform_micro":0,"cu_p50":120285,"entrants_300s":1,"entrants_60s":1,"fee_p90":101014,"net_flow_micro":-1212774},"before":{"no_prior_flow":true},"event_gaps_in_window":0,"mint":"3aN56TN7nwtp8UqD5xZeye42KFcazmrprhWR7Gscpump","snapshot_drops_in_window":0,"t":1788975960000}
{"after":{"bot_uniform_micro":142857,"cu_p50":140442,"entrants_300s":10,"entrants_60s":10,"fee_p90":405000,"net_flow_micro":515124},"before":{"no_prior_flow":true},"event_gaps_in_window":0,"mint":"3oV3dgtZv6TdMJe5993BtfGfHTA6E8Cbtf8Xjiodpump","snapshot_drops_in_window":0,"t":1788975960000}
{"after":{"bot_uniform_micro":379501,"cu_p50":114359,"entrants_300s":25,"entrants_60s":21,"fee_p90":101014,"net_flow_micro":-1218510},"before":{"bot_uniform_micro":0,"cu_p50":114396,"entrants_300s":1,"entrants_60s":1,"fee_p90":101014,"net_flow_micro":-23507022},"event_gaps_in_window":0,"mint":"3rswGijagm51WGXNrqYpfouThsqve2RBHaWMQgzHpump","snapshot_drops_in_window":7,"t":1788975960000}
{"after":{"bot_uniform_micro":null,"cu_p50":null,"entrants_300s":0,"entrants_60s":0,"fee_p90":null,"net_flow_micro":-618811},"before":{"no_prior_flow":true},"event_gaps_in_window":0,"mint":"3wJEdMysjAyMWC7WHMmnfMrNaryZG3rL54TdXBgiAh2u","snapshot_drops_in_window":0,"t":1788975960000}
{"after":{"bot_uniform_micro":0,"cu_p50":174803,"entrants_300s":2,"entrants_60s":2,"fee_p90":2005000,"net_flow_micro":446485},"before":{"no_prior_flow":true},"event_gaps_in_window":0,"mint":"3wQJbSgj3Vkg5oBoi77FCtWpyvvmkZrMJE5JnQbKpump","snapshot_drops_in_window":0,"t":1788975960000}
{"after":{"bot_uniform_micro":0,"cu_p50":102730,"entrants_300s":52,"entrants_60s":1,"fee_p90":127646,"net_flow_micro":196942},"before":{"no_prior_flow":true},"event_gaps_in_window":0,"mint":"3zs2DUeo3wTDbX7TWtSwHXqBCfohxetuh5y7Tz7Kpump","snapshot_drops_in_window":0,"t":1788975960000}
{"after":{"bot_uniform_micro":424390,"cu_p50":120157,"entrants_300s":34,"entrants_60s":21,"fee_p90":101014,"net_flow_micro":11548},"before":{"bot_uniform_micro":0,"cu_p50":120287,"entrants_300s":3,"entrants_60s":2,"fee_p90":101014,"net_flow_micro":670087},"event_gaps_in_window":0,"mint":"4CysxKYnU6h16MdrqzK3WBs2tzdtdiRMUnKYDbVjpump","snapshot_drops_in_window":10,"t":1788975960000}
{"after":{"bot_uniform_micro":0,"cu_p50":105190,"entrants_300s":10,"entrants_60s":10,"fee_p90":976250,"net_flow_micro":9813723},"before":{"no_prior_flow":true},"event_gaps_in_window":0,"mint":"4cPYeu1LvXAZoQiXzfVhWHHfSrX3aXN51hDtVsfXpump","snapshot_drops_in_window":0,"t":1788975960000}
{"after":{"bot_uniform_micro":0,"cu_p50":165597,"entrants_300s":3,"entrants_60s":3,"fee_p90":105000,"net_flow_micro":2970240},"before":{"no_prior_flow":true},"event_gaps_in_window":0,"mint":"4gNU9ZtNq8fSwsK61SnDhuhK7aJQuWwxmPJ2me3Epump","snapshot_drops_in_window":0,"t":1788975960000}
{"after":{"bot_uniform_micro":230769,"cu_p50":88197,"entrants_300s":11,"entrants_60s":0,"fee_p90":1005000,"net_flow_micro":682006},"before":{"no_prior_flow":true},"event_gaps_in_window":0,"mint":"4sij9xw3iCuDdVZCQqaA8WTkZPZfXJg2RnjSSJEWpump","snapshot_drops_in_window":0,"t":1788975960000}
{"after":{"bot_uniform_micro":136364,"cu_p50":92412,"entrants_300s":22,"entrants_60s":22,"fee_p90":155001,"net_flow_micro":17539127},"before":{"no_prior_flow":true},"event_gaps_in_window":0,"mint":"4t2DC7mis1squwKYqr6hDzn5uacbNEj7dAGrZ5H2pump","snapshot_drops_in_window":0,"t":1788975960000}
{"after":{"bot_uniform_micro":null,"cu_p50":null,"entrants_300s":0,"entrants_60s":0,"fee_p90":null,"net_flow_micro":-1982689},"before":{"no_prior_flow":true},"event_gaps_in_window":0,"mint":"4wRmu5KY7X353uBHYsPJhvuRZc6MMzgsU8aGqXtupump","snapshot_drops_in_window":0,"t":1788975960000}
{"after":{"bot_uniform_micro":0,"cu_p50":113565,"entrants_300s":1,"entrants_60s":0,"fee_p90":5000,"net_flow_micro":0},"before":{"no_prior_flow":true},"event_gaps_in_window":0,"mint":"55qDmCPGUGdLAuN6rYzoqoTZ1xhKaRvDCQwZFB4mpump","snapshot_drops_in_window":0,"t":1788975960000}
{"after":{"bot_uniform_micro":0,"cu_p50":76605,"entrants_300s":1,"entrants_60s":0,"fee_p90":100210,"net_flow_micro":1955556},"before":{"no_prior_flow":true},"event_gaps_in_window":0,"mint":"5KXYJ2XWf3qyApSRd9a22JuuDVe5hu41ym5GrhDRpump","snapshot_drops_in_window":0,"t":1788975960000}
{"after":{"bot_uniform_micro":0,"cu_p50":88422,"entrants_300s":1,"entrants_60s":0,"fee_p90":1005000,"net_flow_micro":-49},"before":{"no_prior_flow":true},"event_gaps_in_window":0,"mint":"5Sum3QmNZ8FAmr3idjDcD4UwTRAQRuD9tA2ZrX2Fpump","snapshot_drops_in_window":0,"t":1788975960000}
{"after":{"bot_uniform_micro":null,"cu_p50":null,"entrants_300s":0,"entrants_60s":0,"fee_p90":null,"net_flow_micro":-914838},"before":{"no_prior_flow":true},"event_gaps_in_window":0,"mint":"5c2dUt3MZTTqLGEBr28M9xLCiLxFvVQxgdr6ytLPpump","snapshot_drops_in_window":0,"t":1788975960000}
{"after":{"bot_uniform_micro":null,"cu_p50":null,"entrants_300s":0,"entrants_60s":0,"fee_p90":null,"net_flow_micro":-24},"before":{"no_prior_flow":true},"event_gaps_in_window":0,"mint":"5cAz6tvPmNPQ5c6qA5RqjiQ6ea46Md3x8fUXGBHtpump","snapshot_drops_in_window":0,"t":1788975960000}
{"after":{"bot_uniform_micro":0,"cu_p50":104554,"entrants_300s":11,"entrants_60s":11,"fee_p90":191048,"net_flow_micro":293202},"before":{"no_prior_flow":true},"event_gaps_in_window":0,"mint":"5hiM7APgjW8s9W91z33h83xtjC2B1AzP42cxjo7cpump","snapshot_drops_in_window":0,"t":1788975960000}
{"after":{"bot_uniform_micro":0,"cu_p50":93718,"entrants_300s":9,"entrants_60s":0,"fee_p90":125022,"net_flow_micro":5507031},"before":{"bot_uniform_micro":0,"cu_p50":95021,"entrants_300s":1,"entrants_60s":0,"fee_p90":86290,"net_flow_micro":1836685},"event_gaps_in_window":0,"mint":"5w6dfuRf3teRRsg2hRFXVuC5taYB6eqwnypC1BJrpump","snapshot_drops_in_window":0,"t":1788975960000}
{"after":{"bot_uniform_micro":0,"cu_p50":175514,"entrants_300s":1,"entrants_60s":0,"fee_p90":15000,"net_flow_micro":-8367},"before":{"no_prior_flow":true},"event_gaps_in_window":0,"mint":"659xrvMd1Vdc7TUFQ2uL8hFMmbN3i52yqRX3HTGiEbnu","snapshot_drops_in_window":0,"t":1788975960000}
{"after":{"bot_uniform_micro":0,"cu_p50":101931,"entrants_300s":8,"entrants_60s":0,"fee_p90":159000,"net_flow_micro":1579944},"before":{"bot_uniform_micro":0,"cu_p50":104063,"entrants_300s":1,"entrants_60s":0,"fee_p90":77290,"net_flow_micro":750833},"event_gaps_in_window":0,"mint":"66EWaJYEB5FapTkAZQA8UD6WMZqb3q9aeB66VHbtpump","snapshot_drops_in_window":0,"t":1788975960000}
{"after":{"bot_uniform_micro":538741,"cu_p50":95102,"entrants_300s":500,"entrants_60s":117,"fee_p90":508585,"net_flow_micro":28310763},"before":{"bot_uniform_micro":0,"cu_p50":96677,"entrants_300s":45,"entrants_60s":9,"fee_p90":496809,"net_flow_micro":4885658},"event_gaps_in_window":0,"mint":"67afrnTxo8DVc52Uev61Yo4Yr9BGQpRw1RpPMWcx42La","snapshot_drops_in_window":0,"t":1788975960000}
{"after":{"bot_uniform_micro":0,"cu_p50":123218,"entrants_300s":7,"entrants_60s":7,"fee_p90":108490,"net_flow_micro":1104964},"before":{"no_prior_flow":true},"event_gaps_in_window":0,"mint":"693pcjWS8HTmMsYtmpFEdVSbzjM4HxwGoSHwmU5ypump","snapshot_drops_in_window":0,"t":1788975960000}
{"after":{"bot_uniform_micro":0,"cu_p50":132576,"entrants_300s":3,"entrants_60s":0,"fee_p90":55000,"net_flow_micro":-7064200},"before":{"no_prior_flow":true},"event_gaps_in_window":0,"mint":"6NwA7EAjVW1XoHj62964dH3Lh1qHtpSEeyhnWbHSpump","snapshot_drops_in_window":0,"t":1788975960000}
{"after":{"bot_uniform_micro":null,"cu_p50":null,"entrants_300s":0,"entrants_60s":0,"fee_p90":null,"net_flow_micro":-1515},"before":{"no_prior_flow":true},"event_gaps_in_window":0,"mint":"6T1BNshzGAKAHvJ3NZ5n62X2eg5rqqsMipUMZJvLpump","snapshot_drops_in_window":0,"t":1788975960000}
{"after":{"bot_uniform_micro":0,"cu_p50":120286,"entrants_300s":1,"entrants_60s":1,"fee_p90":101014,"net_flow_micro":-103962},"before":{"no_prior_flow":true},"event_gaps_in_window":0,"mint":"6Tt8w8eNciinW2HaMn9WwUhde2cEBVfU1tUTvuWQpump","snapshot_drops_in_window":0,"t":1788975960000}
{"after":{"bot_uniform_micro":null,"cu_p50":null,"entrants_300s":0,"entrants_60s":0,"fee_p90":null,"net_flow_micro":-3903},"before":{"no_prior_flow":true},"event_gaps_in_window":0,"mint":"6XMzbhvvrCH1MVTrcnebhqmwej7ZUogdi91zorqNpump","snapshot_drops_in_window":0,"t":1788975960000}
{"after":{"bot_uniform_micro":100000,"cu_p50":204318,"entrants_300s":25,"entrants_60s":0,"fee_p90":410000,"net_flow_micro":188454},"before":{"no_prior_flow":true},"event_gaps_in_window":0,"mint":"6faFcTYnxVtvtFvq3KmZbpUHmaDMsgWExKbg2QTXpump","snapshot_drops_in_window":0,"t":1788975960000}
{"after":{"bot_uniform_micro":0,"cu_p50":134261,"entrants_300s":7,"entrants_60s":0,"fee_p90":1005000,"net_flow_micro":14816},"before":{"bot_uniform_micro":0,"cu_p50":134310,"entrants_300s":1,"entrants_60s":0,"fee_p90":101014,"net_flow_micro":57172737},"event_gaps_in_window":0,"mint":"6ocz1wL9hdCwgwWRUSgeNCLSQrME2UUNiC9es5kGpump","snapshot_drops_in_window":2,"t":1788975960000}
{"after":{"bot_uniform_micro":0,"cu_p50":92338,"entrants_300s":5,"entrants_60s":0,"fee_p90":129100,"net_flow_micro":1965432},"before":{"no_prior_flow":true},"event_gaps_in_window":0,"mint":"6pBRxnhUPobWiuShQ3SQPPe3Z9dx2HiTHiAyT3Uepump","snapshot_drops_in_window":0,"t":1788975960000}
{"after":{"bot_uniform_micro":0,"cu_p50":92381,"entrants_300s":5,"entrants_60s":0,"fee_p90":215000,"net_flow_micro":615029},"before":{"no_prior_flow":true},"event_gaps_in_window":0,"mint":"77CHZyKTgGjysxrfgYaTWJQ1vG17NKHewHfFV2Nqpump","snapshot_drops_in_window":0,"t":1788975960000}
{"after":{"bot_uniform_micro":0,"cu_p50":137364,"entrants_300s":6,"entrants_60s":6,"fee_p90":101014,"net_flow_micro":412618},"before":{"no_prior_flow":true},"event_gaps_in_window":0,"mint":"77WzcwEYiyNAdYi4VQVyKfs2ydJ5DiPCvN8tWwPXpump","snapshot_drops_in_window":0,"t":1788975960000}
{"after":{"bot_uniform_micro":0,"cu_p50":178148,"entrants_300s":7,"entrants_60s":4,"fee_p90":28441,"net_flow_micro":1403281},"before":{"no_prior_flow":true},"event_gaps_in_window":0,"mint":"7CwLRAyJe5UbhRe4ZzVdjwM2bX3BDfYnsrRcynwM9j6G","snapshot_drops_in_window":0,"t":1788975960000}
{"after":{"bot_uniform_micro":0,"cu_p50":85264,"entrants_300s":2,"entrants_60s":0,"fee_p90":86290,"net_flow_micro":586667},"before":{"no_prior_flow":true},"event_gaps_in_window":0,"mint":"7eiS447TVyaMEU48iAEXWtSQM4ufP9Hc9feSi8yapump","snapshot_drops_in_window":0,"t":1788975960000}
{"after":{"bot_uniform_micro":200000,"cu_p50":89285,"entrants_300s":15,"entrants_60s":0,"fee_p90":1005000,"net_flow_micro":95587},"before":{"no_prior_flow":true},"event_gaps_in_window":0,"mint":"7grQifoaY2UdTX7aHiVkpKtst18AJWadeuHi3rXbpump","snapshot_drops_in_window":0,"t":1788975960000}
{"after":{"bot_uniform_micro":375000,"cu_p50":89087,"entrants_300s":8,"entrants_60s":1,"fee_p90":1005000,"net_flow_micro":0},"before":{"no_prior_flow":true},"event_gaps_in_window":0,"mint":"7twBgr8V9JnuXjuNbvc3v1TCF9mUtuLQa5Q6wVfupump","snapshot_drops_in_window":0,"t":1788975960000}
{"after":{"bot_uniform_micro":312500,"cu_p50":126898,"entrants_300s":10,"entrants_60s":2,"fee_p90":101014,"net_flow_micro":185849},"before":{"bot_uniform_micro":0,"cu_p50":126902,"entrants_300s":1,"entrants_60s":0,"fee_p90":101014,"net_flow_micro":-32684254},"event_gaps_in_window":0,"mint":"85C2mLzVAbAi6bHLTX7y6HukJcWraEAKg3EdQQz5pump","snapshot_drops_in_window":5,"t":1788975960000}
{"after":{"bot_uniform_micro":0,"cu_p50":143309,"entrants_300s":23,"entrants_60s":3,"fee_p90":410000,"net_flow_micro":-7382937},"before":{"bot_uniform_micro":0,"cu_p50":292117,"entrants_300s":1,"entrants_60s":0,"fee_p90":410000,"net_flow_micro":535709},"event_gaps_in_window":0,"mint":"8CUkfgU3w5zxWP27v9B9mef15sL23fzxYvw23wbPpump","snapshot_drops_in_window":0,"t":1788975960000}
{"after":{"bot_uniform_micro":331445,"cu_p50":147288,"entrants_300s":38,"entrants_60s":11,"fee_p90":101014,"net_flow_micro":-218096},"before":{"bot_uniform_micro":0,"cu_p50":147288,"entrants_300s":2,"entrants_60s":1,"fee_p90":101014,"net_flow_micro":141677058},"event_gaps_in_window":0,"mint":"8JJZS5k9FtEzCxhYzB7R3r2XXoLfBtVxEjvKuxcEpump","snapshot_drops_in_window":18,"t":1788975960000}
{"after":{"bot_uniform_micro":0,"cu_p50":121557,"entrants_300s":1,"entrants_60s":0,"fee_p90":9000,"net_flow_micro":1880},"before":{"no_prior_flow":true},"event_gaps_in_window":0,"mint":"8NNG2iEQedAqcYSGV5qP5t49VXMbNEF1EhKFbQrfpump","snapshot_drops_in_window":0,"t":1788975960000}
{"after":{"bot_uniform_micro":null,"cu_p50":null,"entrants_300s":0,"entrants_60s":0,"fee_p90":null,"net_flow_micro":-33027},"before":{"no_prior_flow":true},"event_gaps_in_window":0,"mint":"8WvuNc9Pi7y2ML2ceBfittZNbmWBrWHLK9DviAxjpump","snapshot_drops_in_window":0,"t":1788975960000}
{"after":{"bot_uniform_micro":0,"cu_p50":108124,"entrants_300s":6,"entrants_60s":2,"fee_p90":377072,"net_flow_micro":-2935168},"before":{"no_prior_flow":true},"event_gaps_in_window":0,"mint":"8Xf2TSBVx9NEfum7HmR4kELZAW9iLT264Nnj8aHepump","snapshot_drops_in_window":0,"t":1788975960000}
{"after":{"bot_uniform_micro":303797,"cu_p50":92073,"entrants_300s":115,"entrants_60s":0,"fee_p90":105000,"net_flow_micro":2078394},"before":{"bot_uniform_micro":0,"cu_p50":98025,"entrants_300s":8,"entrants_60s":0,"fee_p90":86290,"net_flow_micro":5668296},"event_gaps_in_window":0,"mint":"8ZudgzJ2t6N4UQKESm15jKzsbaLp6PoqHxf8LKsepump","snapshot_drops_in_window":0,"t":1788975960000}
{"after":{"bot_uniform_micro":145161,"cu_p50":127758,"entrants_300s":16,"entrants_60s":16,"fee_p90":101014,"net_flow_micro":121541},"before":{"no_prior_flow":true},"event_gaps_in_window":0,"mint":"8ZyQ1LLm8EBsbJjVnTYfNecF1GAhL5aJ5sMYyyGXpump","snapshot_drops_in_window":0,"t":1788975960000}
{"after":{"bot_uniform_micro":352941,"cu_p50":90308,"entrants_300s":16,"entrants_60s":1,"fee_p90":67500,"net_flow_micro":10069081},"before":{"no_prior_flow":true},"event_gaps_in_window":0,"mint":"8g7fdfaWLw2SXn3XuaMhQKF3uMtFJzANGvjY7k1kpump","snapshot_drops_in_window":0,"t":1788975960000}
{"after":{"bot_uniform_micro":0,"cu_p50":76259,"entrants_300s":2,"entrants_60s":0,"fee_p90":7505001,"net_flow_micro":1327256},"before":{"no_prior_flow":true},"event_gaps_in_window":0,"mint":"8j3rbmt4EjnCxFh973v3YH6CGPzoHq6rAfXqgT3dpump","snapshot_drops_in_window":0,"t":1788975960000}
{"after":{"bot_uniform_micro":0,"cu_p50":126756,"entrants_300s":14,"entrants_60s":0,"fee_p90":125008,"net_flow_micro":989825},"before":{"bot_uniform_micro":null,"cu_p50":null,"entrants_300s":0,"entrants_60s":0,"fee_p90":null,"net_flow_micro":-114156},"event_gaps_in_window":0,"mint":"8jF7PYcSpaoSZD2EarVGuBub8VCuAEs7G88P4Eeipump","snapshot_drops_in_window":0,"t":1788975960000}
{"after":{"bot_uniform_micro":58824,"cu_p50":90679,"entrants_300s":50,"entrants_60s":0,"fee_p90":120000,"net_flow_micro":14635559},"before":{"bot_uniform_micro":0,"cu_p50":92064,"entrants_300s":3,"entrants_60s":0,"fee_p90":100211,"net_flow_micro":1111298},"event_gaps_in_window":0,"mint":"8kEuFRzK9yks1UuNnDeFaCCmgMsuVmbKKfrL9dEypump","snapshot_drops_in_window":0,"t":1788975960000}
{"after":{"bot_uniform_micro":0,"cu_p50":122381,"entrants_300s":2,"entrants_60s":1,"fee_p90":101014,"net_flow_micro":0},"before":{"no_prior_flow":true},"event_gaps_in_window":0,"mint":"8pmRkMo4UdHVX7Vxxzyu3kJgtkLZ7z6KhhBJmtaQpump","snapshot_drops_in_window":0,"t":1788975960000}
{"after":{"bot_uniform_micro":null,"cu_p50":null,"entrants_300s":0,"entrants_60s":0,"fee_p90":null,"net_flow_micro":0},"before":{"no_prior_flow":true},"event_gaps_in_window":0,"mint":"94nqQnFCAMjmRzB4wAfg2VbAz5o3pduxndKysJi1pump","snapshot_drops_in_window":0,"t":1788975960000}
{"after":{"bot_uniform_micro":0,"cu_p50":120435,"entrants_300s":4,"entrants_60s":1,"fee_p90":101014,"net_flow_micro":97772},"before":{"no_prior_flow":true},"event_gaps_in_window":0,"mint":"97JfxSTAAyuLUzjakvb7Pshi4CJqkS5tLs9auCMCpump","snapshot_drops_in_window":0,"t":1788975960000}
{"after":{"bot_uniform_micro":0,"cu_p50":121280,"entrants_300s":2,"entrants_60s":0,"fee_p90":49615,"net_flow_micro":5351},"before":{"no_prior_flow":true},"event_gaps_in_window":0,"mint":"97MZRRSeEZSWXa6cHu3capuoZz13HViWGSWjNGffpump","snapshot_drops_in_window":0,"t":1788975960000}
{"after":{"bot_uniform_micro":0,"cu_p50":116375,"entrants_300s":4,"entrants_60s":1,"fee_p90":101014,"net_flow_micro":188555},"before":{"no_prior_flow":true},"event_gaps_in_window":0,"mint":"9UMdzqrJoUnrmN5xEvqoVAmEuiUFPLzB8i9MmJzmpump","snapshot_drops_in_window":0,"t":1788975960000}
{"after":{"bot_uniform_micro":317073,"cu_p50":85362,"entrants_300s":23,"entrants_60s":8,"fee_p90":1005000,"net_flow_micro":3713597},"before":{"bot_uniform_micro":0,"cu_p50":105622,"entrants_300s":1,"entrants_60s":0,"fee_p90":1005000,"net_flow_micro":1769877},"event_gaps_in_window":0,"mint":"9UkQpLXBJXFRiwH69HqSt52mwmZrL5VYiBiwzAtqpump","snapshot_drops_in_window":0,"t":1788975960000}
{"after":{"bot_uniform_micro":0,"cu_p50":104260,"entrants_300s":21,"entrants_60s":0,"fee_p90":127112,"net_flow_micro":197500},"before":{"no_prior_flow":true},"event_gaps_in_window":0,"mint":"9WV93UcmkUVpkZfZsY1vEUGnK82eqBCpKhixdLcHpump","snapshot_drops_in_window":0,"t":1788975960000}
{"after":{"bot_uniform_micro":0,"cu_p50":90553,"entrants_300s":18,"entrants_60s":0,"fee_p90":2890161,"net_flow_micro":1716},"before":{"no_prior_flow":true},"event_gaps_in_window":0,"mint":"9t1Th2SAkdFeXftzZ24Sqp41M8ewbdAgMZFQxq1ypump","snapshot_drops_in_window":0,"t":1788975960000}
{"after":{"bot_uniform_micro":null,"cu_p50":null,"entrants_300s":0,"entrants_60s":0,"fee_p90":null,"net_flow_micro":-8912},"before":{"bot_uniform_micro":null,"cu_p50":null,"entrants_300s":0,"entrants_60s":0,"fee_p90":null,"net_flow_micro":-8912},"event_gaps_in_window":0,"mint":"9t7R8JPsed1jozxCaRKDiNyivYewN4wBZFWTtAVCquLW","snapshot_drops_in_window":0,"t":1788975960000}
{"after":{"bot_uniform_micro":334158,"cu_p50":134194,"entrants_300s":245,"entrants_60s":44,"fee_p90":1005000,"net_flow_micro":2688287},"before":{"bot_uniform_micro":0,"cu_p50":98264,"entrants_300s":14,"entrants_60s":0,"fee_p90":702211,"net_flow_micro":-2525411},"event_gaps_in_window":0,"mint":"A1saYxATRfsHMop5J7kRnRJBn3Yckho1D2m146impump","snapshot_drops_in_window":0,"t":1788975960000}
{"after":{"bot_uniform_micro":428571,"cu_p50":136534,"entrants_300s":23,"entrants_60s":11,"fee_p90":405000,"net_flow_micro":-5197410},"before":{"no_prior_flow":true},"event_gaps_in_window":0,"mint":"A3axJLvQXKj2i2gEMkSq9gx7pC77CDYEcnZi6xPEpump","snapshot_drops_in_window":0,"t":1788975960000}
{"after":{"bot_uniform_micro":0,"cu_p50":79640,"entrants_300s":2,"entrants_60s":0,"fee_p90":108490,"net_flow_micro":2171644},"before":{"no_prior_flow":true},"event_gaps_in_window":0,"mint":"A4p9H32z3tnR8YJ48AeYBiUJyuwuVTNUsoDm7fn1ewVa","snapshot_drops_in_window":0,"t":1788975960000}
{"after":{"bot_uniform_micro":0,"cu_p50":104162,"entrants_300s":21,"entrants_60s":6,"fee_p90":907389,"net_flow_micro":4174297},"before":{"no_prior_flow":true},"event_gaps_in_window":0,"mint":"A56gtWXL96fS94zo5C36WCKHtdRC1unGrtXUHDCGpump","snapshot_drops_in_window":0,"t":1788975960000}
{"after":{"bot_uniform_micro":119403,"cu_p50":130736,"entrants_300s":16,"entrants_60s":0,"fee_p90":101014,"net_flow_micro":709},"before":{"no_prior_flow":true},"event_gaps_in_window":0,"mint":"ADQnsCogLFphqPcnr12wgCzUw55uUN7bw9JHkMyEpump","snapshot_drops_in_window":0,"t":1788975960000}
{"after":{"bot_uniform_micro":0,"cu_p50":323351,"entrants_300s":2,"entrants_60s":1,"fee_p90":410000,"net_flow_micro":-609012},"before":{"no_prior_flow":true},"event_gaps_in_window":0,"mint":"AScFao7bzbdJh7rBiF4yFqcY26dPdRqGffRttTYMpump","snapshot_drops_in_window":0,"t":1788975960000}
{"after":{"bot_uniform_micro":343066,"cu_p50":122320,"entrants_300s":23,"entrants_60s":20,"fee_p90":101014,"net_flow_micro":206723},"before":{"bot_uniform_micro":0,"cu_p50":122250,"entrants_300s":1,"entrants_60s":1,"fee_p90":101014,"net_flow_micro":10614495},"event_gaps_in_window":0,"mint":"AU4RpCmsTLF4iedLninD6L2vZ4v2jHZpB6Z4vobwpump","snapshot_drops_in_window":1,"t":1788975960000}
{"after":{"bot_uniform_micro":null,"cu_p50":null,"entrants_300s":0,"entrants_60s":0,"fee_p90":null,"net_flow_micro":-4825136},"before":{"no_prior_flow":true},"event_gaps_in_window":0,"mint":"AiwefDnXbePPvEd4bK95ccVPr3C8oUoBLYraHSTRpump","snapshot_drops_in_window":0,"t":1788975960000}
{"after":{"bot_uniform_micro":0,"cu_p50":132165,"entrants_300s":2,"entrants_60s":1,"fee_p90":60100,"net_flow_micro":890579},"before":{"no_prior_flow":true},"event_gaps_in_window":0,"mint":"AmeVaqAs3uEyzKvogy3qpbTkZ4gnAfLhnLAyFji7pump","snapshot_drops_in_window":0,"t":1788975960000}
{"after":{"bot_uniform_micro":0,"cu_p50":130176,"entrants_300s":14,"entrants_60s":2,"fee_p90":367242,"net_flow_micro":-4319210},"before":{"no_prior_flow":true},"event_gaps_in_window":0,"mint":"AqZSLRg9uMVAREFQCEyy37wCJmQ7T4QYjJUURSmbpump","snapshot_drops_in_window":0,"t":1788975960000}
{"after":{"bot_uniform_micro":0,"cu_p50":100309,"entrants_300s":5,"entrants_60s":5,"fee_p90":1005000,"net_flow_micro":760107},"before":{"no_prior_flow":true},"event_gaps_in_window":0,"mint":"B2sbKzTXxRLP19WuxiXDQXYn8SQVtqkPtFJ7eK9Qpump","snapshot_drops_in_window":0,"t":1788975960000}
{"after":{"bot_uniform_micro":0,"cu_p50":114226,"entrants_300s":5,"entrants_60s":0,"fee_p90":217648,"net_flow_micro":155832},"before":{"no_prior_flow":true},"event_gaps_in_window":0,"mint":"BCp4DNwbXBLajpY2aAPDTaWfZUQ97u1D26pn8HCApump","snapshot_drops_in_window":0,"t":1788975960000}
{"after":{"bot_uniform_micro":0,"cu_p50":130670,"entrants_300s":1,"entrants_60s":0,"fee_p90":9000,"net_flow_micro":-6060091},"before":{"bot_uniform_micro":null,"cu_p50":null,"entrants_300s":0,"entrants_60s":0,"fee_p90":null,"net_flow_micro":-2203800},"event_gaps_in_window":0,"mint":"BEJYE9PJK1cbirxqcuujjeiMu5Nt3KgLSKECzBH5pump","snapshot_drops_in_window":0,"t":1788975960000}
{"after":{"bot_uniform_micro":0,"cu_p50":113333,"entrants_300s":18,"entrants_60s":0,"fee_p90":410000,"net_flow_micro":215682},"before":{"no_prior_flow":true},"event_gaps_in_window":0,"mint":"BHQSkrUTJukngMKtDhksGfG9VXj6K82DrNR3CybLpump","snapshot_drops_in_window":0,"t":1788975960000}
{"after":{"bot_uniform_micro":328859,"cu_p50":104038,"entrants_300s":121,"entrants_60s":13,"fee_p90":1025000,"net_flow_micro":30379690},"before":{"bot_uniform_micro":0,"cu_p50":102853,"entrants_300s":8,"entrants_60s":0,"fee_p90":844414,"net_flow_micro":15610900},"event_gaps_in_window":0,"mint":"BHprQ1wTYyn9CPC6uVQffkYW8ziZTrJbr3xkVuVJpump","snapshot_drops_in_window":0,"t":1788975960000}
{"after":{"bot_uniform_micro":0,"cu_p50":72032,"entrants_300s":2,"entrants_60s":0,"fee_p90":105000,"net_flow_micro":22477},"before":{"no_prior_flow":true},"event_gaps_in_window":0,"mint":"BMPXGyRdnf9kWj1HSaE9ZWkyKiDbo6xUcBPro5vmL7hr","snapshot_drops_in_window":0,"t":1788975960000}
{"after":{"bot_uniform_micro":0,"cu_p50":87810,"entrants_300s":14,"entrants_60s":0,"fee_p90":100210,"net_flow_micro":355736},"before":{"no_prior_flow":true},"event_gaps_in_window":0,"mint":"BPpcswNK7DV1Pm2UCVpHo7hzhEMprBigaPx9mD93A57f","snapshot_drops_in_window":0,"t":1788975960000}
{"after":{"bot_uniform_micro":null,"cu_p50":null,"entrants_300s":0,"entrants_60s":0,"fee_p90":null,"net_flow_micro":-1065700},"before":{"no_prior_flow":true},"event_gaps_in_window":0,"mint":"BZyEpkM16FesFHSiQFTW9rWDPjvHYQXb37PGzEtF5W4s","snapshot_drops_in_window":0,"t":1788975960000}
{"after":{"bot_uniform_micro":0,"cu_p50":87641,"entrants_300s":13,"entrants_60s":0,"fee_p90":773400,"net_flow_micro":-1334560},"before":{"bot_uniform_micro":0,"cu_p50":84618,"entrants_300s":2,"entrants_60s":0,"fee_p90":9000,"net_flow_micro":1713326},"event_gaps_in_window":0,"mint":"BitAst9t1moZhc88Ccwpk6a3gV6JmTXBEotiQmTZpump","snapshot_drops_in_window":0,"t":1788975960000}
{"after":{"bot_uniform_micro":0,"cu_p50":168607,"entrants_300s":1,"entrants_60s":0,"fee_p90":20503,"net_flow_micro":0},"before":{"no_prior_flow":true},"event_gaps_in_window":0,"mint":"C8pa2G68PfsMUwvKKPVDNqVDL3rnUT8Yc4X9zUCxYXmD","snapshot_drops_in_window":0,"t":1788975960000}
{"after":{"bot_uniform_micro":0,"cu_p50":87879,"entrants_300s":2,"entrants_60s":0,"fee_p90":2942500,"net_flow_micro":0},"before":{"no_prior_flow":true},"event_gaps_in_window":0,"mint":"CL36KyGaMN8Wcd5VE1RyXdYKsXTva2MigumiMz3npump","snapshot_drops_in_window":0,"t":1788975960000}
{"after":{"bot_uniform_micro":0,"cu_p50":104591,"entrants_300s":16,"entrants_60s":3,"fee_p90":1505001,"net_flow_micro":3032050},"before":{"bot_uniform_micro":0,"cu_p50":98066,"entrants_300s":2,"entrants_60s":0,"fee_p90":1505001,"net_flow_micro":3641975},"event_gaps_in_window":0,"mint":"CLh7ezbjYKbVsZoqN2MCGoDsBcfN3NfUDDE8nHAipump","snapshot_drops_in_window":0,"t":1788975960000}
{"after":{"bot_uniform_micro":null,"cu_p50":null,"entrants_300s":0,"entrants_60s":0,"fee_p90":null,"net_flow_micro":-1261626},"before":{"no_prior_flow":true},"event_gaps_in_window":0,"mint":"CM4RLsdBrFbfCneXyvUJqBmmQsb69Hm2H6QWhcq1nX8e","snapshot_drops_in_window":0,"t":1788975960000}
{"after":{"bot_uniform_micro":0,"cu_p50":138146,"entrants_300s":1,"entrants_60s":1,"fee_p90":9000,"net_flow_micro":988},"before":{"no_prior_flow":true},"event_gaps_in_window":0,"mint":"CPimEyD6mysrtDiRfYeYCi3ipSEHb224ipd5zaSJpump","snapshot_drops_in_window":0,"t":1788975960000}
{"after":{"bot_uniform_micro":0,"cu_p50":164435,"entrants_300s":1,"entrants_60s":0,"fee_p90":15000,"net_flow_micro":-2131962},"before":{"no_prior_flow":true},"event_gaps_in_window":0,"mint":"Ca8DTtL9BxZpFHqtd92fKcWaheA6A7y8t5Y9QSnipump","snapshot_drops_in_window":0,"t":1788975960000}
{"after":{"bot_uniform_micro":0,"cu_p50":112757,"entrants_300s":67,"entrants_60s":0,"fee_p90":1005000,"net_flow_micro":0},"before":{"no_prior_flow":true},"event_gaps_in_window":0,"mint":"CpjK86cvTgN8rKsYYBDAyDrX12iinBzDKxaW8Swnpump","snapshot_drops_in_window":0,"t":1788975960000}
{"after":{"bot_uniform_micro":0,"cu_p50":168777,"entrants_300s":8,"entrants_60s":2,"fee_p90":838483,"net_flow_micro":1640453},"before":{"no_prior_flow":true},"event_gaps_in_window":0,"mint":"CyFtApDbWYjhkYFwjhKo1W9WWFu8HkXP2B7GpSt5pump","snapshot_drops_in_window":0,"t":1788975960000}
{"after":{"bot_uniform_micro":0,"cu_p50":143407,"entrants_300s":4,"entrants_60s":0,"fee_p90":1205000,"net_flow_micro":-31768},"before":{"no_prior_flow":true},"event_gaps_in_window":0,"mint":"D1MqfkVtcTftYnLChCZ4ENiHh1aKKMGxNy13WMsJpump","snapshot_drops_in_window":0,"t":1788975960000}
{"after":{"bot_uniform_micro":0,"cu_p50":79482,"entrants_300s":8,"entrants_60s":0,"fee_p90":1005000,"net_flow_micro":162245},"before":{"no_prior_flow":true},"event_gaps_in_window":0,"mint":"DCN1XGdUCMqrEXj86zF1WK9q3M8jYr8g8UBLbGVZpump","snapshot_drops_in_window":0,"t":1788975960000}
{"after":{"bot_uniform_micro":0,"cu_p50":93616,"entrants_300s":41,"entrants_60s":13,"fee_p90":1105000,"net_flow_micro":-1963518},"before":{"bot_uniform_micro":0,"cu_p50":93826,"entrants_300s":3,"entrants_60s":1,"fee_p90":94425,"net_flow_micro":3719500},"event_gaps_in_window":0,"mint":"DDMR7vYbNLFimKJon4NgdJS2SFdzbiGEd7Axbs9ekTC1","snapshot_drops_in_window":0,"t":1788975960000}
{"after":{"bot_uniform_micro":0,"cu_p50":129165,"entrants_300s":1,"entrants_60s":1,"fee_p90":9000,"net_flow_micro":-81987},"before":{"no_prior_flow":true},"event_gaps_in_window":0,"mint":"DJh184vydZBMZKDuBz3MhcA97XoQGNuzvkVVB8Etpump","snapshot_drops_in_window":0,"t":1788975960000}
{"after":{"bot_uniform_micro":0,"cu_p50":117199,"entrants_300s":1,"entrants_60s":0,"fee_p90":101014,"net_flow_micro":-576},"before":{"no_prior_flow":true},"event_gaps_in_window":0,"mint":"Db3R16VcBSFPsmAiToqZwJ9A1wG3nFePM2vUw1d4pump","snapshot_drops_in_window":0,"t":1788975960000}
{"after":{"bot_uniform_micro":0,"cu_p50":133636,"entrants_300s":25,"entrants_60s":8,"fee_p90":1005000,"net_flow_micro":1107230},"before":{"no_prior_flow":true},"event_gaps_in_window":0,"mint":"DnjxjnV5XTDKq9nMzrSPer7zKpvBmLgmd27iDwXApump","snapshot_drops_in_window":0,"t":1788975960000}
{"after":{"bot_uniform_micro":0,"cu_p50":118237,"entrants_300s":5,"entrants_60s":0,"fee_p90":10005000,"net_flow_micro":707985},"before":{"no_prior_flow":true},"event_gaps_in_window":0,"mint":"Dp9gxFemyiHfVMTLdFhjP7h1EnHTe4Ki6fEB6Mw3pump","snapshot_drops_in_window":0,"t":1788975960000}
{"after":{"bot_uniform_micro":500000,"cu_p50":81538,"entrants_300s":6,"entrants_60s":0,"fee_p90":110000,"net_flow_micro":1591178},"before":{"bot_uniform_micro":0,"cu_p50":104051,"entrants_300s":1,"entrants_60s":0,"fee_p90":79825,"net_flow_micro":884777},"event_gaps_in_window":0,"mint":"DqLsKkjYF9oBdALcxiifNntGzzWmhtiMZnUHWPqhWuKH","snapshot_drops_in_window":0,"t":1788975960000}
{"after":{"bot_uniform_micro":null,"cu_p50":null,"entrants_300s":0,"entrants_60s":0,"fee_p90":null,"net_flow_micro":-7060},"before":{"no_prior_flow":true},"event_gaps_in_window":0,"mint":"Dsr5iNf2Ko5scKz2pR7iaAKz4bUjquvT7KeQvB88pump","snapshot_drops_in_window":0,"t":1788975960000}
{"after":{"bot_uniform_micro":0,"cu_p50":162343,"entrants_300s":2,"entrants_60s":0,"fee_p90":99158,"net_flow_micro":-2927624},"before":{"no_prior_flow":true},"event_gaps_in_window":0,"mint":"DtHH4ZvyDusSzecfWnYxN1L68Jc31bN7nx8bckEmpump","snapshot_drops_in_window":0,"t":1788975960000}
{"after":{"bot_uniform_micro":0,"cu_p50":102198,"entrants_300s":3,"entrants_60s":0,"fee_p90":50005000,"net_flow_micro":-786849},"before":{"no_prior_flow":true},"event_gaps_in_window":0,"mint":"DvSwPkzWJrDrQY6SjSdbzzLN4A1Yyuo69WKJPBWspump","snapshot_drops_in_window":0,"t":1788975960000}
{"after":{"bot_uniform_micro":0,"cu_p50":176295,"entrants_300s":2,"entrants_60s":0,"fee_p90":99908,"net_flow_micro":-64348},"before":{"no_prior_flow":true},"event_gaps_in_window":0,"mint":"E8PbrUKnXkNKqeW8A7J9xd729eiNAPPBKfRKxV9qpump","snapshot_drops_in_window":0,"t":1788975960000}
{"after":{"bot_uniform_micro":0,"cu_p50":113411,"entrants_300s":40,"entrants_60s":5,"fee_p90":405000,"net_flow_micro":5691940},"before":{"no_prior_flow":true},"event_gaps_in_window":0,"mint":"EKY7EeT6WUAiRJNxcyTMDKcYyqESM3Ht25diPTN2pump","snapshot_drops_in_window":0,"t":1788975960000}
{"after":{"bot_uniform_micro":0,"cu_p50":98166,"entrants_300s":3,"entrants_60s":3,"fee_p90":1335000,"net_flow_micro":1015949},"before":{"no_prior_flow":true},"event_gaps_in_window":0,"mint":"EQ3juekNUnWbQzkhBpuPoDwHXXuiRzuiw2oRbNHEpump","snapshot_drops_in_window":0,"t":1788975960000}
{"after":{"bot_uniform_micro":0,"cu_p50":93678,"entrants_300s":2,"entrants_60s":0,"fee_p90":15000,"net_flow_micro":1740678},"before":{"no_prior_flow":true},"event_gaps_in_window":0,"mint":"EWfb1SZmwgbM33ak9D9inPnLm78mwJDGce4jyiK4pump","snapshot_drops_in_window":0,"t":1788975960000}
{"after":{"bot_uniform_micro":0,"cu_p50":77980,"entrants_300s":6,"entrants_60s":4,"fee_p90":83748,"net_flow_micro":-7828392},"before":{"no_prior_flow":true},"event_gaps_in_window":0,"mint":"EWxUmDbsxJSFx1CbhBfexdkV1tc7Uy6VWmgACTBZ9sEx","snapshot_drops_in_window":0,"t":1788975960000}
{"after":{"bot_uniform_micro":0,"cu_p50":199259,"entrants_300s":7,"entrants_60s":1,"fee_p90":653451,"net_flow_micro":1415214},"before":{"no_prior_flow":true},"event_gaps_in_window":0,"mint":"EYKzyYrf4q5zGJBszrDGjz2J2LZmGH3x7RXWpmzBpump","snapshot_drops_in_window":0,"t":1788975960000}
{"after":{"bot_uniform_micro":null,"cu_p50":null,"entrants_300s":0,"entrants_60s":0,"fee_p90":null,"net_flow_micro":-1383914},"before":{"no_prior_flow":true},"event_gaps_in_window":0,"mint":"EbJMiyPiFqozfR8qEn5CttenDQwP1xn2g3KdzCgEpump","snapshot_drops_in_window":0,"t":1788975960000}
{"after":{"bot_uniform_micro":null,"cu_p50":null,"entrants_300s":0,"entrants_60s":0,"fee_p90":null,"net_flow_micro":-1097360},"before":{"no_prior_flow":true},"event_gaps_in_window":0,"mint":"EwzdTm98vnwetWYXucw5qCEsFBwwC7oQjsmHT6d7pump","snapshot_drops_in_window":0,"t":1788975960000}
{"after":{"bot_uniform_micro":104167,"cu_p50":139816,"entrants_300s":42,"entrants_60s":1,"fee_p90":255000,"net_flow_micro":-637720},"before":{"no_prior_flow":true},"event_gaps_in_window":0,"mint":"FCcMhUa1MJsCZRyj17QHJuAFAK2j229T1Dc9ymjKpump","snapshot_drops_in_window":0,"t":1788975960000}
{"after":{"bot_uniform_micro":0,"cu_p50":83599,"entrants_300s":17,"entrants_60s":0,"fee_p90":4049047,"net_flow_micro":708052},"before":{"bot_uniform_micro":null,"cu_p50":null,"entrants_300s":0,"entrants_60s":0,"fee_p90":null,"net_flow_micro":-474678},"event_gaps_in_window":0,"mint":"FKPRghm3SPYmg5xsNgc7RCW9kNnNb3qDWAAkxHULpump","snapshot_drops_in_window":0,"t":1788975960000}
{"after":{"bot_uniform_micro":0,"cu_p50":189656,"entrants_300s":1,"entrants_60s":0,"fee_p90":72206,"net_flow_micro":10409},"before":{"no_prior_flow":true},"event_gaps_in_window":0,"mint":"FL75A9Qyp4LpmXKc2X3GWTvGgPd4mwWhVMiqwsj2tDwj","snapshot_drops_in_window":0,"t":1788975960000}
{"after":{"bot_uniform_micro":60000,"cu_p50":147941,"entrants_300s":37,"entrants_60s":7,"fee_p90":582957,"net_flow_micro":-982153},"before":{"bot_uniform_micro":null,"cu_p50":null,"entrants_300s":0,"entrants_60s":0,"fee_p90":null,"net_flow_micro":-647579},"event_gaps_in_window":0,"mint":"FREoocUFHTh7VepWTAtHFis3897ssDPYA1EBvdTapump","snapshot_drops_in_window":0,"t":1788975960000}
{"after":{"bot_uniform_micro":null,"cu_p50":null,"entrants_300s":0,"entrants_60s":0,"fee_p90":null,"net_flow_micro":0},"before":{"no_prior_flow":true},"event_gaps_in_window":0,"mint":"FXjVgXwBia2WbnsCQT3RsB7KYtcDvefsLeJx5AEtpump","snapshot_drops_in_window":0,"t":1788975960000}
{"after":{"bot_uniform_micro":null,"cu_p50":null,"entrants_300s":0,"entrants_60s":0,"fee_p90":null,"net_flow_micro":-658911},"before":{"bot_uniform_micro":null,"cu_p50":null,"entrants_300s":0,"entrants_60s":0,"fee_p90":null,"net_flow_micro":0},"event_gaps_in_window":0,"mint":"FY3mQ351mRQVicM26UXZ3f2Sj92tkjhEXEsuM9YfH93e","snapshot_drops_in_window":0,"t":1788975960000}
{"after":{"bot_uniform_micro":185185,"cu_p50":145413,"entrants_300s":62,"entrants_60s":1,"fee_p90":405000,"net_flow_micro":-18055923},"before":{"bot_uniform_micro":null,"cu_p50":null,"entrants_300s":0,"entrants_60s":0,"fee_p90":null,"net_flow_micro":-3164100},"event_gaps_in_window":0,"mint":"FaJsHUZmyHsZTRtMQ6AxYXGgoVSDsjWjZQXokUuTpump","snapshot_drops_in_window":0,"t":1788975960000}
{"after":{"bot_uniform_micro":0,"cu_p50":123029,"entrants_300s":5,"entrants_60s":5,"fee_p90":25777,"net_flow_micro":1533759},"before":{"no_prior_flow":true},"event_gaps_in_window":0,"mint":"FrCWX5JbHHaGK2UepsbUSY9SF173Pdo7hUy6GhxWpump","snapshot_drops_in_window":0,"t":1788975960000}
{"after":{"bot_uniform_micro":886792,"cu_p50":136680,"entrants_300s":40,"entrants_60s":2,"fee_p90":92590,"net_flow_micro":-25015},"before":{"no_prior_flow":true},"event_gaps_in_window":0,"mint":"Fx8TMhnCVcXBUsvdKXoSwCapdCHV3x55ACxUVSkepump","snapshot_drops_in_window":0,"t":1788975960000}
{"after":{"bot_uniform_micro":0,"cu_p50":138114,"entrants_300s":1,"entrants_60s":0,"fee_p90":9000,"net_flow_micro":47750},"before":{"no_prior_flow":true},"event_gaps_in_window":0,"mint":"GC87Z47XsT6GnrRQjXwRkHLg4qSUXrtk7dzyBpSnpump","snapshot_drops_in_window":0,"t":1788975960000}
{"after":{"bot_uniform_micro":0,"cu_p50":143537,"entrants_300s":1,"entrants_60s":0,"fee_p90":667151,"net_flow_micro":485550},"before":{"no_prior_flow":true},"event_gaps_in_window":0,"mint":"GLteMVHGWknSNvCAeVxiePAN6Fuje6yaUmEn4WvZpump","snapshot_drops_in_window":0,"t":1788975960000}
{"after":{"bot_uniform_micro":0,"cu_p50":93736,"entrants_300s":20,"entrants_60s":1,"fee_p90":1005000,"net_flow_micro":-30494753},"before":{"bot_uniform_micro":0,"cu_p50":268608,"entrants_300s":1,"entrants_60s":0,"fee_p90":410000,"net_flow_micro":-1468563},"event_gaps_in_window":0,"mint":"GR867ubpr6onDw7pjSPYGsHmpLb7QL9VuBZxD3R7pump","snapshot_drops_in_window":0,"t":1788975960000}
{"after":{"bot_uniform_micro":0,"cu_p50":111900,"entrants_300s":12,"entrants_60s":12,"fee_p90":189805,"net_flow_micro":197555},"before":{"no_prior_flow":true},"event_gaps_in_window":0,"mint":"GSGea6zU4yj7HBsumad9RqtNV53pLdvqrSyPAXJ4pump","snapshot_drops_in_window":0,"t":1788975960000}
{"after":{"bot_uniform_micro":0,"cu_p50":79413,"entrants_300s":5,"entrants_60s":0,"fee_p90":86290,"net_flow_micro":-800768},"before":{"no_prior_flow":true},"event_gaps_in_window":0,"mint":"GT64PB7cJs3UJnc2GYW4VFTQRyKEbzwR7DCfKFyMjRrb","snapshot_drops_in_window":0,"t":1788975960000}
{"after":{"bot_uniform_micro":0,"cu_p50":126889,"entrants_300s":1,"entrants_60s":0,"fee_p90":101014,"net_flow_micro":-47259},"before":{"no_prior_flow":true},"event_gaps_in_window":0,"mint":"Gz3q6nZzQC4vNnuggcDghvWtHToi1LweNuHSyW7Wpump","snapshot_drops_in_window":0,"t":1788975960000}
{"after":{"bot_uniform_micro":null,"cu_p50":null,"entrants_300s":0,"entrants_60s":0,"fee_p90":null,"net_flow_micro":-21426},"before":{"no_prior_flow":true},"event_gaps_in_window":0,"mint":"H4uzHREeMpSmWjMWtaZqGQkACBnYEWaDDhVn9Frppump","snapshot_drops_in_window":0,"t":1788975960000}
{"after":{"bot_uniform_micro":0,"cu_p50":90938,"entrants_300s":1,"entrants_60s":1,"fee_p90":430417,"net_flow_micro":49383},"before":{"no_prior_flow":true},"event_gaps_in_window":0,"mint":"H64QZNBvRXfDsY1VzNdt96Mb2M8CqbaP6U3djy6kpump","snapshot_drops_in_window":0,"t":1788975960000}
{"after":{"bot_uniform_micro":0,"cu_p50":90749,"entrants_300s":9,"entrants_60s":0,"fee_p90":86290,"net_flow_micro":1736315},"before":{"bot_uniform_micro":0,"cu_p50":92223,"entrants_300s":1,"entrants_60s":0,"fee_p90":28295,"net_flow_micro":547669},"event_gaps_in_window":0,"mint":"HJk1HFcvgLqkVnEgNX1bLnXS382SAPVgiQigA7Fnpump","snapshot_drops_in_window":0,"t":1788975960000}
{"after":{"bot_uniform_micro":0,"cu_p50":106601,"entrants_300s":69,"entrants_60s":69,"fee_p90":1005000,"net_flow_micro":18356096},"before":{"no_prior_flow":true},"event_gaps_in_window":0,"mint":"HVcoQEjRnZJhYaorKWtBEDmYGSdekEbkqZaM4Da5pump","snapshot_drops_in_window":0,"t":1788975960000}
{"after":{"bot_uniform_micro":200000,"cu_p50":87776,"entrants_300s":13,"entrants_60s":0,"fee_p90":1010000,"net_flow_micro":-5581678},"before":{"bot_uniform_micro":null,"cu_p50":null,"entrants_300s":0,"entrants_60s":0,"fee_p90":null,"net_flow_micro":0},"event_gaps_in_window":0,"mint":"HYd5cRAFVXVVrt4D6LvtMcCmYDoQE1TDbeSa3MgLpump","snapshot_drops_in_window":0,"t":1788975960000}
{"after":{"bot_uniform_micro":0,"cu_p50":127468,"entrants_300s":2,"entrants_60s":0,"fee_p90":2942500,"net_flow_micro":663243},"before":{"no_prior_flow":true},"event_gaps_in_window":0,"mint":"HdPL4bP6smyfumoQhEPpkrAb4qpz3uvKZH4kdtFQpump","snapshot_drops_in_window":0,"t":1788975960000}
{"after":{"bot_uniform_micro":0,"cu_p50":122320,"entrants_300s":2,"entrants_60s":1,"fee_p90":101014,"net_flow_micro":-1966517},"before":{"no_prior_flow":true},"event_gaps_in_window":0,"mint":"HrENr8Q1HzugCpFgsTU86FcAgNtH5hFQzSiuXKk8pump","snapshot_drops_in_window":0,"t":1788975960000}
{"after":{"bot_uniform_micro":0,"cu_p50":119306,"entrants_300s":1,"entrants_60s":0,"fee_p90":5000,"net_flow_micro":0},"before":{"no_prior_flow":true},"event_gaps_in_window":0,"mint":"Hy9XZ4Ae4oKtXYfuFzWkoNV18teCTpvWWu5PFD9Bpump","snapshot_drops_in_window":0,"t":1788975960000}
{"after":{"bot_uniform_micro":100000,"cu_p50":90569,"entrants_300s":19,"entrants_60s":0,"fee_p90":698606,"net_flow_micro":-13853517},"before":{"bot_uniform_micro":null,"cu_p50":null,"entrants_300s":0,"entrants_60s":0,"fee_p90":null,"net_flow_micro":-1660261},"event_gaps_in_window":0,"mint":"J4J7wFFndrNKhDa4rrMB9Amsqvqzk2uaJZDpStnUpump","snapshot_drops_in_window":0,"t":1788975960000}
{"after":{"bot_uniform_micro":0,"cu_p50":129760,"entrants_300s":2,"entrants_60s":0,"fee_p90":101014,"net_flow_micro":0},"before":{"no_prior_flow":true},"event_gaps_in_window":0,"mint":"J4PynGFom6kLpRuRnPAdCneiSeKg8XPxNkvhJhrFpump","snapshot_drops_in_window":0,"t":1788975960000}
{"after":{"bot_uniform_micro":0,"cu_p50":126874,"entrants_300s":1,"entrants_60s":1,"fee_p90":101014,"net_flow_micro":13416485},"before":{"no_prior_flow":true},"event_gaps_in_window":0,"mint":"9w5gWetsKYZdMCJAA3URwcf8arGeAQmHT13Pdvgpump","snapshot_drops_in_window":0,"t":1788976020000}
{"after":{"bot_uniform_micro":null,"cu_p50":null,"entrants_300s":0,"entrants_60s":0,"fee_p90":null,"net_flow_micro":0},"before":{"bot_uniform_micro":null,"cu_p50":null,"entrants_300s":0,"entrants_60s":0,"fee_p90":null,"net_flow_micro":0},"event_gaps_in_window":0,"mint":"GrEpzw6CV42tY8gct9z6TZXCmCuzuPKh6eSiqD6pump","snapshot_drops_in_window":0,"t":1788976020000}
{"after":{"bot_uniform_micro":0,"cu_p50":197596,"entrants_300s":2,"entrants_60s":0,"fee_p90":14000,"net_flow_micro":-17348390},"before":{"no_prior_flow":true},"event_gaps_in_window":0,"mint":"JKqjiwqwFtuWLFQj4bkVgfkUDEx1RyQ9n1z7eBDpump","snapshot_drops_in_window":0,"t":1788976020000}
{"after":{"bot_uniform_micro":150000,"cu_p50":91992,"entrants_300s":20,"entrants_60s":20,"fee_p90":1602151,"net_flow_micro":1754175},"before":{"bot_uniform_micro":null,"cu_p50":null,"entrants_300s":0,"entrants_60s":0,"fee_p90":null,"net_flow_micro":-3744315},"event_gaps_in_window":0,"mint":"KYAC7gpLBhsbJ2Kw9wtthgvaUvRRsByZMS9vitUpump","snapshot_drops_in_window":0,"t":1788976020000}
{"after":{"bot_uniform_micro":480769,"cu_p50":130787,"entrants_300s":30,"entrants_60s":0,"fee_p90":101014,"net_flow_micro":10702},"before":{"bot_uniform_micro":0,"cu_p50":133736,"entrants_300s":1,"entrants_60s":0,"fee_p90":101014,"net_flow_micro":-3914278},"event_gaps_in_window":0,"mint":"U17QJMm3GYxikj6sUNjN822T4BGtmcmXVWK3k13pump","snapshot_drops_in_window":14,"t":1788976020000}
{"after":{"bot_uniform_micro":0,"cu_p50":144897,"entrants_300s":1,"entrants_60s":1,"fee_p90":15000,"net_flow_micro":158350},"before":{"no_prior_flow":true},"event_gaps_in_window":0,"mint":"myXRAu9fN2YsLHjdCcAtwEVXgjELzFpCamj44oDpump","snapshot_drops_in_window":0,"t":1788976020000}
{"after":{"bot_uniform_micro":424242,"cu_p50":92012,"entrants_300s":27,"entrants_60s":27,"fee_p90":5105000,"net_flow_micro":9908419},"before":{"bot_uniform_micro":0,"cu_p50":90632,"entrants_300s":2,"entrants_60s":2,"fee_p90":77290,"net_flow_micro":164878},"event_gaps_in_window":0,"mint":"rm1U9zUhr5BUSduJEbH25VNQAxh4t3uMjvTUJ6JsScK","snapshot_drops_in_window":0,"t":1788976020000}
{"after":{"bot_uniform_micro":0,"cu_p50":149491,"entrants_300s":1,"entrants_60s":1,"fee_p90":9000,"net_flow_micro":-17783},"before":{"no_prior_flow":true},"event_gaps_in_window":0,"mint":"24Xh9TB4jTJCLxDY1eAEkj3N82ygNJa1QVTgdR7Spump","snapshot_drops_in_window":0,"t":1788976020000}
{"after":{"bot_uniform_micro":567164,"cu_p50":101178,"entrants_300s":286,"entrants_60s":27,"fee_p90":605000,"net_flow_micro":-6324001},"before":{"bot_uniform_micro":0,"cu_p50":99558,"entrants_300s":31,"entrants_60s":1,"fee_p90":496811,"net_flow_micro":7315996},"event_gaps_in_window":0,"mint":"2YuFLBKqmgBsxrbVgqRXgSrzwf6wyNCkCUAqUMEGpump","snapshot_drops_in_window":0,"t":1788976020000}
{"after":{"bot_uniform_micro":0,"cu_p50":110316,"entrants_300s":10,"entrants_60s":1,"fee_p90":137851,"net_flow_micro":1515683},"before":{"no_prior_flow":true},"event_gaps_in_window":0,"mint":"2ZKkVVkHUNTf5LfPnpudB7ANtACw8X9Tw7Lgcuxwpump","snapshot_drops_in_window":0,"t":1788976020000}
{"after":{"bot_uniform_micro":0,"cu_p50":110180,"entrants_300s":6,"entrants_60s":1,"fee_p90":1005000,"net_flow_micro":95050},"before":{"no_prior_flow":true},"event_gaps_in_window":0,"mint":"2h2GHqhJuR5kaG6Srwk45mCZZANCYxKuNSHtYjRRpump","snapshot_drops_in_window":0,"t":1788976020000}
{"after":{"bot_uniform_micro":null,"cu_p50":null,"entrants_300s":0,"entrants_60s":0,"fee_p90":null,"net_flow_micro":-843591},"before":{"no_prior_flow":true},"event_gaps_in_window":0,"mint":"2hZPYB8ud7RUQAHkCmWvTcqB7YH1xfTAsAoUtDnFpump","snapshot_drops_in_window":0,"t":1788976020000}
{"after":{"bot_uniform_micro":44776,"cu_p50":124834,"entrants_300s":13,"entrants_60s":7,"fee_p90":101014,"net_flow_micro":3895},"before":{"bot_uniform_micro":0,"cu_p50":124834,"entrants_300s":1,"entrants_60s":1,"fee_p90":101014,"net_flow_micro":-10647528},"event_gaps_in_window":0,"mint":"3FJwqar6B5zq6YSrvmEzW4U7ubFYJw1vdya82fFepump","snapshot_drops_in_window":3,"t":1788976020000}
{"after":{"bot_uniform_micro":0,"cu_p50":105599,"entrants_300s":19,"entrants_60s":0,"fee_p90":189807,"net_flow_micro":197499},"before":{"no_prior_flow":true},"event_gaps_in_window":0,"mint":"3T5fZJNEBDhzxBK1nbbS3AiSzCMaE2s7VDQLgmTjpump","snapshot_drops_in_window":0,"t":1788976020000}
{"after":{"bot_uniform_micro":0,"cu_p50":155923,"entrants_300s":4,"entrants_60s":0,"fee_p90":58240,"net_flow_micro":142491},"before":{"no_prior_flow":true},"event_gaps_in_window":0,"mint":"3UEHrU67ATmbwz4pQBAHxBBsoXHNPE5ZQPnpzao9pump","snapshot_drops_in_window":0,"t":1788976020000}
{"after":{"bot_uniform_micro":340426,"cu_p50":127735,"entrants_300s":20,"entrants_60s":19,"fee_p90":230001,"net_flow_micro":94410},"before":{"bot_uniform_micro":0,"cu_p50":127761,"entrants_300s":1,"entrants_60s":1,"fee_p90":101014,"net_flow_micro":-246283},"event_gaps_in_window":0,"mint":"3ZVbE8NSiJbo2vcTMMpWgZxjnhz6GXysMFi8Xsxcpump","snapshot_drops_in_window":3,"t":1788976020000}
{"after":{"bot_uniform_micro":0,"cu_p50":120284,"entrants_300s":1,"entrants_60s":1,"fee_p90":101014,"net_flow_micro":-644328},"before":{"no_prior_flow":true},"event_gaps_in_window":0,"mint":"3aN56TN7nwtp8UqD5xZeye42KFcazmrprhWR7Gscpump","snapshot_drops_in_window":0,"t":1788976020000}
{"after":{"bot_uniform_micro":168675,"cu_p50":140339,"entrants_300s":12,"entrants_60s":6,"fee_p90":405000,"net_flow_micro":325533},"before":{"bot_uniform_micro":0,"cu_p50":139856,"entrants_300s":1,"entrants_60s":1,"fee_p90":101014,"net_flow_micro":-2016176},"event_gaps_in_window":0,"mint":"3oV3dgtZv6TdMJe5993BtfGfHTA6E8Cbtf8Xjiodpump","snapshot_drops_in_window":0,"t":1788976020000}
{"after":{"bot_uniform_micro":436725,"cu_p50":114157,"entrants_300s":25,"entrants_60s":17,"fee_p90":101014,"net_flow_micro":-1467541},"before":{"bot_uniform_micro":0,"cu_p50":114340,"entrants_300s":1,"entrants_60s":1,"fee_p90":101014,"net_flow_micro":-23832089},"event_gaps_in_window":0,"mint":"3rswGijagm51WGXNrqYpfouThsqve2RBHaWMQgzHpump","snapshot_drops_in_window":10,"t":1788976020000}
{"after":{"bot_uniform_micro":null,"cu_p50":null,"entrants_300s":0,"entrants_60s":0,"fee_p90":null,"net_flow_micro":-648073},"before":{"no_prior_flow":true},"event_gaps_in_window":0,"mint":"3wJEdMysjAyMWC7WHMmnfMrNaryZG3rL54TdXBgiAh2u","snapshot_drops_in_window":0,"t":1788976020000}
{"after":{"bot_uniform_micro":0,"cu_p50":123926,"entrants_300s":3,"entrants_60s":2,"fee_p90":101014,"net_flow_micro":1207800},"before":{"no_prior_flow":true},"event_gaps_in_window":0,"mint":"3wQJbSgj3Vkg5oBoi77FCtWpyvvmkZrMJE5JnQbKpump","snapshot_drops_in_window":0,"t":1788976020000}
{"after":{"bot_uniform_micro":0,"cu_p50":102730,"entrants_300s":52,"entrants_60s":0,"fee_p90":127646,"net_flow_micro":196942},"before":{"no_prior_flow":true},"event_gaps_in_window":0,"mint":"3zs2DUeo3wTDbX7TWtSwHXqBCfohxetuh5y7Tz7Kpump","snapshot_drops_in_window":0,"t":1788976020000}
{"after":{"bot_uniform_micro":422330,"cu_p50":120156,"entrants_300s":35,"entrants_60s":1,"fee_p90":101014,"net_flow_micro":15236},"before":{"bot_uniform_micro":0,"cu_p50":120287,"entrants_300s":3,"entrants_60s":0,"fee_p90":101014,"net_flow_micro":670087},"event_gaps_in_window":0,"mint":"4CysxKYnU6h16MdrqzK3WBs2tzdtdiRMUnKYDbVjpump","snapshot_drops_in_window":10,"t":1788976020000}
{"after":{"bot_uniform_micro":0,"cu_p50":105418,"entrants_300s":11,"entrants_60s":2,"fee_p90":976250,"net_flow_micro":10162489},"before":{"no_prior_flow":true},"event_gaps_in_window":0,"mint":"4cPYeu1LvXAZoQiXzfVhWHHfSrX3aXN51hDtVsfXpump","snapshot_drops_in_window":0,"t":1788976020000}
{"after":{"bot_uniform_micro":0,"cu_p50":82924,"entrants_300s":3,"entrants_60s":1,"fee_p90":105000,"net_flow_micro":990882},"before":{"no_prior_flow":true},"event_gaps_in_window":0,"mint":"4gNU9ZtNq8fSwsK61SnDhuhK7aJQuWwxmPJ2me3Epump","snapshot_drops_in_window":0,"t":1788976020000}
{"after":{"bot_uniform_micro":230769,"cu_p50":88197,"entrants_300s":11,"entrants_60s":0,"fee_p90":1005000,"net_flow_micro":0},"before":{"no_prior_flow":true},"event_gaps_in_window":0,"mint":"4sij9xw3iCuDdVZCQqaA8WTkZPZfXJg2RnjSSJEWpump","snapshot_drops_in_window":0,"t":1788976020000}
{"after":{"bot_uniform_micro":512821,"cu_p50":93658,"entrants_300s":145,"entrants_60s":123,"fee_p90":107400,"net_flow_micro":47246034},"before":{"bot_uniform_micro":0,"cu_p50":93658,"entrants_300s":4,"entrants_60s":4,"fee_p90":1005000,"net_flow_micro":-11590302},"event_gaps_in_window":0,"mint":"4t2DC7mis1squwKYqr6hDzn5uacbNEj7dAGrZ5H2pump","snapshot_drops_in_window":0,"t":1788976020000}
{"after":{"bot_uniform_micro":null,"cu_p50":null,"entrants_300s":0,"entrants_60s":0,"fee_p90":null,"net_flow_micro":-1982689},"before":{"no_prior_flow":true},"event_gaps_in_window":0,"mint":"4wRmu5KY7X353uBHYsPJhvuRZc6MMzgsU8aGqXtupump","snapshot_drops_in_window":0,"t":1788976020000}
{"after":{"bot_uniform_micro":0,"cu_p50":112135,"entrants_300s":2,"entrants_60s":1,"fee_p90":5000,"net_flow_micro":0},"before":{"no_prior_flow":true},"event_gaps_in_window":0,"mint":"55qDmCPGUGdLAuN6rYzoqoTZ1xhKaRvDCQwZFB4mpump","snapshot_drops_in_window":0,"t":1788976020000}
{"after":{"bot_uniform_micro":0,"cu_p50":125348,"entrants_300s":5,"entrants_60s":5,"fee_p90":101014,"net_flow_micro":286415},"before":{"no_prior_flow":true},"event_gaps_in_window":0,"mint":"5JtqYc2riFDfvGg8YYm5zBTh6LaUNDZwvo5p9AEypump","snapshot_drops_in_window":0,"t":1788976020000}
{"after":{"bot_uniform_micro":0,"cu_p50":103281,"entrants_300s":4,"entrants_60s":3,"fee_p90":1005000,"net_flow_micro":3285721},"before":{"no_prior_flow":true},"event_gaps_in_window":0,"mint":"5KXYJ2XWf3qyApSRd9a22JuuDVe5hu41ym5GrhDRpump","snapshot_drops_in_window":0,"t":1788976020000}
{"after":{"bot_uniform_micro":null,"cu_p50":null,"entrants_300s":0,"entrants_60s":0,"fee_p90":null,"net_flow_micro":-914838},"before":{"no_prior_flow":true},"event_gaps_in_window":0,"mint":"5c2dUt3MZTTqLGEBr28M9xLCiLxFvVQxgdr6ytLPpump","snapshot_drops_in_window":0,"t":1788976020000}
{"after":{"bot_uniform_micro":0,"cu_p50":135213,"entrants_300s":1,"entrants_60s":1,"fee_p90":6000,"net_flow_micro":0},"before":{"no_prior_flow":true},"event_gaps_in_window":0,"mint":"5cAz6tvPmNPQ5c6qA5RqjiQ6ea46Md3x8fUXGBHtpump","snapshot_drops_in_window":0,"t":1788976020000}
{"after":{"bot_uniform_micro":0,"cu_p50":104554,"entrants_300s":11,"entrants_60s":0,"fee_p90":191048,"net_flow_micro":0},"before":{"no_prior_flow":true},"event_gaps_in_window":0,"mint":"5hiM7APgjW8s9W91z33h83xtjC2B1AzP42cxjo7cpump","snapshot_drops_in_window":0,"t":1788976020000}
{"after":{"bot_uniform_micro":0,"cu_p50":93718,"entrants_300s":8,"entrants_60s":0,"fee_p90":120000,"net_flow_micro":4527291},"before":{"bot_uniform_micro":0,"cu_p50":95021,"entrants_300s":1,"entrants_60s":0,"fee_p90":86290,"net_flow_micro":1836685},"event_gaps_in_window":0,"mint":"5w6dfuRf3teRRsg2hRFXVuC5taYB6eqwnypC1BJrpump","snapshot_drops_in_window":0,"t":1788976020000}
{"after":{"bot_uniform_micro":null,"cu_p50":null,"entrants_300s":0,"entrants_60s":0,"fee_p90":null,"net_flow_micro":-624338},"before":{"no_prior_flow":true},"event_gaps_in_window":0,"mint":"659xrvMd1Vdc7TUFQ2uL8hFMmbN3i52yqRX3HTGiEbnu","snapshot_drops_in_window":0,"t":1788976020000}
{"after":{"bot_uniform_micro":0,"cu_p50":101931,"entrants_300s":8,"entrants_60s":0,"fee_p90":159000,"net_flow_micro":1548687},"before":{"bot_uniform_micro":0,"cu_p50":104063,"entrants_300s":1,"entrants_60s":0,"fee_p90":77290,"net_flow_micro":750833},"event_gaps_in_window":0,"mint":"66EWaJYEB5FapTkAZQA8UD6WMZqb3q9aeB66VHbtpump","snapshot_drops_in_window":0,"t":1788976020000}
{"after":{"bot_uniform_micro":538383,"cu_p50":95262,"entrants_300s":592,"entrants_60s":131,"fee_p90":737793,"net_flow_micro":43272350},"before":{"bot_uniform_micro":0,"cu_p50":96694,"entrants_300s":56,"entrants_60s":12,"fee_p90":496809,"net_flow_micro":15546784},"event_gaps_in_window":0,"mint":"67afrnTxo8DVc52Uev61Yo4Yr9BGQpRw1RpPMWcx42La","snapshot_drops_in_window":0,"t":1788976020000}
{"after":{"bot_uniform_micro":0,"cu_p50":123218,"entrants_300s":7,"entrants_60s":0,"fee_p90":108490,"net_flow_micro":354321},"before":{"no_prior_flow":true},"event_gaps_in_window":0,"mint":"693pcjWS8HTmMsYtmpFEdVSbzjM4HxwGoSHwmU5ypump","snapshot_drops_in_window":0,"t":1788976020000}
{"after":{"bot_uniform_micro":0,"cu_p50":132576,"entrants_300s":3,"entrants_60s":1,"fee_p90":55000,"net_flow_micro":-7454326},"before":{"no_prior_flow":true},"event_gaps_in_window":0,"mint":"6NwA7EAjVW1XoHj62964dH3Lh1qHtpSEeyhnWbHSpump","snapshot_drops_in_window":0,"t":1788976020000}
{"after":{"bot_uniform_micro":null,"cu_p50":null,"entrants_300s":0,"entrants_60s":0,"fee_p90":null,"net_flow_micro":-1515},"before":{"no_prior_flow":true},"event_gaps_in_window":0,"mint":"6T1BNshzGAKAHvJ3NZ5n62X2eg5rqqsMipUMZJvLpump","snapshot_drops_in_window":0,"t":1788976020000}
{"after":{"bot_uniform_micro":0,"cu_p50":120313,"entrants_300s":1,"entrants_60s":1,"fee_p90":101014,"net_flow_micro":-122674},"before":{"no_prior_flow":true},"event_gaps_in_window":0,"mint":"6Tt8w8eNciinW2HaMn9WwUhde2cEBVfU1tUTvuWQpump","snapshot_drops_in_window":0,"t":1788976020000}
{"after":{"bot_uniform_micro":null,"cu_p50":null,"entrants_300s":0,"entrants_60s":0,"fee_p90":null,"net_flow_micro":-6556},"before":{"no_prior_flow":true},"event_gaps_in_window":0,"mint":"6XMzbhvvrCH1MVTrcnebhqmwej7ZUogdi91zorqNpump","snapshot_drops_in_window":0,"t":1788976020000}
{"after":{"bot_uniform_micro":0,"cu_p50":170474,"entrants_300s":12,"entrants_60s":1,"fee_p90":80001,"net_flow_micro":-1640464},"before":{"no_prior_flow":true},"event_gaps_in_window":0,"mint":"6faFcTYnxVtvtFvq3KmZbpUHmaDMsgWExKbg2QTXpump","snapshot_drops_in_window":0,"t":1788976020000}
{"after":{"bot_uniform_micro":0,"cu_p50":134261,"entrants_300s":7,"entrants_60s":0,"fee_p90":1005000,"net_flow_micro":14816},"before":{"bot_uniform_micro":0,"cu_p50":134310,"entrants_300s":1,"entrants_60s":0,"fee_p90":101014,"net_flow_micro":57172737},"event_gaps_in_window":0,"mint":"6ocz1wL9hdCwgwWRUSgeNCLSQrME2UUNiC9es5kGpump","snapshot_drops_in_window":2,"t":1788976020000}
{"after":{"bot_uniform_micro":0,"cu_p50":92338,"entrants_300s":5,"entrants_60s":0,"fee_p90":129100,"net_flow_micro":1965432},"before":{"no_prior_flow":true},"event_gaps_in_window":0,"mint":"6pBRxnhUPobWiuShQ3SQPPe3Z9dx2HiTHiAyT3Uepump","snapshot_drops_in_window":0,"t":1788976020000}
{"after":{"bot_uniform_micro":0,"cu_p50":92381,"entrants_300s":6,"entrants_60s":1,"fee_p90":105000,"net_flow_micro":659816},"before":{"no_prior_flow":true},"event_gaps_in_window":0,"mint":"77CHZyKTgGjysxrfgYaTWJQ1vG17NKHewHfFV2Nqpump","snapshot_drops_in_window":0,"t":1788976020000}
{"after":{"bot_uniform_micro":109589,"cu_p50":137356,"entrants_300s":7,"entrants_60s":4,"fee_p90":105000,"net_flow_micro":106144},"before":{"no_prior_flow":true},"event_gaps_in_window":0,"mint":"77WzcwEYiyNAdYi4VQVyKfs2ydJ5DiPCvN8tWwPXpump","snapshot_drops_in_window":0,"t":1788976020000}
{"after":{"bot_uniform_micro":0,"cu_p50":159884,"entrants_300s":11,"entrants_60s":5,"fee_p90":105000,"net_flow_micro":3227530},"before":{"no_prior_flow":true},"event_gaps_in_window":0,"mint":"7CwLRAyJe5UbhRe4ZzVdjwM2bX3BDfYnsrRcynwM9j6G","snapshot_drops_in_window":0,"t":1788976020000}
{"after":{"bot_uniform_micro":null,"cu_p50":null,"entrants_300s":0,"entrants_60s":0,"fee_p90":null,"net_flow_micro":0},"before":{"no_prior_flow":true},"event_gaps_in_window":0,"mint":"7eiS447TVyaMEU48iAEXWtSQM4ufP9Hc9feSi8yapump","snapshot_drops_in_window":0,"t":1788976020000}
{"after":{"bot_uniform_micro":0,"cu_p50":105681,"entrants_300s":1,"entrants_60s":0,"fee_p90":1005000,"net_flow_micro":44925},"before":{"no_prior_flow":true},"event_gaps_in_window":0,"mint":"7grQifoaY2UdTX7aHiVkpKtst18AJWadeuHi3rXbpump","snapshot_drops_in_window":0,"t":1788976020000}
{"after":{"bot_uniform_micro":307692,"cu_p50":126897,"entrants_300s":11,"entrants_60s":3,"fee_p90":101014,"net_flow_micro":7536},"before":{"bot_uniform_micro":0,"cu_p50":126902,"entrants_300s":1,"entrants_60s":0,"fee_p90":101014,"net_flow_micro":-32684254},"event_gaps_in_window":0,"mint":"85C2mLzVAbAi6bHLTX7y6HukJcWraEAKg3EdQQz5pump","snapshot_drops_in_window":5,"t":1788976020000}
{"after":{"bot_uniform_micro":0,"cu_p50":152244,"entrants_300s":21,"entrants_60s":4,"fee_p90":410000,"net_flow_micro":-7704499},"before":{"bot_uniform_micro":0,"cu_p50":292117,"entrants_300s":1,"entrants_60s":0,"fee_p90":410000,"net_flow_micro":535709},"event_gaps_in_window":0,"mint":"8CUkfgU3w5zxWP27v9B9mef15sL23fzxYvw23wbPpump","snapshot_drops_in_window":0,"t":1788976020000}
{"after":{"bot_uniform_micro":375000,"cu_p50":147210,"entrants_300s":37,"entrants_60s":0,"fee_p90":101014,"net_flow_micro":-3839862},"before":{"bot_uniform_micro":0,"cu_p50":147288,"entrants_300s":2,"entrants_60s":0,"fee_p90":101014,"net_flow_micro":132778461},"event_gaps_in_window":0,"mint":"8JJZS5k9FtEzCxhYzB7R3r2XXoLfBtVxEjvKuxcEpump","snapshot_drops_in_window":16,"t":1788976020000}
{"after":{"bot_uniform_micro":null,"cu_p50":null,"entrants_300s":0,"entrants_60s":0,"fee_p90":null,"net_flow_micro":0},"before":{"no_prior_flow":true},"event_gaps_in_window":0,"mint":"8NNG2iEQedAqcYSGV5qP5t49VXMbNEF1EhKFbQrfpump","snapshot_drops_in_window":0,"t":1788976020000}
{"after":{"bot_uniform_micro":null,"cu_p50":null,"entrants_300s":0,"entrants_60s":0,"fee_p90":null,"net_flow_micro":-33027},"before":{"no_prior_flow":true},"event_gaps_in_window":0,"mint":"8WvuNc9Pi7y2ML2ceBfittZNbmWBrWHLK9DviAxjpump","snapshot_drops_in_window":0,"t":1788976020000}
{"after":{"bot_uniform_micro":0,"cu_p50":108124,"entrants_300s":5,"entrants_60s":2,"fee_p90":550732,"net_flow_micro":-2543956},"before":{"no_prior_flow":true},"event_gaps_in_window":0,"mint":"8Xf2TSBVx9NEfum7HmR4kELZAW9iLT264Nnj8aHepump","snapshot_drops_in_window":0,"t":1788976020000}
{"after":{"bot_uniform_micro":301887,"cu_p50":92083,"entrants_300s":116,"entrants_60s":1,"fee_p90":105000,"net_flow_micro":322997},"before":{"bot_uniform_micro":0,"cu_p50":98025,"entrants_300s":8,"entrants_60s":0,"fee_p90":86290,"net_flow_micro":5668296},"event_gaps_in_window":0,"mint":"8ZudgzJ2t6N4UQKESm15jKzsbaLp6PoqHxf8LKsepump","snapshot_drops_in_window":0,"t":1788976020000}
{"after":{"bot_uniform_micro":120000,"cu_p50":127708,"entrants_300s":16,"entrants_60s":2,"fee_p90":101014,"net_flow_micro":39199},"before":{"no_prior_flow":true},"event_gaps_in_window":0,"mint":"8ZyQ1LLm8EBsbJjVnTYfNecF1GAhL5aJ5sMYyyGXpump","snapshot_drops_in_window":0,"t":1788976020000}
{"after":{"bot_uniform_micro":315789,"cu_p50":90308,"entrants_300s":18,"entrants_60s":2,"fee_p90":67500,"net_flow_micro":10861721},"before":{"no_prior_flow":true},"event_gaps_in_window":0,"mint":"8g7fdfaWLw2SXn3XuaMhQKF3uMtFJzANGvjY7k1kpump","snapshot_drops_in_window":0,"t":1788976020000}
{"after":{"bot_uniform_micro":0,"cu_p50":237547,"entrants_300s":1,"entrants_60s":1,"fee_p90":81102,"net_flow_micro":153769},"before":{"no_prior_flow":true},"event_gaps_in_window":0,"mint":"8j3rbmt4EjnCxFh973v3YH6CGPzoHq6rAfXqgT3dpump","snapshot_drops_in_window":0,"t":1788976020000}
{"after":{"bot_uniform_micro":85714,"cu_p50":90800,"entrants_300s":33,"entrants_60s":1,"fee_p90":120000,"net_flow_micro":7087463},"before":{"bot_uniform_micro":0,"cu_p50":92064,"entrants_300s":2,"entrants_60s":0,"fee_p90":100211,"net_flow_micro":756642},"event_gaps_in_window":0,"mint":"8kEuFRzK9yks1UuNnDeFaCCmgMsuVmbKKfrL9dEypump","snapshot_drops_in_window":0,"t":1788976020000}
{"after":{"bot_uniform_micro":null,"cu_p50":null,"entrants_300s":0,"entrants_60s":0,"fee_p90":null,"net_flow_micro":-609171},"before":{"no_prior_flow":true},"event_gaps_in_window":0,"mint":"94nqQnFCAMjmRzB4wAfg2VbAz5o3pduxndKysJi1pump","snapshot_drops_in_window":0,"t":1788976020000}
{"after":{"bot_uniform_micro":0,"cu_p50":120434,"entrants_300s":4,"entrants_60s":1,"fee_p90":101014,"net_flow_micro":-55064},"before":{"no_prior_flow":true},"event_gaps_in_window":0,"mint":"97JfxSTAAyuLUzjakvb7Pshi4CJqkS5tLs9auCMCpump","snapshot_drops_in_window":0,"t":1788976020000}
{"after":{"bot_uniform_micro":0,"cu_p50":121280,"entrants_300s":2,"entrants_60s":0,"fee_p90":49615,"net_flow_micro":5351},"before":{"no_prior_flow":true},"event_gaps_in_window":0,"mint":"97MZRRSeEZSWXa6cHu3capuoZz13HViWGSWjNGffpump","snapshot_drops_in_window":0,"t":1788976020000}
{"after":{"bot_uniform_micro":0,"cu_p50":103560,"entrants_300s":3,"entrants_60s":3,"fee_p90":60784,"net_flow_micro":236851},"before":{"no_prior_flow":true},"event_gaps_in_window":0,"mint":"98X3nj8nmVGyKGr31kEZ5u4N6mge2dNjG8bEAu1cpump","snapshot_drops_in_window":0,"t":1788976020000}
{"after":{"bot_uniform_micro":0,"cu_p50":116375,"entrants_300s":4,"entrants_60s":1,"fee_p90":101014,"net_flow_micro":184303},"before":{"no_prior_flow":true},"event_gaps_in_window":0,"mint":"9UMdzqrJoUnrmN5xEvqoVAmEuiUFPLzB8i9MmJzmpump","snapshot_drops_in_window":0,"t":1788976020000}
{"after":{"bot_uniform_micro":209302,"cu_p50":97602,"entrants_300s":28,"entrants_60s":8,"fee_p90":1005000,"net_flow_micro":3822899},"before":{"bot_uniform_micro":0,"cu_p50":105622,"entrants_300s":1,"entrants_60s":0,"fee_p90":1005000,"net_flow_micro":1769877},"event_gaps_in_window":0,"mint":"9UkQpLXBJXFRiwH69HqSt52mwmZrL5VYiBiwzAtqpump","snapshot_drops_in_window":0,"t":1788976020000}
{"after":{"bot_uniform_micro":0,"cu_p50":104260,"entrants_300s":21,"entrants_60s":0,"fee_p90":127112,"net_flow_micro":197500},"before":{"no_prior_flow":true},"event_gaps_in_window":0,"mint":"9WV93UcmkUVpkZfZsY1vEUGnK82eqBCpKhixdLcHpump","snapshot_drops_in_window":0,"t":1788976020000}
{"after":{"bot_uniform_micro":0,"cu_p50":90562,"entrants_300s":19,"entrants_60s":1,"fee_p90":2890161,"net_flow_micro":20822},"before":{"no_prior_flow":true},"event_gaps_in_window":0,"mint":"9t1Th2SAkdFeXftzZ24Sqp41M8ewbdAgMZFQxq1ypump","snapshot_drops_in_window":0,"t":1788976020000}
{"after":{"bot_uniform_micro":null,"cu_p50":null,"entrants_300s":0,"entrants_60s":0,"fee_p90":null,"net_flow_micro":-8966},"before":{"bot_uniform_micro":null,"cu_p50":null,"entrants_300s":0,"entrants_60s":0,"fee_p90":null,"net_flow_micro":-8912},"event_gaps_in_window":0,"mint":"9t7R8JPsed1jozxCaRKDiNyivYewN4wBZFWTtAVCquLW","snapshot_drops_in_window":0,"t":1788976020000}
{"after":{"bot_uniform_micro":363415,"cu_p50":126720,"entrants_300s":233,"entrants_60s":53,"fee_p90":1005000,"net_flow_micro":-5783185},"before":{"bot_uniform_micro":0,"cu_p50":99938,"entrants_300s":14,"entrants_60s":2,"fee_p90":977458,"net_flow_micro":-1399313},"event_gaps_in_window":0,"mint":"A1saYxATRfsHMop5J7kRnRJBn3Yckho1D2m146impump","snapshot_drops_in_window":0,"t":1788976020000}
{"after":{"bot_uniform_micro":511111,"cu_p50":136657,"entrants_300s":22,"entrants_60s":8,"fee_p90":410000,"net_flow_micro":-5637767},"before":{"no_prior_flow":true},"event_gaps_in_window":0,"mint":"A3axJLvQXKj2i2gEMkSq9gx7pC77CDYEcnZi6xPEpump","snapshot_drops_in_window":0,"t":1788976020000}
{"after":{"bot_uniform_micro":0,"cu_p50":79640,"entrants_300s":2,"entrants_60s":0,"fee_p90":108490,"net_flow_micro":0},"before":{"no_prior_flow":true},"event_gaps_in_window":0,"mint":"A4p9H32z3tnR8YJ48AeYBiUJyuwuVTNUsoDm7fn1ewVa","snapshot_drops_in_window":0,"t":1788976020000}
{"after":{"bot_uniform_micro":0,"cu_p50":102786,"entrants_300s":21,"entrants_60s":1,"fee_p90":907389,"net_flow_micro":2436557},"before":{"no_prior_flow":true},"event_gaps_in_window":0,"mint":"A56gtWXL96fS94zo5C36WCKHtdRC1unGrtXUHDCGpump","snapshot_drops_in_window":0,"t":1788976020000}
{"after":{"bot_uniform_micro":117647,"cu_p50":130736,"entrants_300s":16,"entrants_60s":1,"fee_p90":101014,"net_flow_micro":10203},"before":{"no_prior_flow":true},"event_gaps_in_window":0,"mint":"ADQnsCogLFphqPcnr12wgCzUw55uUN7bw9JHkMyEpump","snapshot_drops_in_window":0,"t":1788976020000}
{"after":{"bot_uniform_micro":0,"cu_p50":323351,"entrants_300s":2,"entrants_60s":0,"fee_p90":410000,"net_flow_micro":-707774},"before":{"no_prior_flow":true},"event_gaps_in_window":0,"mint":"AScFao7bzbdJh7rBiF4yFqcY26dPdRqGffRttTYMpump","snapshot_drops_in_window":0,"t":1788976020000}
{"after":{"bot_uniform_micro":0,"cu_p50":138855,"entrants_300s":3,"entrants_60s":3,"fee_p90":510000,"net_flow_micro":93692},"before":{"no_prior_flow":true},"event_gaps_in_window":0,"mint":"ATKNNSXzX9mhGxatpyTURv9wdakpwS57jpYvEodCpump","snapshot_drops_in_window":0,"t":1788976020000}
{"after":{"bot_uniform_micro":384615,"cu_p50":121813,"entrants_300s":37,"entrants_60s":23,"fee_p90":101014,"net_flow_micro":269176},"before":{"bot_uniform_micro":0,"cu_p50":121839,"entrants_300s":1,"entrants_60s":1,"fee_p90":101014,"net_flow_micro":10636862},"event_gaps_in_window":0,"mint":"AU4RpCmsTLF4iedLninD6L2vZ4v2jHZpB6Z4vobwpump","snapshot_drops_in_window":6,"t":1788976020000}
{"after":{"bot_uniform_micro":null,"cu_p50":null,"entrants_300s":0,"entrants_60s":0,"fee_p90":null,"net_flow_micro":-5050533},"before":{"no_prior_flow":true},"event_gaps_in_window":0,"mint":"AiwefDnXbePPvEd4bK95ccVPr3C8oUoBLYraHSTRpump","snapshot_drops_in_window":0,"t":1788976020000}
{"after":{"bot_uniform_micro":0,"cu_p50":132165,"entrants_300s":1,"entrants_60s":0,"fee_p90":9000,"net_flow_micro":-61625},"before":{"no_prior_flow":true},"event_gaps_in_window":0,"mint":"AmeVaqAs3uEyzKvogy3qpbTkZ4gnAfLhnLAyFji7pump","snapshot_drops_in_window":0,"t":1788976020000}
{"after":{"bot_uniform_micro":0,"cu_p50":129949,"entrants_300s":14,"entrants_60s":3,"fee_p90":352183,"net_flow_micro":-154181},"before":{"no_prior_flow":true},"event_gaps_in_window":0,"mint":"AqZSLRg9uMVAREFQCEyy37wCJmQ7T4QYjJUURSmbpump","snapshot_drops_in_window":0,"t":1788976020000}
{"after":{"bot_uniform_micro":112360,"cu_p50":112178,"entrants_300s":81,"entrants_60s":78,"fee_p90":410000,"net_flow_micro":10324679},"before":{"bot_uniform_micro":0,"cu_p50":97922,"entrants_300s":3,"entrants_60s":3,"fee_p90":410000,"net_flow_micro":2895424},"event_gaps_in_window":0,"mint":"B2sbKzTXxRLP19WuxiXDQXYn8SQVtqkPtFJ7eK9Qpump","snapshot_drops_in_window":0,"t":1788976020000}
{"after":{"bot_uniform_micro":0,"cu_p50":126905,"entrants_300s":3,"entrants_60s":3,"fee_p90":101014,"net_flow_micro":71975},"before":{"no_prior_flow":true},"event_gaps_in_window":0,"mint":"B4CvqjKjaA2Zd2pjKZVKCwmMyvSPX3PYxWzTKnm5pump","snapshot_drops_in_window":0,"t":1788976020000}
{"after":{"bot_uniform_micro":0,"cu_p50":114226,"entrants_300s":5,"entrants_60s":0,"fee_p90":217648,"net_flow_micro":50085},"before":{"no_prior_flow":true},"event_gaps_in_window":0,"mint":"BCp4DNwbXBLajpY2aAPDTaWfZUQ97u1D26pn8HCApump","snapshot_drops_in_window":0,"t":1788976020000}
{"after":{"bot_uniform_micro":0,"cu_p50":130670,"entrants_300s":2,"entrants_60s":1,"fee_p90":15000,"net_flow_micro":-1462150},"before":{"bot_uniform_micro":null,"cu_p50":null,"entrants_300s":0,"entrants_60s":0,"fee_p90":null,"net_flow_micro":-1909926},"event_gaps_in_window":0,"mint":"BEJYE9PJK1cbirxqcuujjeiMu5Nt3KgLSKECzBH5pump","snapshot_drops_in_window":0,"t":1788976020000}
{"after":{"bot_uniform_micro":0,"cu_p50":115116,"entrants_300s":15,"entrants_60s":0,"fee_p90":410000,"net_flow_micro":-1721579},"before":{"no_prior_flow":true},"event_gaps_in_window":0,"mint":"BHQSkrUTJukngMKtDhksGfG9VXj6K82DrNR3CybLpump","snapshot_drops_in_window":0,"t":1788976020000}
{"after":{"bot_uniform_micro":335714,"cu_p50":104038,"entrants_300s":110,"entrants_60s":9,"fee_p90":1105000,"net_flow_micro":21111401},"before":{"bot_uniform_micro":0,"cu_p50":102647,"entrants_300s":6,"entrants_60s":0,"fee_p90":844414,"net_flow_micro":10241429},"event_gaps_in_window":0,"mint":"BHprQ1wTYyn9CPC6uVQffkYW8ziZTrJbr3xkVuVJpump","snapshot_drops_in_window":0,"t":1788976020000}
{"after":{"bot_uniform_micro":null,"cu_p50":null,"entrants_300s":0,"entrants_60s":0,"fee_p90":null,"net_flow_micro":-26412},"before":{"no_prior_flow":true},"event_gaps_in_window":0,"mint":"BMPXGyRdnf9kWj1HSaE9ZWkyKiDbo6xUcBPro5vmL7hr","snapshot_drops_in_window":0,"t":1788976020000}
{"after":{"bot_uniform_micro":0,"cu_p50":87810,"entrants_300s":14,"entrants_60s":0,"fee_p90":100210,"net_flow_micro":355736},"before":{"no_prior_flow":true},"event_gaps_in_window":0,"mint":"BPpcswNK7DV1Pm2UCVpHo7hzhEMprBigaPx9mD93A57f","snapshot_drops_in_window":0,"t":1788976020000}
{"after":{"bot_uniform_micro":null,"cu_p50":null,"entrants_300s":0,"entrants_60s":0,"fee_p90":null,"net_flow_micro":-930955},"before":{"no_prior_flow":true},"event_gaps_in_window":0,"mint":"BZyEpkM16FesFHSiQFTW9rWDPjvHYQXb37PGzEtF5W4s","snapshot_drops_in_window":0,"t":1788976020000}
{"after":{"bot_uniform_micro":0,"cu_p50":87641,"entrants_300s":12,"entrants_60s":0,"fee_p90":759858,"net_flow_micro":-1343996},"before":{"bot_uniform_micro":0,"cu_p50":84618,"entrants_300s":2,"entrants_60s":0,"fee_p90":9000,"net_flow_micro":1713326},"event_gaps_in_window":0,"mint":"BitAst9t1moZhc88Ccwpk6a3gV6JmTXBEotiQmTZpump","snapshot_drops_in_window":0,"t":1788976020000}
{"after":{"bot_uniform_micro":0,"cu_p50":119451,"entrants_300s":3,"entrants_60s":2,"fee_p90":880000,"net_flow_micro":0},"before":{"no_prior_flow":true},"event_gaps_in_window":0,"mint":"C8pa2G68PfsMUwvKKPVDNqVDL3rnUT8Yc4X9zUCxYXmD","snapshot_drops_in_window":0,"t":1788976020000}
{"after":{"bot_uniform_micro":0,"cu_p50":87879,"entrants_300s":1,"entrants_60s":0,"fee_p90":80000,"net_flow_micro":0},"before":{"no_prior_flow":true},"event_gaps_in_window":0,"mint":"CL36KyGaMN8Wcd5VE1RyXdYKsXTva2MigumiMz3npump","snapshot_drops_in_window":0,"t":1788976020000}
{"after":{"bot_uniform_micro":0,"cu_p50":103379,"entrants_300s":16,"entrants_60s":1,"fee_p90":1505001,"net_flow_micro":3156332},"before":{"bot_uniform_micro":0,"cu_p50":98066,"entrants_300s":2,"entrants_60s":0,"fee_p90":1505001,"net_flow_micro":3641975},"event_gaps_in_window":0,"mint":"CLh7ezbjYKbVsZoqN2MCGoDsBcfN3NfUDDE8nHAipump","snapshot_drops_in_window":0,"t":1788976020000}
{"after":{"bot_uniform_micro":null,"cu_p50":null,"entrants_300s":0,"entrants_60s":0,"fee_p90":null,"net_flow_micro":-195913},"before":{"no_prior_flow":true},"event_gaps_in_window":0,"mint":"CM4RLsdBrFbfCneXyvUJqBmmQsb69Hm2H6QWhcq1nX8e","snapshot_drops_in_window":0,"t":1788976020000}
{"after":{"bot_uniform_micro":0,"cu_p50":138146,"entrants_300s":1,"entrants_60s":1,"fee_p90":9000,"net_flow_micro":3035},"before":{"no_prior_flow":true},"event_gaps_in_window":0,"mint":"CPimEyD6mysrtDiRfYeYCi3ipSEHb224ipd5zaSJpump","snapshot_drops_in_window":0,"t":1788976020000}
{"after":{"bot_uniform_micro":null,"cu_p50":null,"entrants_300s":0,"entrants_60s":0,"fee_p90":null,"net_flow_micro":-34402},"before":{"no_prior_flow":true},"event_gaps_in_window":0,"mint":"Ca8DTtL9BxZpFHqtd92fKcWaheA6A7y8t5Y9QSnipump","snapshot_drops_in_window":0,"t":1788976020000}
{"after":{"bot_uniform_micro":0,"cu_p50":168777,"entrants_300s":8,"entrants_60s":0,"fee_p90":838483,"net_flow_micro":-1267688},"before":{"no_prior_flow":true},"event_gaps_in_window":0,"mint":"CyFtApDbWYjhkYFwjhKo1W9WWFu8HkXP2B7GpSt5pump","snapshot_drops_in_window":0,"t":1788976020000}
{"after":{"bot_uniform_micro":0,"cu_p50":77780,"entrants_300s":3,"entrants_60s":0,"fee_p90":86564,"net_flow_micro":-766947},"before":{"no_prior_flow":true},"event_gaps_in_window":0,"mint":"DCN1XGdUCMqrEXj86zF1WK9q3M8jYr8g8UBLbGVZpump","snapshot_drops_in_window":0,"t":1788976020000}
{"after":{"bot_uniform_micro":0,"cu_p50":93412,"entrants_300s":31,"entrants_60s":0,"fee_p90":1005000,"net_flow_micro":-13415944},"before":{"bot_uniform_micro":0,"cu_p50":93280,"entrants_300s":1,"entrants_60s":0,"fee_p90":94425,"net_flow_micro":-2962377},"event_gaps_in_window":0,"mint":"DDMR7vYbNLFimKJon4NgdJS2SFdzbiGEd7Axbs9ekTC1","snapshot_drops_in_window":0,"t":1788976020000}
{"after":{"bot_uniform_micro":0,"cu_p50":129165,"entrants_300s":2,"entrants_60s":1,"fee_p90":26984,"net_flow_micro":-62333},"before":{"no_prior_flow":true},"event_gaps_in_window":0,"mint":"DJh184vydZBMZKDuBz3MhcA97XoQGNuzvkVVB8Etpump","snapshot_drops_in_window":0,"t":1788976020000}
{"after":{"bot_uniform_micro":0,"cu_p50":117209,"entrants_300s":1,"entrants_60s":1,"fee_p90":101014,"net_flow_micro":6656},"before":{"no_prior_flow":true},"event_gaps_in_window":0,"mint":"Db3R16VcBSFPsmAiToqZwJ9A1wG3nFePM2vUw1d4pump","snapshot_drops_in_window":0,"t":1788976020000}
{"after":{"bot_uniform_micro":0,"cu_p50":147807,"entrants_300s":21,"entrants_60s":1,"fee_p90":1005000,"net_flow_micro":-668153},"before":{"no_prior_flow":true},"event_gaps_in_window":0,"mint":"DnjxjnV5XTDKq9nMzrSPer7zKpvBmLgmd27iDwXApump","snapshot_drops_in_window":0,"t":1788976020000}
{"after":{"bot_uniform_micro":272727,"cu_p50":106891,"entrants_300s":10,"entrants_60s":8,"fee_p90":159000,"net_flow_micro":2555961},"before":{"no_prior_flow":true},"event_gaps_in_window":0,"mint":"Dp9gxFemyiHfVMTLdFhjP7h1EnHTe4Ki6fEB6Mw3pump","snapshot_drops_in_window":0,"t":1788976020000}
{"after":{"bot_uniform_micro":500000,"cu_p50":81538,"entrants_300s":6,"entrants_60s":0,"fee_p90":110000,"net_flow_micro":1591178},"before":{"bot_uniform_micro":0,"cu_p50":104051,"entrants_300s":1,"entrants_60s":0,"fee_p90":79825,"net_flow_micro":884777},"event_gaps_in_window":0,"mint":"DqLsKkjYF9oBdALcxiifNntGzzWmhtiMZnUHWPqhWuKH","snapshot_drops_in_window":0,"t":1788976020000}
{"after":{"bot_uniform_micro":null,"cu_p50":null,"entrants_300s":0,"entrants_60s":0,"fee_p90":null,"net_flow_micro":-7060},"before":{"no_prior_flow":true},"event_gaps_in_window":0,"mint":"Dsr5iNf2Ko5scKz2pR7iaAKz4bUjquvT7KeQvB88pump","snapshot_drops_in_window":0,"t":1788976020000}
{"after":{"bot_uniform_micro":0,"cu_p50":162343,"entrants_300s":1,"entrants_60s":0,"fee_p90":35000,"net_flow_micro":-3095630},"before":{"no_prior_flow":true},"event_gaps_in_window":0,"mint":"DtHH4ZvyDusSzecfWnYxN1L68Jc31bN7nx8bckEmpump","snapshot_drops_in_window":0,"t":1788976020000}
{"after":{"bot_uniform_micro":0,"cu_p50":83404,"entrants_300s":1,"entrants_60s":0,"fee_p90":50005000,"net_flow_micro":-1505230},"before":{"no_prior_flow":true},"event_gaps_in_window":0,"mint":"DvSwPkzWJrDrQY6SjSdbzzLN4A1Yyuo69WKJPBWspump","snapshot_drops_in_window":0,"t":1788976020000}
{"after":{"bot_uniform_micro":0,"cu_p50":207442,"entrants_300s":2,"entrants_60s":1,"fee_p90":99908,"net_flow_micro":203616},"before":{"no_prior_flow":true},"event_gaps_in_window":0,"mint":"E8PbrUKnXkNKqeW8A7J9xd729eiNAPPBKfRKxV9qpump","snapshot_drops_in_window":0,"t":1788976020000}
{"after":{"bot_uniform_micro":0,"cu_p50":92923,"entrants_300s":4,"entrants_60s":4,"fee_p90":356908,"net_flow_micro":1492728},"before":{"no_prior_flow":true},"event_gaps_in_window":0,"mint":"EBRbgGkviq4qxTK7KVbMgrGLVx8sLBpfHJZphCdppump","snapshot_drops_in_window":0,"t":1788976020000}
{"after":{"bot_uniform_micro":66667,"cu_p50":150952,"entrants_300s":38,"entrants_60s":5,"fee_p90":410000,"net_flow_micro":6030285},"before":{"no_prior_flow":true},"event_gaps_in_window":0,"mint":"EKY7EeT6WUAiRJNxcyTMDKcYyqESM3Ht25diPTN2pump","snapshot_drops_in_window":0,"t":1788976020000}
{"after":{"bot_uniform_micro":0,"cu_p50":98166,"entrants_300s":3,"entrants_60s":0,"fee_p90":1335000,"net_flow_micro":890872},"before":{"no_prior_flow":true},"event_gaps_in_window":0,"mint":"EQ3juekNUnWbQzkhBpuPoDwHXXuiRzuiw2oRbNHEpump","snapshot_drops_in_window":0,"t":1788976020000}
{"after":{"bot_uniform_micro":0,"cu_p50":93678,"entrants_300s":2,"entrants_60s":0,"fee_p90":15000,"net_flow_micro":1740678},"before":{"no_prior_flow":true},"event_gaps_in_window":0,"mint":"EWfb1SZmwgbM33ak9D9inPnLm78mwJDGce4jyiK4pump","snapshot_drops_in_window":0,"t":1788976020000}
{"after":{"bot_uniform_micro":0,"cu_p50":143949,"entrants_300s":11,"entrants_60s":4,"fee_p90":802462,"net_flow_micro":2492019},"before":{"no_prior_flow":true},"event_gaps_in_window":0,"mint":"EYKzyYrf4q5zGJBszrDGjz2J2LZmGH3x7RXWpmzBpump","snapshot_drops_in_window":0,"t":1788976020000}
{"after":{"bot_uniform_micro":null,"cu_p50":null,"entrants_300s":0,"entrants_60s":0,"fee_p90":null,"net_flow_micro":-3644249},"before":{"no_prior_flow":true},"event_gaps_in_window":0,"mint":"EbJMiyPiFqozfR8qEn5CttenDQwP1xn2g3KdzCgEpump","snapshot_drops_in_window":0,"t":1788976020000}
{"after":{"bot_uniform_micro":98361,"cu_p50":126395,"entrants_300s":12,"entrants_60s":12,"fee_p90":101014,"net_flow_micro":57338},"before":{"bot_uniform_micro":0,"cu_p50":126251,"entrants_300s":1,"entrants_60s":1,"fee_p90":101014,"net_flow_micro":-1890156},"event_gaps_in_window":0,"mint":"EqeXHX7YVFuoGDuBh1wcQvUcc41J9qyXNNEozF2opump","snapshot_drops_in_window":2,"t":1788976020000}
{"after":{"bot_uniform_micro":null,"cu_p50":null,"entrants_300s":0,"entrants_60s":0,"fee_p90":null,"net_flow_micro":-1097360},"before":{"no_prior_flow":true},"event_gaps_in_window":0,"mint":"EwzdTm98vnwetWYXucw5qCEsFBwwC7oQjsmHT6d7pump","snapshot_drops_in_window":0,"t":1788976020000}
{"after":{"bot_uniform_micro":114286,"cu_p50":135797,"entrants_300s":33,"entrants_60s":0,"fee_p90":1197670,"net_flow_micro":-2419887},"before":{"no_prior_flow":true},"event_gaps_in_window":0,"mint":"FCcMhUa1MJsCZRyj17QHJuAFAK2j229T1Dc9ymjKpump","snapshot_drops_in_window":0,"t":1788976020000}
{"after":{"bot_uniform_micro":0,"cu_p50":83599,"entrants_300s":17,"entrants_60s":0,"fee_p90":4049047,"net_flow_micro":0},"before":{"bot_uniform_micro":null,"cu_p50":null,"entrants_300s":0,"entrants_60s":0,"fee_p90":null,"net_flow_micro":-474678},"event_gaps_in_window":0,"mint":"FKPRghm3SPYmg5xsNgc7RCW9kNnNb3qDWAAkxHULpump","snapshot_drops_in_window":0,"t":1788976020000}
{"after":{"bot_uniform_micro":0,"cu_p50":189656,"entrants_300s":1,"entrants_60s":0,"fee_p90":72206,"net_flow_micro":10409},"before":{"no_prior_flow":true},"event_gaps_in_window":0,"mint":"FL75A9Qyp4LpmXKc2X3GWTvGgPd4mwWhVMiqwsj2tDwj","snapshot_drops_in_window":0,"t":1788976020000}
{"after":{"bot_uniform_micro":68182,"cu_p50":153969,"entrants_300s":33,"entrants_60s":3,"fee_p90":744985,"net_flow_micro":488030},"before":{"bot_uniform_micro":null,"cu_p50":null,"entrants_300s":0,"entrants_60s":0,"fee_p90":null,"net_flow_micro":-647579},"event_gaps_in_window":0,"mint":"FREoocUFHTh7VepWTAtHFis3897ssDPYA1EBvdTapump","snapshot_drops_in_window":0,"t":1788976020000}
{"after":{"bot_uniform_micro":0,"cu_p50":101174,"entrants_300s":22,"entrants_60s":22,"fee_p90":189805,"net_flow_micro":197602},"before":{"no_prior_flow":true},"event_gaps_in_window":0,"mint":"FRKif82x7DNTY4uy6LdPeCD5MNNixTA525PvuRabpump","snapshot_drops_in_window":0,"t":1788976020000}
{"after":{"bot_uniform_micro":null,"cu_p50":null,"entrants_300s":0,"entrants_60s":0,"fee_p90":null,"net_flow_micro":0},"before":{"no_prior_flow":true},"event_gaps_in_window":0,"mint":"FXjVgXwBia2WbnsCQT3RsB7KYtcDvefsLeJx5AEtpump","snapshot_drops_in_window":0,"t":1788976020000}
{"after":{"bot_uniform_micro":null,"cu_p50":null,"entrants_300s":0,"entrants_60s":0,"fee_p90":null,"net_flow_micro":-391170},"before":{"bot_uniform_micro":null,"cu_p50":null,"entrants_300s":0,"entrants_60s":0,"fee_p90":null,"net_flow_micro":0},"event_gaps_in_window":0,"mint":"FY3mQ351mRQVicM26UXZ3f2Sj92tkjhEXEsuM9YfH93e","snapshot_drops_in_window":0,"t":1788976020000}
{"after":{"bot_uniform_micro":90909,"cu_p50":146382,"entrants_300s":41,"entrants_60s":0,"fee_p90":405000,"net_flow_micro":-17747945},"before":{"bot_uniform_micro":null,"cu_p50":null,"entrants_300s":0,"entrants_60s":0,"fee_p90":null,"net_flow_micro":-3164100},"event_gaps_in_window":0,"mint":"FaJsHUZmyHsZTRtMQ6AxYXGgoVSDsjWjZQXokUuTpump","snapshot_drops_in_window":0,"t":1788976020000}
{"after":{"bot_uniform_micro":0,"cu_p50":141090,"entrants_300s":6,"entrants_60s":1,"fee_p90":25777,"net_flow_micro":1368996},"before":{"no_prior_flow":true},"event_gaps_in_window":0,"mint":"FrCWX5JbHHaGK2UepsbUSY9SF173Pdo7hUy6GhxWpump","snapshot_drops_in_window":0,"t":1788976020000}
{"after":{"bot_uniform_micro":0,"cu_p50":100148,"entrants_300s":16,"entrants_60s":16,"fee_p90":1891793,"net_flow_micro":708052},"before":{"no_prior_flow":true},"event_gaps_in_window":0,"mint":"FtxzjQoetTfUnM16iGNfYPm9G8z3UXVRF7vpDiqEpump","snapshot_drops_in_window":0,"t":1788976020000}
{"after":{"bot_uniform_micro":744681,"cu_p50":135154,"entrants_300s":41,"entrants_60s":1,"fee_p90":1005000,"net_flow_micro":-11906807},"before":{"no_prior_flow":true},"event_gaps_in_window":0,"mint":"Fx8TMhnCVcXBUsvdKXoSwCapdCHV3x55ACxUVSkepump","snapshot_drops_in_window":0,"t":1788976020000}
{"after":{"bot_uniform_micro":null,"cu_p50":null,"entrants_300s":0,"entrants_60s":0,"fee_p90":null,"net_flow_micro":0},"before":{"no_prior_flow":true},"event_gaps_in_window":0,"mint":"GC87Z47XsT6GnrRQjXwRkHLg4qSUXrtk7dzyBpSnpump","snapshot_drops_in_window":0,"t":1788976020000}
{"after":{"bot_uniform_micro":0,"cu_p50":143537,"entrants_300s":1,"entrants_60s":0,"fee_p90":552501,"net_flow_micro":197919},"before":{"no_prior_flow":true},"event_gaps_in_window":0,"mint":"GLteMVHGWknSNvCAeVxiePAN6Fuje6yaUmEn4WvZpump","snapshot_drops_in_window":0,"t":1788976020000}
{"after":{"bot_uniform_micro":0,"cu_p50":90725,"entrants_300s":18,"entrants_60s":0,"fee_p90":1005000,"net_flow_micro":-29834337},"before":{"bot_uniform_micro":0,"cu_p50":268608,"entrants_300s":1,"entrants_60s":0,"fee_p90":410000,"net_flow_micro":-1468563},"event_gaps_in_window":0,"mint":"GR867ubpr6onDw7pjSPYGsHmpLb7QL9VuBZxD3R7pump","snapshot_drops_in_window":0,"t":1788976020000}
{"after":{"bot_uniform_micro":0,"cu_p50":111900,"entrants_300s":12,"entrants_60s":0,"fee_p90":189805,"net_flow_micro":197499},"before":{"no_prior_flow":true},"event_gaps_in_window":0,"mint":"GSGea6zU4yj7HBsumad9RqtNV53pLdvqrSyPAXJ4pump","snapshot_drops_in_window":0,"t":1788976020000}
{"after":{"bot_uniform_micro":0,"cu_p50":79413,"entrants_300s":6,"entrants_60s":1,"fee_p90":410000,"net_flow_micro":-1338255},"before":{"no_prior_flow":true},"event_gaps_in_window":0,"mint":"GT64PB7cJs3UJnc2GYW4VFTQRyKEbzwR7DCfKFyMjRrb","snapshot_drops_in_window":0,"t":1788976020000}
{"after":{"bot_uniform_micro":0,"cu_p50":184670,"entrants_300s":3,"entrants_60s":3,"fee_p90":510000,"net_flow_micro":6915},"before":{"no_prior_flow":true},"event_gaps_in_window":0,"mint":"GcDJuHkCern3HQodNzbGFBXFCCAVsEPKQ4VeQF6vpump","snapshot_drops_in_window":0,"t":1788976020000}
{"after":{"bot_uniform_micro":0,"cu_p50":126866,"entrants_300s":1,"entrants_60s":0,"fee_p90":101014,"net_flow_micro":-53001},"before":{"no_prior_flow":true},"event_gaps_in_window":0,"mint":"Gz3q6nZzQC4vNnuggcDghvWtHToi1LweNuHSyW7Wpump","snapshot_drops_in_window":0,"t":1788976020000}
{"after":{"bot_uniform_micro":null,"cu_p50":null,"entrants_300s":0,"entrants_60s":0,"fee_p90":null,"net_flow_micro":-77398},"before":{"no_prior_flow":true},"event_gaps_in_window":0,"mint":"H4uzHREeMpSmWjMWtaZqGQkACBnYEWaDDhVn9Frppump","snapshot_drops_in_window":0,"t":1788976020000}
{"after":{"bot_uniform_micro":0,"cu_p50":90938,"entrants_300s":1,"entrants_60s":0,"fee_p90":430417,"net_flow_micro":49383},"before":{"no_prior_flow":true},"event_gaps_in_window":0,"mint":"H64QZNBvRXfDsY1VzNdt96Mb2M8CqbaP6U3djy6kpump","snapshot_drops_in_window":0,"t":1788976020000}
{"after":{"bot_uniform_micro":0,"cu_p50":90749,"entrants_300s":5,"entrants_60s":0,"fee_p90":81000,"net_flow_micro":1453934},"before":{"bot_uniform_micro":0,"cu_p50":92223,"entrants_300s":1,"entrants_60s":0,"fee_p90":28295,"net_flow_micro":547669},"event_gaps_in_window":0,"mint":"HJk1HFcvgLqkVnEgNX1bLnXS382SAPVgiQigA7Fnpump","snapshot_drops_in_window":0,"t":1788976020000}
{"after":{"bot_uniform_micro":0,"cu_p50":106638,"entrants_300s":144,"entrants_60s":75,"fee_p90":1005000,"net_flow_micro":24642894},"before":{"no_prior_flow":true},"event_gaps_in_window":0,"mint":"HVcoQEjRnZJhYaorKWtBEDmYGSdekEbkqZaM4Da5pump","snapshot_drops_in_window":0,"t":1788976020000}
{"after":{"bot_uniform_micro":0,"cu_p50":125749,"entrants_300s":1,"entrants_60s":0,"fee_p90":15000,"net_flow_micro":-1065097},"before":{"bot_uniform_micro":null,"cu_p50":null,"entrants_300s":0,"entrants_60s":0,"fee_p90":null,"net_flow_micro":0},"event_gaps_in_window":0,"mint":"HYd5cRAFVXVVrt4D6LvtMcCmYDoQE1TDbeSa3MgLpump","snapshot_drops_in_window":0,"t":1788976020000}
{"after":{"bot_uniform_micro":0,"cu_p50":231683,"entrants_300s":2,"entrants_60s":1,"fee_p90":80001,"net_flow_micro":659222},"before":{"no_prior_flow":true},"event_gaps_in_window":0,"mint":"HdPL4bP6smyfumoQhEPpkrAb4qpz3uvKZH4kdtFQpump","snapshot_drops_in_window":0,"t":1788976020000}
{"after":{"bot_uniform_micro":0,"cu_p50":122320,"entrants_300s":2,"entrants_60s":1,"fee_p90":101014,"net_flow_micro":-4591455},"before":{"no_prior_flow":true},"event_gaps_in_window":0,"mint":"HrENr8Q1HzugCpFgsTU86FcAgNtH5hFQzSiuXKk8pump","snapshot_drops_in_window":0,"t":1788976020000}
{"after":{"bot_uniform_micro":0,"cu_p50":119306,"entrants_300s":1,"entrants_60s":0,"fee_p90":5000,"net_flow_micro":0},"before":{"no_prior_flow":true},"event_gaps_in_window":0,"mint":"Hy9XZ4Ae4oKtXYfuFzWkoNV18teCTpvWWu5PFD9Bpump","snapshot_drops_in_window":0,"t":1788976020000}
{"after":{"bot_uniform_micro":0,"cu_p50":139993,"entrants_300s":3,"entrants_60s":1,"fee_p90":86290,"net_flow_micro":-2080914},"before":{"bot_uniform_micro":null,"cu_p50":null,"entrants_300s":0,"entrants_60s":0,"fee_p90":null,"net_flow_micro":0},"event_gaps_in_window":0,"mint":"J4J7wFFndrNKhDa4rrMB9Amsqvqzk2uaJZDpStnUpump","snapshot_drops_in_window":0,"t":1788976020000}
{"after":{"bot_uniform_micro":null,"cu_p50":null,"entrants_300s":0,"entrants_60s":0,"fee_p90":null,"net_flow_micro":-325009},"before":{"no_prior_flow":true},"event_gaps_in_window":0,"mint":"JDrkAK8QdeXD4NUxci6ANV8KSQkNvvnmLVZundL5ihey","snapshot_drops_in_window":0,"t":1788976020000}
{"after":{"bot_uniform_micro":0,"cu_p50":126895,"entrants_300s":1,"entrants_60s":1,"fee_p90":101014,"net_flow_micro":1279293},"before":{"no_prior_flow":true},"event_gaps_in_window":0,"mint":"9w5gWetsKYZdMCJAA3URwcf8arGeAQmHT13Pdvgpump","snapshot_drops_in_window":0,"t":1788976080000}
{"after":{"bot_uniform_micro":null,"cu_p50":null,"entrants_300s":0,"entrants_60s":0,"fee_p90":null,"net_flow_micro":0},"before":{"bot_uniform_micro":null,"cu_p50":null,"entrants_300s":0,"entrants_60s":0,"fee_p90":null,"net_flow_micro":0},"event_gaps_in_window":0,"mint":"GrEpzw6CV42tY8gct9z6TZXCmCuzuPKh6eSiqD6pump","snapshot_drops_in_window":0,"t":1788976080000}
{"after":{"bot_uniform_micro":0,"cu_p50":190201,"entrants_300s":2,"entrants_60s":0,"fee_p90":14000,"net_flow_micro":-17721117},"before":{"no_prior_flow":true},"event_gaps_in_window":0,"mint":"JKqjiwqwFtuWLFQj4bkVgfkUDEx1RyQ9n1z7eBDpump","snapshot_drops_in_window":0,"t":1788976080000}
{"after":{"bot_uniform_micro":240000,"cu_p50":91992,"entrants_300s":24,"entrants_60s":4,"fee_p90":1602151,"net_flow_micro":3451},"before":{"bot_uniform_micro":null,"cu_p50":null,"entrants_300s":0,"entrants_60s":0,"fee_p90":null,"net_flow_micro":-3744315},"event_gaps_in_window":0,"mint":"KYAC7gpLBhsbJ2Kw9wtthgvaUvRRsByZMS9vitUpump","snapshot_drops_in_window":0,"t":1788976080000}
{"after":{"bot_uniform_micro":511029,"cu_p50":120500,"entrants_300s":28,"entrants_60s":0,"fee_p90":101014,"net_flow_micro":-263849},"before":{"bot_uniform_micro":0,"cu_p50":133731,"entrants_300s":1,"entrants_60s":0,"fee_p90":101014,"net_flow_micro":2394104},"event_gaps_in_window":0,"mint":"U17QJMm3GYxikj6sUNjN822T4BGtmcmXVWK3k13pump","snapshot_drops_in_window":14,"t":1788976080000}
{"after":{"bot_uniform_micro":0,"cu_p50":142082,"entrants_300s":3,"entrants_60s":3,"fee_p90":15000,"net_flow_micro":340455},"before":{"no_prior_flow":true},"event_gaps_in_window":0,"mint":"myXRAu9fN2YsLHjdCcAtwEVXgjELzFpCamj44oDpump","snapshot_drops_in_window":0,"t":1788976080000}
{"after":{"bot_uniform_micro":508772,"cu_p50":101249,"entrants_300s":39,"entrants_60s":16,"fee_p90":5105000,"net_flow_micro":124381},"before":{"bot_uniform_micro":0,"cu_p50":90632,"entrants_300s":2,"entrants_60s":0,"fee_p90":77290,"net_flow_micro":164878},"event_gaps_in_window":0,"mint":"rm1U9zUhr5BUSduJEbH25VNQAxh4t3uMjvTUJ6JsScK","snapshot_drops_in_window":0,"t":1788976080000}
{"after":{"bot_uniform_micro":0,"cu_p50":105586,"entrants_300s":12,"entrants_60s":12,"fee_p90":189803,"net_flow_micro":197500},"before":{"no_prior_flow":true},"event_gaps_in_window":0,"mint":"2LZjE1wjD25NxfcCZrKsALoeBPQnYzQoNFnDLcHypump","snapshot_drops_in_window":0,"t":1788976080000}
{"after":{"bot_uniform_micro":0,"cu_p50":265435,"entrants_300s":1,"entrants_60s":1,"fee_p90":510000,"net_flow_micro":99012},"before":{"no_prior_flow":true},"event_gaps_in_window":0,"mint":"2Tw8RPxY286afFfvDSymkoZB69r6cnUoGKzUNsAtpump","snapshot_drops_in_window":0,"t":1788976080000}
{"after":{"bot_uniform_micro":521401,"cu_p50":99430,"entrants_300s":165,"entrants_60s":25,"fee_p90":605000,"net_flow_micro":-241683},"before":{"bot_uniform_micro":0,"cu_p50":98338,"entrants_300s":18,"entrants_60s":2,"fee_p90":1005000,"net_flow_micro":2502730},"event_gaps_in_window":0,"mint":"2YuFLBKqmgBsxrbVgqRXgSrzwf6wyNCkCUAqUMEGpump","snapshot_drops_in_window":0,"t":1788976080000}
{"after":{"bot_uniform_micro":0,"cu_p50":99429,"entrants_300s":16,"entrants_60s":11,"fee_p90":137851,"net_flow_micro":1835281},"before":{"no_prior_flow":true},"event_gaps_in_window":0,"mint":"2ZKkVVkHUNTf5LfPnpudB7ANtACw8X9Tw7Lgcuxwpump","snapshot_drops_in_window":0,"t":1788976080000}
{"after":{"bot_uniform_micro":0,"cu_p50":110180,"entrants_300s":6,"entrants_60s":0,"fee_p90":1005000,"net_flow_micro":95050},"before":{"no_prior_flow":true},"event_gaps_in_window":0,"mint":"2h2GHqhJuR5kaG6Srwk45mCZZANCYxKuNSHtYjRRpump","snapshot_drops_in_window":0,"t":1788976080000}
{"after":{"bot_uniform_micro":null,"cu_p50":null,"entrants_300s":0,"entrants_60s":0,"fee_p90":null,"net_flow_micro":-1533798},"before":{"no_prior_flow":true},"event_gaps_in_window":0,"mint":"2hZPYB8ud7RUQAHkCmWvTcqB7YH1xfTAsAoUtDnFpump","snapshot_drops_in_window":0,"t":1788976080000}
{"after":{"bot_uniform_micro":46875,"cu_p50":124860,"entrants_300s":11,"entrants_60s":0,"fee_p90":101014,"net_flow_micro":-106466},"before":{"bot_uniform_micro":0,"cu_p50":124834,"entrants_300s":1,"entrants_60s":0,"fee_p90":101014,"net_flow_micro":-10647528},"event_gaps_in_window":0,"mint":"3FJwqar6B5zq6YSrvmEzW4U7ubFYJw1vdya82fFepump","snapshot_drops_in_window":3,"t":1788976080000}
{"after":{"bot_uniform_micro":0,"cu_p50":159812,"entrants_300s":3,"entrants_60s":3,"fee_p90":1005000,"net_flow_micro":0},"before":{"no_prior_flow":true},"event_gaps_in_window":0,"mint":"3G1kgDVU5mKrNwLFFHhhR3rfUzST181mBp6ciZuxpump","snapshot_drops_in_window":0,"t":1788976080000}
{"after":{"bot_uniform_micro":133333,"cu_p50":89510,"entrants_300s":59,"entrants_60s":59,"fee_p90":1505714,"net_flow_micro":11530796},"before":{"bot_uniform_micro":0,"cu_p50":93635,"entrants_300s":1,"entrants_60s":1,"fee_p90":45000,"net_flow_micro":1515491},"event_gaps_in_window":0,"mint":"3G6PAF448tZqGmjpxKHygkYUQbu7P1ZfscWAiDGLZyQf","snapshot_drops_in_window":0,"t":1788976080000}
{"after":{"bot_uniform_micro":0,"cu_p50":105599,"entrants_300s":19,"entrants_60s":0,"fee_p90":189807,"net_flow_micro":197499},"before":{"no_prior_flow":true},"event_gaps_in_window":0,"mint":"3T5fZJNEBDhzxBK1nbbS3AiSzCMaE2s7VDQLgmTjpump","snapshot_drops_in_window":0,"t":1788976080000}
{"after":{"bot_uniform_micro":0,"cu_p50":155923,"entrants_300s":4,"entrants_60s":0,"fee_p90":58240,"net_flow_micro":0},"before":{"no_prior_flow":true},"event_gaps_in_window":0,"mint":"3UEHrU67ATmbwz4pQBAHxBBsoXHNPE5ZQPnpzao9pump","snapshot_drops_in_window":0,"t":1788976080000}
{"after":{"bot_uniform_micro":330579,"cu_p50":127657,"entrants_300s":21,"entrants_60s":9,"fee_p90":225000,"net_flow_micro":10029},"before":{"bot_uniform_micro":0,"cu_p50":127787,"entrants_300s":1,"entrants_60s":1,"fee_p90":101014,"net_flow_micro":-180053},"event_gaps_in_window":0,"mint":"3ZVbE8NSiJbo2vcTMMpWgZxjnhz6GXysMFi8Xsxcpump","snapshot_drops_in_window":4,"t":1788976080000}
{"after":{"bot_uniform_micro":0,"cu_p50":120283,"entrants_300s":1,"entrants_60s":1,"fee_p90":101014,"net_flow_micro":717331},"before":{"no_prior_flow":true},"event_gaps_in_window":0,"mint":"3aN56TN7nwtp8UqD5xZeye42KFcazmrprhWR7Gscpump","snapshot_drops_in_window":0,"t":1788976080000}
{"after":{"bot_uniform_micro":555556,"cu_p50":108190,"entrants_300s":37,"entrants_60s":37,"fee_p90":5105000,"net_flow_micro":10272792},"before":{"bot_uniform_micro":0,"cu_p50":93552,"entrants_300s":2,"entrants_60s":2,"fee_p90":430416,"net_flow_micro":1309257},"event_gaps_in_window":0,"mint":"3h3PBbX4RqVw3bQJtX7LdexADxNu3Ruc5pc7mQgvGw8a","snapshot_drops_in_window":0,"t":1788976080000}
{"after":{"bot_uniform_micro":134615,"cu_p50":140338,"entrants_300s":12,"entrants_60s":1,"fee_p90":101014,"net_flow_micro":136911},"before":{"bot_uniform_micro":0,"cu_p50":139856,"entrants_300s":1,"entrants_60s":0,"fee_p90":101014,"net_flow_micro":-2016176},"event_gaps_in_window":0,"mint":"3oV3dgtZv6TdMJe5993BtfGfHTA6E8Cbtf8Xjiodpump","snapshot_drops_in_window":0,"t":1788976080000}
{"after":{"bot_uniform_micro":null,"cu_p50":null,"entrants_300s":0,"entrants_60s":0,"fee_p90":null,"net_flow_micro":-359960},"before":{"no_prior_flow":true},"event_gaps_in_window":0,"mint":"3wJEdMysjAyMWC7WHMmnfMrNaryZG3rL54TdXBgiAh2u","snapshot_drops_in_window":0,"t":1788976080000}
{"after":{"bot_uniform_micro":0,"cu_p50":123922,"entrants_300s":4,"entrants_60s":2,"fee_p90":101014,"net_flow_micro":904866},"before":{"no_prior_flow":true},"event_gaps_in_window":0,"mint":"3wQJbSgj3Vkg5oBoi77FCtWpyvvmkZrMJE5JnQbKpump","snapshot_drops_in_window":0,"t":1788976080000}
{"after":{"bot_uniform_micro":0,"cu_p50":102730,"entrants_300s":52,"entrants_60s":0,"fee_p90":127646,"net_flow_micro":196942},"before":{"no_prior_flow":true},"event_gaps_in_window":0,"mint":"3zs2DUeo3wTDbX7TWtSwHXqBCfohxetuh5y7Tz7Kpump","snapshot_drops_in_window":0,"t":1788976080000}
{"after":{"bot_uniform_micro":0,"cu_p50":105418,"entrants_300s":12,"entrants_60s":1,"fee_p90":976250,"net_flow_micro":10139662},"before":{"no_prior_flow":true},"event_gaps_in_window":0,"mint":"4cPYeu1LvXAZoQiXzfVhWHHfSrX3aXN51hDtVsfXpump","snapshot_drops_in_window":0,"t":1788976080000}
{"after":{"bot_uniform_micro":0,"cu_p50":82924,"entrants_300s":3,"entrants_60s":0,"fee_p90":105000,"net_flow_micro":0},"before":{"no_prior_flow":true},"event_gaps_in_window":0,"mint":"4gNU9ZtNq8fSwsK61SnDhuhK7aJQuWwxmPJ2me3Epump","snapshot_drops_in_window":0,"t":1788976080000}
{"after":{"bot_uniform_micro":560748,"cu_p50":93217,"entrants_300s":288,"entrants_60s":159,"fee_p90":105000,"net_flow_micro":71192290},"before":{"bot_uniform_micro":0,"cu_p50":93658,"entrants_300s":11,"entrants_60s":7,"fee_p90":430417,"net_flow_micro":-36719564},"event_gaps_in_window":0,"mint":"4t2DC7mis1squwKYqr6hDzn5uacbNEj7dAGrZ5H2pump","snapshot_drops_in_window":0,"t":1788976080000}
{"after":{"bot_uniform_micro":null,"cu_p50":null,"entrants_300s":0,"entrants_60s":0,"fee_p90":null,"net_flow_micro":-950266},"before":{"no_prior_flow":true},"event_gaps_in_window":0,"mint":"4wRmu5KY7X353uBHYsPJhvuRZc6MMzgsU8aGqXtupump","snapshot_drops_in_window":0,"t":1788976080000}
{"after":{"bot_uniform_micro":0,"cu_p50":112135,"entrants_300s":2,"entrants_60s":0,"fee_p90":5000,"net_flow_micro":0},"before":{"no_prior_flow":true},"event_gaps_in_window":0,"mint":"55qDmCPGUGdLAuN6rYzoqoTZ1xhKaRvDCQwZFB4mpump","snapshot_drops_in_window":0,"t":1788976080000}
{"after":{"bot_uniform_micro":57692,"cu_p50":94668,"entrants_300s":49,"entrants_60s":49,"fee_p90":45416,"net_flow_micro":328310},"before":{"no_prior_flow":true},"event_gaps_in_window":0,"mint":"5A5zQ3m2wcNdt64kPgMToLiFWi2SQefvKtdiH5THpump","snapshot_drops_in_window":0,"t":1788976080000}
{"after":{"bot_uniform_micro":109091,"cu_p50":125339,"entrants_300s":6,"entrants_60s":4,"fee_p90":101014,"net_flow_micro":18033},"before":{"no_prior_flow":true},"event_gaps_in_window":0,"mint":"5JtqYc2riFDfvGg8YYm5zBTh6LaUNDZwvo5p9AEypump","snapshot_drops_in_window":0,"t":1788976080000}
{"after":{"bot_uniform_micro":0,"cu_p50":155629,"entrants_300s":5,"entrants_60s":1,"fee_p90":1005000,"net_flow_micro":3779548},"before":{"no_prior_flow":true},"event_gaps_in_window":0,"mint":"5KXYJ2XWf3qyApSRd9a22JuuDVe5hu41ym5GrhDRpump","snapshot_drops_in_window":0,"t":1788976080000}
{"after":{"bot_uniform_micro":0,"cu_p50":106211,"entrants_300s":4,"entrants_60s":4,"fee_p90":205000,"net_flow_micro":239508},"before":{"no_prior_flow":true},"event_gaps_in_window":0,"mint":"5bQNy6YoKA6BUKE1w1jiQBFAC9VVf5DpCZo7no4V7UG6","snapshot_drops_in_window":0,"t":1788976080000}
{"after":{"bot_uniform_micro":0,"cu_p50":215699,"entrants_300s":2,"entrants_60s":2,"fee_p90":92500,"net_flow_micro":4273106},"before":{"no_prior_flow":true},"event_gaps_in_window":0,"mint":"5c2dUt3MZTTqLGEBr28M9xLCiLxFvVQxgdr6ytLPpump","snapshot_drops_in_window":0,"t":1788976080000}
{"after":{"bot_uniform_micro":0,"cu_p50":135213,"entrants_300s":1,"entrants_60s":0,"fee_p90":6000,"net_flow_micro":0},"before":{"no_prior_flow":true},"event_gaps_in_window":0,"mint":"5cAz6tvPmNPQ5c6qA5RqjiQ6ea46Md3x8fUXGBHtpump","snapshot_drops_in_window":0,"t":1788976080000}
{"after":{"bot_uniform_micro":null,"cu_p50":null,"entrants_300s":0,"entrants_60s":0,"fee_p90":null,"net_flow_micro":-22337},"before":{"bot_uniform_micro":null,"cu_p50":null,"entrants_300s":0,"entrants_60s":0,"fee_p90":null,"net_flow_micro":0},"event_gaps_in_window":0,"mint":"5w6dfuRf3teRRsg2hRFXVuC5taYB6eqwnypC1BJrpump","snapshot_drops_in_window":0,"t":1788976080000}
{"after":{"bot_uniform_micro":null,"cu_p50":null,"entrants_300s":0,"entrants_60s":0,"fee_p90":null,"net_flow_micro":-624338},"before":{"no_prior_flow":true},"event_gaps_in_window":0,"mint":"659xrvMd1Vdc7TUFQ2uL8hFMmbN3i52yqRX3HTGiEbnu","snapshot_drops_in_window":0,"t":1788976080000}
{"after":{"bot_uniform_micro":200000,"cu_p50":95924,"entrants_300s":13,"entrants_60s":6,"fee_p90":159000,"net_flow_micro":2182437},"before":{"bot_uniform_micro":0,"cu_p50":104063,"entrants_300s":1,"entrants_60s":0,"fee_p90":77290,"net_flow_micro":750833},"event_gaps_in_window":0,"mint":"66EWaJYEB5FapTkAZQA8UD6WMZqb3q9aeB66VHbtpump","snapshot_drops_in_window":0,"t":1788976080000}
{"after":{"bot_uniform_micro":546875,"cu_p50":96475,"entrants_300s":737,"entrants_60s":200,"fee_p90":1004900,"net_flow_micro":64956847},"before":{"bot_uniform_micro":0,"cu_p50":97948,"entrants_300s":69,"entrants_60s":14,"fee_p90":496809,"net_flow_micro":22981248},"event_gaps_in_window":0,"mint":"67afrnTxo8DVc52Uev61Yo4Yr9BGQpRw1RpPMWcx42La","snapshot_drops_in_window":0,"t":1788976080000}
{"after":{"bot_uniform_micro":0,"cu_p50":123218,"entrants_300s":7,"entrants_60s":0,"fee_p90":108490,"net_flow_micro":247518},"before":{"bot_uniform_micro":null,"cu_p50":null,"entrants_300s":0,"entrants_60s":0,"fee_p90":null,"net_flow_micro":-106802},"event_gaps_in_window":0,"mint":"693pcjWS8HTmMsYtmpFEdVSbzjM4HxwGoSHwmU5ypump","snapshot_drops_in_window":0,"t":1788976080000}
{"after":{"bot_uniform_micro":0,"cu_p50":132576,"entrants_300s":3,"entrants_60s":0,"fee_p90":55000,"net_flow_micro":-7806070},"before":{"no_prior_flow":true},"event_gaps_in_window":0,"mint":"6NwA7EAjVW1XoHj62964dH3Lh1qHtpSEeyhnWbHSpump","snapshot_drops_in_window":0,"t":1788976080000}
{"after":{"bot_uniform_micro":null,"cu_p50":null,"entrants_300s":0,"entrants_60s":0,"fee_p90":null,"net_flow_micro":-2324},"before":{"no_prior_flow":true},"event_gaps_in_window":0,"mint":"6T1BNshzGAKAHvJ3NZ5n62X2eg5rqqsMipUMZJvLpump","snapshot_drops_in_window":0,"t":1788976080000}
{"after":{"bot_uniform_micro":null,"cu_p50":null,"entrants_300s":0,"entrants_60s":0,"fee_p90":null,"net_flow_micro":-6556},"before":{"no_prior_flow":true},"event_gaps_in_window":0,"mint":"6XMzbhvvrCH1MVTrcnebhqmwej7ZUogdi91zorqNpump","snapshot_drops_in_window":0,"t":1788976080000}
{"after":{"bot_uniform_micro":0,"cu_p50":170474,"entrants_300s":8,"entrants_60s":0,"fee_p90":80001,"net_flow_micro":-562893},"before":{"no_prior_flow":true},"event_gaps_in_window":0,"mint":"6faFcTYnxVtvtFvq3KmZbpUHmaDMsgWExKbg2QTXpump","snapshot_drops_in_window":0,"t":1788976080000}
{"after":{"bot_uniform_micro":0,"cu_p50":134261,"entrants_300s":7,"entrants_60s":0,"fee_p90":1005000,"net_flow_micro":14816},"before":{"bot_uniform_micro":0,"cu_p50":134310,"entrants_300s":1,"entrants_60s":0,"fee_p90":101014,"net_flow_micro":57172737},"event_gaps_in_window":0,"mint":"6ocz1wL9hdCwgwWRUSgeNCLSQrME2UUNiC9es5kGpump","snapshot_drops_in_window":2,"t":1788976080000}
{"after":{"bot_uniform_micro":0,"cu_p50":92338,"entrants_300s":5,"entrants_60s":0,"fee_p90":129100,"net_flow_micro":730841},"before":{"no_prior_flow":true},"event_gaps_in_window":0,"mint":"6pBRxnhUPobWiuShQ3SQPPe3Z9dx2HiTHiAyT3Uepump","snapshot_drops_in_window":0,"t":1788976080000}
{"after":{"bot_uniform_micro":0,"cu_p50":114845,"entrants_300s":5,"entrants_60s":5,"fee_p90":101014,"net_flow_micro":177715},"before":{"bot_uniform_micro":0,"cu_p50":114871,"entrants_300s":1,"entrants_60s":1,"fee_p90":101014,"net_flow_micro":4680700},"event_gaps_in_window":0,"mint":"6ufF263czGFhTSzCD5jSeyMLQhTdVENrKCAHuoEjpump","snapshot_drops_in_window":0,"t":1788976080000}
{"after":{"bot_uniform_micro":0,"cu_p50":92381,"entrants_300s":6,"entrants_60s":0,"fee_p90":105000,"net_flow_micro":260883},"before":{"no_prior_flow":true},"event_gaps_in_window":0,"mint":"77CHZyKTgGjysxrfgYaTWJQ1vG17NKHewHfFV2Nqpump","snapshot_drops_in_window":0,"t":1788976080000}
{"after":{"bot_uniform_micro":112903,"cu_p50":137371,"entrants_300s":8,"entrants_60s":3,"fee_p90":105000,"net_flow_micro":146342},"before":{"no_prior_flow":true},"event_gaps_in_window":0,"mint":"77WzcwEYiyNAdYi4VQVyKfs2ydJ5DiPCvN8tWwPXpump","snapshot_drops_in_window":0,"t":1788976080000}
{"after":{"bot_uniform_micro":0,"cu_p50":169557,"entrants_300s":11,"entrants_60s":1,"fee_p90":105000,"net_flow_micro":2343372},"before":{"no_prior_flow":true},"event_gaps_in_window":0,"mint":"7CwLRAyJe5UbhRe4ZzVdjwM2bX3BDfYnsrRcynwM9j6G","snapshot_drops_in_window":0,"t":1788976080000}
{"after":{"bot_uniform_micro":null,"cu_p50":null,"entrants_300s":0,"entrants_60s":0,"fee_p90":null,"net_flow_micro":-2374442},"before":{"no_prior_flow":true},"event_gaps_in_window":0,"mint":"7aGvGRwpXexuaziL1pYpmKyLqaxCYecumzQHAHfgpump","snapshot_drops_in_window":0,"t":1788976080000}
{"after":{"bot_uniform_micro":null,"cu_p50":null,"entrants_300s":0,"entrants_60s":0,"fee_p90":null,"net_flow_micro":0},"before":{"no_prior_flow":true},"event_gaps_in_window":0,"mint":"7eiS447TVyaMEU48iAEXWtSQM4ufP9Hc9feSi8yapump","snapshot_drops_in_window":0,"t":1788976080000}
{"after":{"bot_uniform_micro":null,"cu_p50":null,"entrants_300s":0,"entrants_60s":0,"fee_p90":null,"net_flow_micro":-95587},"before":{"no_prior_flow":true},"event_gaps_in_window":0,"mint":"7grQifoaY2UdTX7aHiVkpKtst18AJWadeuHi3rXbpump","snapshot_drops_in_window":0,"t":1788976080000}
{"after":{"bot_uniform_micro":55556,"cu_p50":92150,"entrants_300s":48,"entrants_60s":48,"fee_p90":1005000,"net_flow_micro":8980331},"before":{"bot_uniform_micro":0,"cu_p50":92239,"entrants_300s":4,"entrants_60s":4,"fee_p90":1005000,"net_flow_micro":7561169},"event_gaps_in_window":0,"mint":"7v2EzuBBLAagvYUr1SCCcRQQGPjmmEecYAxMhKe4Xy2o","snapshot_drops_in_window":0,"t":1788976080000}
{"after":{"bot_uniform_micro":316832,"cu_p50":126898,"entrants_300s":9,"entrants_60s":0,"fee_p90":101014,"net_flow_micro":-913855},"before":{"bot_uniform_micro":0,"cu_p50":126902,"entrants_300s":1,"entrants_60s":0,"fee_p90":101014,"net_flow_micro":-32684254},"event_gaps_in_window":0,"mint":"85C2mLzVAbAi6bHLTX7y6HukJcWraEAKg3EdQQz5pump","snapshot_drops_in_window":5,"t":1788976080000}
{"after":{"bot_uniform_micro":0,"cu_p50":189672,"entrants_300s":18,"entrants_60s":7,"fee_p90":410000,"net_flow_micro":4128733},"before":{"bot_uniform_micro":null,"cu_p50":null,"entrants_300s":0,"entrants_60s":0,"fee_p90":null,"net_flow_micro":0},"event_gaps_in_window":0,"mint":"8CUkfgU3w5zxWP27v9B9mef15sL23fzxYvw23wbPpump","snapshot_drops_in_window":0,"t":1788976080000}
{"after":{"bot_uniform_micro":412766,"cu_p50":140310,"entrants_300s":35,"entrants_60s":0,"fee_p90":133001,"net_flow_micro":-685408},"before":{"bot_uniform_micro":0,"cu_p50":147262,"entrants_300s":1,"entrants_60s":0,"fee_p90":101014,"net_flow_micro":-217528},"event_gaps_in_window":0,"mint":"8JJZS5k9FtEzCxhYzB7R3r2XXoLfBtVxEjvKuxcEpump","snapshot_drops_in_window":16,"t":1788976080000}
{"after":{"bot_uniform_micro":null,"cu_p50":null,"entrants_300s":0,"entrants_60s":0,"fee_p90":null,"net_flow_micro":0},"before":{"no_prior_flow":true},"event_gaps_in_window":0,"mint":"8NNG2iEQedAqcYSGV5qP5t49VXMbNEF1EhKFbQrfpump","snapshot_drops_in_window":0,"t":1788976080000}
{"after":{"bot_uniform_micro":null,"cu_p50":null,"entrants_300s":0,"entrants_60s":0,"fee_p90":null,"net_flow_micro":-33027},"before":{"no_prior_flow":true},"event_gaps_in_window":0,"mint":"8WvuNc9Pi7y2ML2ceBfittZNbmWBrWHLK9DviAxjpump","snapshot_drops_in_window":0,"t":1788976080000}
{"after":{"bot_uniform_micro":0,"cu_p50":96806,"entrants_300s":10,"entrants_60s":5,"fee_p90":105000,"net_flow_micro":-362420},"before":{"no_prior_flow":true},"event_gaps_in_window":0,"mint":"8Xf2TSBVx9NEfum7HmR4kELZAW9iLT264Nnj8aHepump","snapshot_drops_in_window":0,"t":1788976080000}
{"after":{"bot_uniform_micro":301887,"cu_p50":92083,"entrants_300s":116,"entrants_60s":0,"fee_p90":105000,"net_flow_micro":0},"before":{"bot_uniform_micro":0,"cu_p50":98025,"entrants_300s":8,"entrants_60s":0,"fee_p90":86290,"net_flow_micro":5668296},"event_gaps_in_window":0,"mint":"8ZudgzJ2t6N4UQKESm15jKzsbaLp6PoqHxf8LKsepump","snapshot_drops_in_window":0,"t":1788976080000}
{"after":{"bot_uniform_micro":134328,"cu_p50":127683,"entrants_300s":16,"entrants_60s":0,"fee_p90":101014,"net_flow_micro":-134234},"before":{"no_prior_flow":true},"event_gaps_in_window":0,"mint":"8ZyQ1LLm8EBsbJjVnTYfNecF1GAhL5aJ5sMYyyGXpump","snapshot_drops_in_window":0,"t":1788976080000}
{"after":{"bot_uniform_micro":280000,"cu_p50":90308,"entrants_300s":22,"entrants_60s":6,"fee_p90":67500,"net_flow_micro":9882127},"before":{"no_prior_flow":true},"event_gaps_in_window":0,"mint":"8g7fdfaWLw2SXn3XuaMhQKF3uMtFJzANGvjY7k1kpump","snapshot_drops_in_window":0,"t":1788976080000}
{"after":{"bot_uniform_micro":0,"cu_p50":237547,"entrants_300s":1,"entrants_60s":0,"fee_p90":81102,"net_flow_micro":153769},"before":{"no_prior_flow":true},"event_gaps_in_window":0,"mint":"8j3rbmt4EjnCxFh973v3YH6CGPzoHq6rAfXqgT3dpump","snapshot_drops_in_window":0,"t":1788976080000}
{"after":{"bot_uniform_micro":88235,"cu_p50":90679,"entrants_300s":32,"entrants_60s":0,"fee_p90":120000,"net_flow_micro":6442312},"before":{"bot_uniform_micro":0,"cu_p50":92064,"entrants_300s":2,"entrants_60s":0,"fee_p90":100211,"net_flow_micro":756642},"event_gaps_in_window":0,"mint":"8kEuFRzK9yks1UuNnDeFaCCmgMsuVmbKKfrL9dEypump","snapshot_drops_in_window":0,"t":1788976080000}
{"after":{"bot_uniform_micro":0,"cu_p50":120381,"entrants_300s":5,"entrants_60s":3,"fee_p90":101014,"net_flow_micro":-143213},"before":{"no_prior_flow":true},"event_gaps_in_window":0,"mint":"97JfxSTAAyuLUzjakvb7Pshi4CJqkS5tLs9auCMCpump","snapshot_drops_in_window":0,"t":1788976080000}
{"after":{"bot_uniform_micro":0,"cu_p50":121280,"entrants_300s":2,"entrants_60s":0,"fee_p90":49615,"net_flow_micro":-211616},"before":{"no_prior_flow":true},"event_gaps_in_window":0,"mint":"97MZRRSeEZSWXa6cHu3capuoZz13HViWGSWjNGffpump","snapshot_drops_in_window":0,"t":1788976080000}
{"after":{"bot_uniform_micro":0,"cu_p50":103560,"entrants_300s":3,"entrants_60s":0,"fee_p90":60784,"net_flow_micro":236851},"before":{"no_prior_flow":true},"event_gaps_in_window":0,"mint":"98X3nj8nmVGyKGr31kEZ5u4N6mge2dNjG8bEAu1cpump","snapshot_drops_in_window":0,"t":1788976080000}
{"after":{"bot_uniform_micro":0,"cu_p50":116375,"entrants_300s":4,"entrants_60s":0,"fee_p90":101014,"net_flow_micro":0},"before":{"no_prior_flow":true},"event_gaps_in_window":0,"mint":"9UMdzqrJoUnrmN5xEvqoVAmEuiUFPLzB8i9MmJzmpump","snapshot_drops_in_window":0,"t":1788976080000}
{"after":{"bot_uniform_micro":312500,"cu_p50":93404,"entrants_300s":29,"entrants_60s":7,"fee_p90":480344,"net_flow_micro":2172114},"before":{"bot_uniform_micro":null,"cu_p50":null,"entrants_300s":0,"entrants_60s":0,"fee_p90":null,"net_flow_micro":0},"event_gaps_in_window":0,"mint":"9UkQpLXBJXFRiwH69HqSt52mwmZrL5VYiBiwzAtqpump","snapshot_drops_in_window":0,"t":1788976080000}
{"after":{"bot_uniform_micro":0,"cu_p50":104260,"entrants_300s":21,"entrants_60s":0,"fee_p90":127112,"net_flow_micro":0},"before":{"no_prior_flow":true},"event_gaps_in_window":0,"mint":"9WV93UcmkUVpkZfZsY1vEUGnK82eqBCpKhixdLcHpump","snapshot_drops_in_window":0,"t":1788976080000}
{"after":{"bot_uniform_micro":375921,"cu_p50":120029,"entrants_300s":230,"entrants_60s":38,"fee_p90":1005000,"net_flow_micro":-4683363},"before":{"bot_uniform_micro":0,"cu_p50":105406,"entrants_300s":19,"entrants_60s":5,"fee_p90":905067,"net_flow_micro":2227067},"event_gaps_in_window":0,"mint":"A1saYxATRfsHMop5J7kRnRJBn3Yckho1D2m146impump","snapshot_drops_in_window":0,"t":1788976080000}
{"after":{"bot_uniform_micro":520000,"cu_p50":136659,"entrants_300s":22,"entrants_60s":4,"fee_p90":410000,"net_flow_micro":-8480386},"before":{"no_prior_flow":true},"event_gaps_in_window":0,"mint":"A3axJLvQXKj2i2gEMkSq9gx7pC77CDYEcnZi6xPEpump","snapshot_drops_in_window":0,"t":1788976080000}
{"after":{"bot_uniform_micro":0,"cu_p50":92291,"entrants_300s":9,"entrants_60s":0,"fee_p90":92500,"net_flow_micro":-3301394},"before":{"no_prior_flow":true},"event_gaps_in_window":0,"mint":"A56gtWXL96fS94zo5C36WCKHtdRC1unGrtXUHDCGpump","snapshot_drops_in_window":0,"t":1788976080000}
{"after":{"bot_uniform_micro":0,"cu_p50":323351,"entrants_300s":2,"entrants_60s":0,"fee_p90":410000,"net_flow_micro":-181337},"before":{"no_prior_flow":true},"event_gaps_in_window":0,"mint":"AScFao7bzbdJh7rBiF4yFqcY26dPdRqGffRttTYMpump","snapshot_drops_in_window":0,"t":1788976080000}
{"after":{"bot_uniform_micro":144737,"cu_p50":138817,"entrants_300s":15,"entrants_60s":14,"fee_p90":105000,"net_flow_micro":43828},"before":{"bot_uniform_micro":0,"cu_p50":138260,"entrants_300s":2,"entrants_60s":2,"fee_p90":101014,"net_flow_micro":-3057462},"event_gaps_in_window":0,"mint":"ATKNNSXzX9mhGxatpyTURv9wdakpwS57jpYvEodCpump","snapshot_drops_in_window":5,"t":1788976080000}
{"after":{"bot_uniform_micro":359848,"cu_p50":121810,"entrants_300s":37,"entrants_60s":1,"fee_p90":101014,"net_flow_micro":232592},"before":{"bot_uniform_micro":0,"cu_p50":121839,"entrants_300s":1,"entrants_60s":0,"fee_p90":101014,"net_flow_micro":10636862},"event_gaps_in_window":0,"mint":"AU4RpCmsTLF4iedLninD6L2vZ4v2jHZpB6Z4vobwpump","snapshot_drops_in_window":6,"t":1788976080000}
{"after":{"bot_uniform_micro":null,"cu_p50":null,"entrants_300s":0,"entrants_60s":0,"fee_p90":null,"net_flow_micro":-1161841},"before":{"no_prior_flow":true},"event_gaps_in_window":0,"mint":"AiwefDnXbePPvEd4bK95ccVPr3C8oUoBLYraHSTRpump","snapshot_drops_in_window":0,"t":1788976080000}
{"after":{"bot_uniform_micro":0,"cu_p50":132165,"entrants_300s":1,"entrants_60s":0,"fee_p90":9000,"net_flow_micro":148148},"before":{"no_prior_flow":true},"event_gaps_in_window":0,"mint":"AmeVaqAs3uEyzKvogy3qpbTkZ4gnAfLhnLAyFji7pump","snapshot_drops_in_window":0,"t":1788976080000}
{"after":{"bot_uniform_micro":0,"cu_p50":128796,"entrants_300s":13,"entrants_60s":2,"fee_p90":264420,"net_flow_micro":-251541},"before":{"no_prior_flow":true},"event_gaps_in_window":0,"mint":"AqZSLRg9uMVAREFQCEyy37wCJmQ7T4QYjJUURSmbpump","snapshot_drops_in_window":0,"t":1788976080000}
{"after":{"bot_uniform_micro":179348,"cu_p50":173813,"entrants_300s":155,"entrants_60s":87,"fee_p90":410000,"net_flow_micro":18925297},"before":{"bot_uniform_micro":0,"cu_p50":102197,"entrants_300s":6,"entrants_60s":3,"fee_p90":410000,"net_flow_micro":3358409},"event_gaps_in_window":0,"mint":"B2sbKzTXxRLP19WuxiXDQXYn8SQVtqkPtFJ7eK9Qpump","snapshot_drops_in_window":0,"t":1788976080000}
{"after":{"bot_uniform_micro":53571,"cu_p50":126881,"entrants_300s":5,"entrants_60s":3,"fee_p90":101014,"net_flow_micro":56531},"before":{"no_prior_flow":true},"event_gaps_in_window":0,"mint":"B4CvqjKjaA2Zd2pjKZVKCwmMyvSPX3PYxWzTKnm5pump","snapshot_drops_in_window":0,"t":1788976080000}
{"after":{"bot_uniform_micro":0,"cu_p50":123815,"entrants_300s":2,"entrants_60s":2,"fee_p90":101014,"net_flow_micro":28291},"before":{"no_prior_flow":true},"event_gaps_in_window":0,"mint":"B8guTBsK1iGreQ1ub2RstY1jfJVKctk5x6u5JjMfpump","snapshot_drops_in_window":0,"t":1788976080000}
{"after":{"bot_uniform_micro":0,"cu_p50":125252,"entrants_300s":8,"entrants_60s":3,"fee_p90":105000,"net_flow_micro":-1286009},"before":{"bot_uniform_micro":0,"cu_p50":89183,"entrants_300s":1,"entrants_60s":1,"fee_p90":105000,"net_flow_micro":653078},"event_gaps_in_window":0,"mint":"BHQSkrUTJukngMKtDhksGfG9VXj6K82DrNR3CybLpump","snapshot_drops_in_window":0,"t":1788976080000}
{"after":{"bot_uniform_micro":358333,"cu_p50":104298,"entrants_300s":87,"entrants_60s":29,"fee_p90":1005000,"net_flow_micro":14460728},"before":{"bot_uniform_micro":0,"cu_p50":103450,"entrants_300s":4,"entrants_60s":0,"fee_p90":844414,"net_flow_micro":4826282},"event_gaps_in_window":0,"mint":"BHprQ1wTYyn9CPC6uVQffkYW8ziZTrJbr3xkVuVJpump","snapshot_drops_in_window":0,"t":1788976080000}
{"after":{"bot_uniform_micro":null,"cu_p50":null,"entrants_300s":0,"entrants_60s":0,"fee_p90":null,"net_flow_micro":-26412},"before":{"no_prior_flow":true},"event_gaps_in_window":0,"mint":"BMPXGyRdnf9kWj1HSaE9ZWkyKiDbo6xUcBPro5vmL7hr","snapshot_drops_in_window":0,"t":1788976080000}
{"after":{"bot_uniform_micro":0,"cu_p50":87810,"entrants_300s":14,"entrants_60s":0,"fee_p90":100210,"net_flow_micro":355736},"before":{"no_prior_flow":true},"event_gaps_in_window":0,"mint":"BPpcswNK7DV1Pm2UCVpHo7hzhEMprBigaPx9mD93A57f","snapshot_drops_in_window":0,"t":1788976080000}
{"after":{"bot_uniform_micro":0,"cu_p50":149875,"entrants_300s":1,"entrants_60s":1,"fee_p90":5000,"net_flow_micro":-1120170},"before":{"no_prior_flow":true},"event_gaps_in_window":0,"mint":"BZyEpkM16FesFHSiQFTW9rWDPjvHYQXb37PGzEtF5W4s","snapshot_drops_in_window":0,"t":1788976080000}
{"after":{"bot_uniform_micro":0,"cu_p50":308088,"entrants_300s":3,"entrants_60s":0,"fee_p90":773400,"net_flow_micro":-12195534},"before":{"bot_uniform_micro":null,"cu_p50":null,"entrants_300s":0,"entrants_60s":0,"fee_p90":null,"net_flow_micro":-580928},"event_gaps_in_window":0,"mint":"BitAst9t1moZhc88Ccwpk6a3gV6JmTXBEotiQmTZpump","snapshot_drops_in_window":0,"t":1788976080000}
{"after":{"bot_uniform_micro":230769,"cu_p50":119311,"entrants_300s":3,"entrants_60s":2,"fee_p90":880000,"net_flow_micro":0},"before":{"no_prior_flow":true},"event_gaps_in_window":0,"mint":"C8pa2G68PfsMUwvKKPVDNqVDL3rnUT8Yc4X9zUCxYXmD","snapshot_drops_in_window":0,"t":1788976080000}
{"after":{"bot_uniform_micro":null,"cu_p50":null,"entrants_300s":0,"entrants_60s":0,"fee_p90":null,"net_flow_micro":0},"before":{"no_prior_flow":true},"event_gaps_in_window":0,"mint":"CL36KyGaMN8Wcd5VE1RyXdYKsXTva2MigumiMz3npump","snapshot_drops_in_window":0,"t":1788976080000}
{"after":{"bot_uniform_micro":0,"cu_p50":104591,"entrants_300s":15,"entrants_60s":0,"fee_p90":5005000,"net_flow_micro":2746043},"before":{"bot_uniform_micro":0,"cu_p50":98066,"entrants_300s":2,"entrants_60s":0,"fee_p90":1505001,"net_flow_micro":3641975},"event_gaps_in_window":0,"mint":"CLh7ezbjYKbVsZoqN2MCGoDsBcfN3NfUDDE8nHAipump","snapshot_drops_in_window":0,"t":1788976080000}
{"after":{"bot_uniform_micro":null,"cu_p50":null,"entrants_300s":0,"entrants_60s":0,"fee_p90":null,"net_flow_micro":-195913},"before":{"no_prior_flow":true},"event_gaps_in_window":0,"mint":"CM4RLsdBrFbfCneXyvUJqBmmQsb69Hm2H6QWhcq1nX8e","snapshot_drops_in_window":0,"t":1788976080000}
{"after":{"bot_uniform_micro":0,"cu_p50":138146,"entrants_300s":1,"entrants_60s":0,"fee_p90":9000,"net_flow_micro":3035},"before":{"no_prior_flow":true},"event_gaps_in_window":0,"mint":"CPimEyD6mysrtDiRfYeYCi3ipSEHb224ipd5zaSJpump","snapshot_drops_in_window":0,"t":1788976080000}
{"after":{"bot_uniform_micro":null,"cu_p50":null,"entrants_300s":0,"entrants_60s":0,"fee_p90":null,"net_flow_micro":-645544},"before":{"no_prior_flow":true},"event_gaps_in_window":0,"mint":"Ca8DTtL9BxZpFHqtd92fKcWaheA6A7y8t5Y9QSnipump","snapshot_drops_in_window":0,"t":1788976080000}
{"after":{"bot_uniform_micro":0,"cu_p50":168777,"entrants_300s":9,"entrants_60s":3,"fee_p90":496809,"net_flow_micro":-2037034},"before":{"no_prior_flow":true},"event_gaps_in_window":0,"mint":"CyFtApDbWYjhkYFwjhKo1W9WWFu8HkXP2B7GpSt5pump","snapshot_drops_in_window":0,"t":1788976080000}
{"after":{"bot_uniform_micro":null,"cu_p50":null,"entrants_300s":0,"entrants_60s":0,"fee_p90":null,"net_flow_micro":-2624831},"before":{"no_prior_flow":true},"event_gaps_in_window":0,"mint":"DCN1XGdUCMqrEXj86zF1WK9q3M8jYr8g8UBLbGVZpump","snapshot_drops_in_window":0,"t":1788976080000}
{"after":{"bot_uniform_micro":0,"cu_p50":93463,"entrants_300s":31,"entrants_60s":4,"fee_p90":1005000,"net_flow_micro":-6288906},"before":{"bot_uniform_micro":0,"cu_p50":93280,"entrants_300s":1,"entrants_60s":0,"fee_p90":94425,"net_flow_micro":-2962377},"event_gaps_in_window":0,"mint":"DDMR7vYbNLFimKJon4NgdJS2SFdzbiGEd7Axbs9ekTC1","snapshot_drops_in_window":0,"t":1788976080000}
{"after":{"bot_uniform_micro":0,"cu_p50":117278,"entrants_300s":1,"entrants_60s":0,"fee_p90":101014,"net_flow_micro":7232},"before":{"no_prior_flow":true},"event_gaps_in_window":0,"mint":"Db3R16VcBSFPsmAiToqZwJ9A1wG3nFePM2vUw1d4pump","snapshot_drops_in_window":0,"t":1788976080000}
{"after":{"bot_uniform_micro":0,"cu_p50":150209,"entrants_300s":21,"entrants_60s":1,"fee_p90":1005000,"net_flow_micro":3128467},"before":{"no_prior_flow":true},"event_gaps_in_window":0,"mint":"DnjxjnV5XTDKq9nMzrSPer7zKpvBmLgmd27iDwXApump","snapshot_drops_in_window":0,"t":1788976080000}
{"after":{"bot_uniform_micro":333333,"cu_p50":106891,"entrants_300s":9,"entrants_60s":0,"fee_p90":159000,"net_flow_micro":2506084},"before":{"no_prior_flow":true},"event_gaps_in_window":0,"mint":"Dp9gxFemyiHfVMTLdFhjP7h1EnHTe4Ki6fEB6Mw3pump","snapshot_drops_in_window":0,"t":1788976080000}
{"after":{"bot_uniform_micro":500000,"cu_p50":81538,"entrants_300s":6,"entrants_60s":0,"fee_p90":110000,"net_flow_micro":1591178},"before":{"bot_uniform_micro":0,"cu_p50":104051,"entrants_300s":1,"entrants_60s":0,"fee_p90":79825,"net_flow_micro":884777},"event_gaps_in_window":0,"mint":"DqLsKkjYF9oBdALcxiifNntGzzWmhtiMZnUHWPqhWuKH","snapshot_drops_in_window":0,"t":1788976080000}
{"after":{"bot_uniform_micro":null,"cu_p50":null,"entrants_300s":0,"entrants_60s":0,"fee_p90":null,"net_flow_micro":-7060},"before":{"no_prior_flow":true},"event_gaps_in_window":0,"mint":"Dsr5iNf2Ko5scKz2pR7iaAKz4bUjquvT7KeQvB88pump","snapshot_drops_in_window":0,"t":1788976080000}
{"after":{"bot_uniform_micro":0,"cu_p50":162343,"entrants_300s":1,"entrants_60s":0,"fee_p90":35000,"net_flow_micro":-3095630},"before":{"no_prior_flow":true},"event_gaps_in_window":0,"mint":"DtHH4ZvyDusSzecfWnYxN1L68Jc31bN7nx8bckEmpump","snapshot_drops_in_window":0,"t":1788976080000}
{"after":{"bot_uniform_micro":0,"cu_p50":83404,"entrants_300s":1,"entrants_60s":0,"fee_p90":50005000,"net_flow_micro":-1505230},"before":{"no_prior_flow":true},"event_gaps_in_window":0,"mint":"DvSwPkzWJrDrQY6SjSdbzzLN4A1Yyuo69WKJPBWspump","snapshot_drops_in_window":0,"t":1788976080000}
{"after":{"bot_uniform_micro":0,"cu_p50":122297,"entrants_300s":2,"entrants_60s":2,"fee_p90":101014,"net_flow_micro":257297},"before":{"no_prior_flow":true},"event_gaps_in_window":0,"mint":"E2zcsGpw25N2xqdWPMoyneqGJeup2ygM9n4n7uRqpump","snapshot_drops_in_window":0,"t":1788976080000}
{"after":{"bot_uniform_micro":0,"cu_p50":207442,"entrants_300s":2,"entrants_60s":0,"fee_p90":99908,"net_flow_micro":500387},"before":{"no_prior_flow":true},"event_gaps_in_window":0,"mint":"E8PbrUKnXkNKqeW8A7J9xd729eiNAPPBKfRKxV9qpump","snapshot_drops_in_window":0,"t":1788976080000}
{"after":{"bot_uniform_micro":0,"cu_p50":89020,"entrants_300s":10,"entrants_60s":6,"fee_p90":325000,"net_flow_micro":1132935},"before":{"no_prior_flow":true},"event_gaps_in_window":0,"mint":"EBRbgGkviq4qxTK7KVbMgrGLVx8sLBpfHJZphCdppump","snapshot_drops_in_window":0,"t":1788976080000}
{"after":{"bot_uniform_micro":0,"cu_p50":93898,"entrants_300s":14,"entrants_60s":14,"fee_p90":2205000,"net_flow_micro":6117043},"before":{"no_prior_flow":true},"event_gaps_in_window":0,"mint":"EEjY7gukCHMa27GwmWqydsVcoFtKE8ftBiFvEwtupump","snapshot_drops_in_window":0,"t":1788976080000}
{"after":{"bot_uniform_micro":0,"cu_p50":183317,"entrants_300s":30,"entrants_60s":1,"fee_p90":155000,"net_flow_micro":361131},"before":{"no_prior_flow":true},"event_gaps_in_window":0,"mint":"EKY7EeT6WUAiRJNxcyTMDKcYyqESM3Ht25diPTN2pump","snapshot_drops_in_window":0,"t":1788976080000}
{"after":{"bot_uniform_micro":0,"cu_p50":98166,"entrants_300s":3,"entrants_60s":0,"fee_p90":1335000,"net_flow_micro":890872},"before":{"no_prior_flow":true},"event_gaps_in_window":0,"mint":"EQ3juekNUnWbQzkhBpuPoDwHXXuiRzuiw2oRbNHEpump","snapshot_drops_in_window":0,"t":1788976080000}
{"after":{"bot_uniform_micro":0,"cu_p50":154784,"entrants_300s":1,"entrants_60s":0,"fee_p90":15000,"net_flow_micro":987654},"before":{"no_prior_flow":true},"event_gaps_in_window":0,"mint":"EWfb1SZmwgbM33ak9D9inPnLm78mwJDGce4jyiK4pump","snapshot_drops_in_window":0,"t":1788976080000}
{"after":{"bot_uniform_micro":0,"cu_p50":128059,"entrants_300s":9,"entrants_60s":1,"fee_p90":653451,"net_flow_micro":1973161},"before":{"no_prior_flow":true},"event_gaps_in_window":0,"mint":"EYKzyYrf4q5zGJBszrDGjz2J2LZmGH3x7RXWpmzBpump","snapshot_drops_in_window":0,"t":1788976080000}
{"after":{"bot_uniform_micro":98485,"cu_p50":126330,"entrants_300s":23,"entrants_60s":15,"fee_p90":101014,"net_flow_micro":164876},"before":{"bot_uniform_micro":0,"cu_p50":126278,"entrants_300s":2,"entrants_60s":2,"fee_p90":101014,"net_flow_micro":817798},"event_gaps_in_window":0,"mint":"EqeXHX7YVFuoGDuBh1wcQvUcc41J9qyXNNEozF2opump","snapshot_drops_in_window":3,"t":1788976080000}
{"after":{"bot_uniform_micro":null,"cu_p50":null,"entrants_300s":0,"entrants_60s":0,"fee_p90":null,"net_flow_micro":0},"before":{"no_prior_flow":true},"event_gaps_in_window":0,"mint":"EwzdTm98vnwetWYXucw5qCEsFBwwC7oQjsmHT6d7pump","snapshot_drops_in_window":0,"t":1788976080000}
{"after":{"bot_uniform_micro":0,"cu_p50":181665,"entrants_300s":17,"entrants_60s":0,"fee_p90":25000,"net_flow_micro":-3611425},"before":{"no_prior_flow":true},"event_gaps_in_window":0,"mint":"FCcMhUa1MJsCZRyj17QHJuAFAK2j229T1Dc9ymjKpump","snapshot_drops_in_window":0,"t":1788976080000}
{"after":{"bot_uniform_micro":0,"cu_p50":189656,"entrants_300s":1,"entrants_60s":0,"fee_p90":72206,"net_flow_micro":10409},"before":{"no_prior_flow":true},"event_gaps_in_window":0,"mint":"FL75A9Qyp4LpmXKc2X3GWTvGgPd4mwWhVMiqwsj2tDwj","snapshot_drops_in_window":0,"t":1788976080000}
{"after":{"bot_uniform_micro":0,"cu_p50":155315,"entrants_300s":30,"entrants_60s":3,"fee_p90":744985,"net_flow_micro":-2574678},"before":{"bot_uniform_micro":null,"cu_p50":null,"entrants_300s":0,"entrants_60s":0,"fee_p90":null,"net_flow_micro":0},"event_gaps_in_window":0,"mint":"FREoocUFHTh7VepWTAtHFis3897ssDPYA1EBvdTapump","snapshot_drops_in_window":0,"t":1788976080000}
{"after":{"bot_uniform_micro":0,"cu_p50":101174,"entrants_300s":22,"entrants_60s":0,"fee_p90":189805,"net_flow_micro":197602},"before":{"no_prior_flow":true},"event_gaps_in_window":0,"mint":"FRKif82x7DNTY4uy6LdPeCD5MNNixTA525PvuRabpump","snapshot_drops_in_window":0,"t":1788976080000}
{"after":{"bot_uniform_micro":null,"cu_p50":null,"entrants_300s":0,"entrants_60s":0,"fee_p90":null,"net_flow_micro":-35091},"before":{"no_prior_flow":true},"event_gaps_in_window":0,"mint":"FXjVgXwBia2WbnsCQT3RsB7KYtcDvefsLeJx5AEtpump","snapshot_drops_in_window":0,"t":1788976080000}
{"after":{"bot_uniform_micro":null,"cu_p50":null,"entrants_300s":0,"entrants_60s":0,"fee_p90":null,"net_flow_micro":-365182},"before":{"bot_uniform_micro":null,"cu_p50":null,"entrants_300s":0,"entrants_60s":0,"fee_p90":null,"net_flow_micro":0},"event_gaps_in_window":0,"mint":"FY3mQ351mRQVicM26UXZ3f2Sj92tkjhEXEsuM9YfH93e","snapshot_drops_in_window":0,"t":1788976080000}
{"after":{"bot_uniform_micro":125000,"cu_p50":134434,"entrants_300s":28,"entrants_60s":0,"fee_p90":410000,"net_flow_micro":-15607337},"before":{"bot_uniform_micro":null,"cu_p50":null,"entrants_300s":0,"entrants_60s":0,"fee_p90":null,"net_flow_micro":-1465326},"event_gaps_in_window":0,"mint":"FaJsHUZmyHsZTRtMQ6AxYXGgoVSDsjWjZQXokUuTpump","snapshot_drops_in_window":0,"t":1788976080000}
{"after":{"bot_uniform_micro":0,"cu_p50":141090,"entrants_300s":6,"entrants_60s":0,"fee_p90":25777,"net_flow_micro":0},"before":{"no_prior_flow":true},"event_gaps_in_window":0,"mint":"FrCWX5JbHHaGK2UepsbUSY9SF173Pdo7hUy6GhxWpump","snapshot_drops_in_window":0,"t":1788976080000}
{"after":{"bot_uniform_micro":0,"cu_p50":100148,"entrants_300s":16,"entrants_60s":0,"fee_p90":1891793,"net_flow_micro":708052},"before":{"no_prior_flow":true},"event_gaps_in_window":0,"mint":"FtxzjQoetTfUnM16iGNfYPm9G8z3UXVRF7vpDiqEpump","snapshot_drops_in_window":0,"t":1788976080000}
{"after":{"bot_uniform_micro":null,"cu_p50":null,"entrants_300s":0,"entrants_60s":0,"fee_p90":null,"net_flow_micro":0},"before":{"no_prior_flow":true},"event_gaps_in_window":0,"mint":"GC87Z47XsT6GnrRQjXwRkHLg4qSUXrtk7dzyBpSnpump","snapshot_drops_in_window":0,"t":1788976080000}
{"after":{"bot_uniform_micro":0,"cu_p50":143537,"entrants_300s":1,"entrants_60s":0,"fee_p90":552501,"net_flow_micro":93658},"before":{"no_prior_flow":true},"event_gaps_in_window":0,"mint":"GLteMVHGWknSNvCAeVxiePAN6Fuje6yaUmEn4WvZpump","snapshot_drops_in_window":0,"t":1788976080000}
{"after":{"bot_uniform_micro":0,"cu_p50":89527,"entrants_300s":15,"entrants_60s":0,"fee_p90":1005000,"net_flow_micro":-25656348},"before":{"bot_uniform_micro":null,"cu_p50":null,"entrants_300s":0,"entrants_60s":0,"fee_p90":null,"net_flow_micro":-744280},"event_gaps_in_window":0,"mint":"GR867ubpr6onDw7pjSPYGsHmpLb7QL9VuBZxD3R7pump","snapshot_drops_in_window":0,"t":1788976080000}
{"after":{"bot_uniform_micro":0,"cu_p50":111900,"entrants_300s":12,"entrants_60s":0,"fee_p90":189805,"net_flow_micro":197499},"before":{"no_prior_flow":true},"event_gaps_in_window":0,"mint":"GSGea6zU4yj7HBsumad9RqtNV53pLdvqrSyPAXJ4pump","snapshot_drops_in_window":0,"t":1788976080000}
{"after":{"bot_uniform_micro":0,"cu_p50":79595,"entrants_300s":9,"entrants_60s":4,"fee_p90":410000,"net_flow_micro":5749378},"before":{"no_prior_flow":true},"event_gaps_in_window":0,"mint":"GT64PB7cJs3UJnc2GYW4VFTQRyKEbzwR7DCfKFyMjRrb","snapshot_drops_in_window":0,"t":1788976080000}
{"after":{"bot_uniform_micro":0,"cu_p50":103644,"entrants_300s":5,"entrants_60s":5,"fee_p90":1005000,"net_flow_micro":3067563},"before":{"no_prior_flow":true},"event_gaps_in_window":0,"mint":"GbBd7rAjqeNWKZzA8xGruE8nrh2nEbAcy7JNZTGfpump","snapshot_drops_in_window":0,"t":1788976080000}
{"after":{"bot_uniform_micro":0,"cu_p50":184670,"entrants_300s":3,"entrants_60s":0,"fee_p90":510000,"net_flow_micro":990},"before":{"no_prior_flow":true},"event_gaps_in_window":0,"mint":"GcDJuHkCern3HQodNzbGFBXFCCAVsEPKQ4VeQF6vpump","snapshot_drops_in_window":0,"t":1788976080000}
{"after":{"bot_uniform_micro":0,"cu_p50":126897,"entrants_300s":1,"entrants_60s":0,"fee_p90":101014,"net_flow_micro":-54421},"before":{"no_prior_flow":true},"event_gaps_in_window":0,"mint":"Gz3q6nZzQC4vNnuggcDghvWtHToi1LweNuHSyW7Wpump","snapshot_drops_in_window":0,"t":1788976080000}
{"after":{"bot_uniform_micro":null,"cu_p50":null,"entrants_300s":0,"entrants_60s":0,"fee_p90":null,"net_flow_micro":-1050031},"before":{"no_prior_flow":true},"event_gaps_in_window":0,"mint":"H4uzHREeMpSmWjMWtaZqGQkACBnYEWaDDhVn9Frppump","snapshot_drops_in_window":0,"t":1788976080000}
{"after":{"bot_uniform_micro":0,"cu_p50":90938,"entrants_300s":2,"entrants_60s":1,"fee_p90":430417,"net_flow_micro":96227},"before":{"no_prior_flow":true},"event_gaps_in_window":0,"mint":"H64QZNBvRXfDsY1VzNdt96Mb2M8CqbaP6U3djy6kpump","snapshot_drops_in_window":0,"t":1788976080000}
{"after":{"bot_uniform_micro":0,"cu_p50":92223,"entrants_300s":4,"entrants_60s":0,"fee_p90":81000,"net_flow_micro":915167},"before":{"bot_uniform_micro":0,"cu_p50":92223,"entrants_300s":1,"entrants_60s":0,"fee_p90":28295,"net_flow_micro":547669},"event_gaps_in_window":0,"mint":"HJk1HFcvgLqkVnEgNX1bLnXS382SAPVgiQigA7Fnpump","snapshot_drops_in_window":0,"t":1788976080000}
{"after":{"bot_uniform_micro":0,"cu_p50":106600,"entrants_300s":226,"entrants_60s":82,"fee_p90":1005000,"net_flow_micro":30379106},"before":{"bot_uniform_micro":0,"cu_p50":138083,"entrants_300s":1,"entrants_60s":1,"fee_p90":1505000,"net_flow_micro":394727},"event_gaps_in_window":0,"mint":"HVcoQEjRnZJhYaorKWtBEDmYGSdekEbkqZaM4Da5pump","snapshot_drops_in_window":0,"t":1788976080000}
{"after":{"bot_uniform_micro":null,"cu_p50":null,"entrants_300s":0,"entrants_60s":0,"fee_p90":null,"net_flow_micro":-1152983},"before":{"bot_uniform_micro":null,"cu_p50":null,"entrants_300s":0,"entrants_60s":0,"fee_p90":null,"net_flow_micro":0},"event_gaps_in_window":0,"mint":"HYd5cRAFVXVVrt4D6LvtMcCmYDoQE1TDbeSa3MgLpump","snapshot_drops_in_window":0,"t":1788976080000}
{"after":{"bot_uniform_micro":0,"cu_p50":231683,"entrants_300s":2,"entrants_60s":0,"fee_p90":80001,"net_flow_micro":659222},"before":{"no_prior_flow":true},"event_gaps_in_window":0,"mint":"HdPL4bP6smyfumoQhEPpkrAb4qpz3uvKZH4kdtFQpump","snapshot_drops_in_window":0,"t":1788976080000}
{"after":{"bot_uniform_micro":0,"cu_p50":122317,"entrants_300s":2,"entrants_60s":1,"fee_p90":101014,"net_flow_micro":-379603},"before":{"no_prior_flow":true},"event_gaps_in_window":0,"mint":"HrENr8Q1HzugCpFgsTU86FcAgNtH5hFQzSiuXKk8pump","snapshot_drops_in_window":0,"t":1788976080000}
{"after":{"bot_uniform_micro":352941,"cu_p50":120286,"entrants_300s":7,"entrants_60s":7,"fee_p90":101014,"net_flow_micro":983752},"before":{"bot_uniform_micro":0,"cu_p50":120207,"entrants_300s":1,"entrants_60s":1,"fee_p90":101014,"net_flow_micro":-872786},"event_gaps_in_window":0,"mint":"HwZG8enmej8axcsky3VjpDKug7zYf2tExPLUWGJPpump","snapshot_drops_in_window":0,"t":1788976080000}
{"after":{"bot_uniform_micro":0,"cu_p50":119163,"entrants_300s":1,"entrants_60s":0,"fee_p90":5000,"net_flow_micro":-6},"before":{"no_prior_flow":true},"event_gaps_in_window":0,"mint":"Hy9XZ4Ae4oKtXYfuFzWkoNV18teCTpvWWu5PFD9Bpump","snapshot_drops_in_window":0,"t":1788976080000}
{"after":{"bot_uniform_micro":0,"cu_p50":149484,"entrants_300s":1,"entrants_60s":1,"fee_p90":9000,"net_flow_micro":-426807},"before":{"bot_uniform_micro":null,"cu_p50":null,"entrants_300s":0,"entrants_60s":0,"fee_p90":null,"net_flow_micro":0},"event_gaps_in_window":0,"mint":"J4J7wFFndrNKhDa4rrMB9Amsqvqzk2uaJZDpStnUpump","snapshot_drops_in_window":0,"t":1788976080000}
{"after":{"bot_uniform_micro":null,"cu_p50":null,"entrants_300s":0,"entrants_60s":0,"fee_p90":null,"net_flow_micro":-325009},"before":{"no_prior_flow":true},"event_gaps_in_window":0,"mint":"JDrkAK8QdeXD4NUxci6ANV8KSQkNvvnmLVZundL5ihey","snapshot_drops_in_window":0,"t":1788976080000}
{"after":{"bot_uniform_micro":0,"cu_p50":126897,"entrants_300s":1,"entrants_60s":1,"fee_p90":101014,"net_flow_micro":-3858601},"before":{"no_prior_flow":true},"event_gaps_in_window":0,"mint":"9w5gWetsKYZdMCJAA3URwcf8arGeAQmHT13Pdvgpump","snapshot_drops_in_window":0,"t":1788976140000}
{"after":{"bot_uniform_micro":null,"cu_p50":null,"entrants_300s":0,"entrants_60s":0,"fee_p90":null,"net_flow_micro":0},"before":{"bot_uniform_micro":null,"cu_p50":null,"entrants_300s":0,"entrants_60s":0,"fee_p90":null,"net_flow_micro":0},"event_gaps_in_window":0,"mint":"GrEpzw6CV42tY8gct9z6TZXCmCuzuPKh6eSiqD6pump","snapshot_drops_in_window":0,"t":1788976140000}
{"after":{"bot_uniform_micro":0,"cu_p50":142623,"entrants_300s":2,"entrants_60s":0,"fee_p90":14000,"net_flow_micro":-18007769},"before":{"no_prior_flow":true},"event_gaps_in_window":0,"mint":"JKqjiwqwFtuWLFQj4bkVgfkUDEx1RyQ9n1z7eBDpump","snapshot_drops_in_window":0,"t":1788976140000}
{"after":{"bot_uniform_micro":578199,"cu_p50":96906,"entrants_300s":26,"entrants_60s":0,"fee_p90":101014,"net_flow_micro":-85418},"before":{"bot_uniform_micro":0,"cu_p50":133731,"entrants_300s":1,"entrants_60s":0,"fee_p90":101014,"net_flow_micro":177131},"event_gaps_in_window":0,"mint":"U17QJMm3GYxikj6sUNjN822T4BGtmcmXVWK3k13pump","snapshot_drops_in_window":8,"t":1788976140000}
{"after":{"bot_uniform_micro":0,"cu_p50":167962,"entrants_300s":3,"entrants_60s":1,"fee_p90":15000,"net_flow_micro":435479},"before":{"no_prior_flow":true},"event_gaps_in_window":0,"mint":"myXRAu9fN2YsLHjdCcAtwEVXgjELzFpCamj44oDpump","snapshot_drops_in_window":0,"t":1788976140000}
{"after":{"bot_uniform_micro":508772,"cu_p50":101249,"entrants_300s":39,"entrants_60s":0,"fee_p90":5105000,"net_flow_micro":18369},"before":{"bot_uniform_micro":0,"cu_p50":90632,"entrants_300s":2,"entrants_60s":0,"fee_p90":77290,"net_flow_micro":164878},"event_gaps_in_window":0,"mint":"rm1U9zUhr5BUSduJEbH25VNQAxh4t3uMjvTUJ6JsScK","snapshot_drops_in_window":0,"t":1788976140000}
{"after":{"bot_uniform_micro":0,"cu_p50":83347,"entrants_300s":5,"entrants_60s":5,"fee_p90":255000,"net_flow_micro":1321730},"before":{"no_prior_flow":true},"event_gaps_in_window":0,"mint":"ssubrUTRUZtXfJ4FqsUxq9Ef2u68tx4uBfiCyDLpump","snapshot_drops_in_window":0,"t":1788976140000}
{"after":{"bot_uniform_micro":0,"cu_p50":105586,"entrants_300s":12,"entrants_60s":0,"fee_p90":189803,"net_flow_micro":197500},"before":{"no_prior_flow":true},"event_gaps_in_window":0,"mint":"2LZjE1wjD25NxfcCZrKsALoeBPQnYzQoNFnDLcHypump","snapshot_drops_in_window":0,"t":1788976140000}
{"after":{"bot_uniform_micro":0,"cu_p50":126876,"entrants_300s":3,"entrants_60s":2,"fee_p90":101014,"net_flow_micro":0},"before":{"no_prior_flow":true},"event_gaps_in_window":0,"mint":"2Tw8RPxY286afFfvDSymkoZB69r6cnUoGKzUNsAtpump","snapshot_drops_in_window":0,"t":1788976140000}
{"after":{"bot_uniform_micro":456522,"cu_p50":98120,"entrants_300s":128,"entrants_60s":5,"fee_p90":552501,"net_flow_micro":-11327680},"before":{"bot_uniform_micro":0,"cu_p50":98120,"entrants_300s":10,"entrants_60s":0,"fee_p90":1005000,"net_flow_micro":-4052393},"event_gaps_in_window":0,"mint":"2YuFLBKqmgBsxrbVgqRXgSrzwf6wyNCkCUAqUMEGpump","snapshot_drops_in_window":0,"t":1788976140000}
{"after":{"bot_uniform_micro":0,"cu_p50":91736,"entrants_300s":21,"entrants_60s":5,"fee_p90":137851,"net_flow_micro":2509416},"before":{"no_prior_flow":true},"event_gaps_in_window":0,"mint":"2ZKkVVkHUNTf5LfPnpudB7ANtACw8X9Tw7Lgcuxwpump","snapshot_drops_in_window":0,"t":1788976140000}
{"after":{"bot_uniform_micro":0,"cu_p50":110180,"entrants_300s":6,"entrants_60s":0,"fee_p90":1005000,"net_flow_micro":3149327},"before":{"no_prior_flow":true},"event_gaps_in_window":0,"mint":"2h2GHqhJuR5kaG6Srwk45mCZZANCYxKuNSHtYjRRpump","snapshot_drops_in_window":0,"t":1788976140000}
{"after":{"bot_uniform_micro":null,"cu_p50":null,"entrants_300s":0,"entrants_60s":0,"fee_p90":null,"net_flow_micro":-1533798},"before":{"no_prior_flow":true},"event_gaps_in_window":0,"mint":"2hZPYB8ud7RUQAHkCmWvTcqB7YH1xfTAsAoUtDnFpump","snapshot_drops_in_window":0,"t":1788976140000}
{"after":{"bot_uniform_micro":427807,"cu_p50":90730,"entrants_300s":150,"entrants_60s":97,"fee_p90":1005000,"net_flow_micro":10493902},"before":{"bot_uniform_micro":0,"cu_p50":93325,"entrants_300s":11,"entrants_60s":10,"fee_p90":1005000,"net_flow_micro":3741662},"event_gaps_in_window":0,"mint":"3G6PAF448tZqGmjpxKHygkYUQbu7P1ZfscWAiDGLZyQf","snapshot_drops_in_window":0,"t":1788976140000}
{"after":{"bot_uniform_micro":0,"cu_p50":105599,"entrants_300s":19,"entrants_60s":0,"fee_p90":189807,"net_flow_micro":0},"before":{"no_prior_flow":true},"event_gaps_in_window":0,"mint":"3T5fZJNEBDhzxBK1nbbS3AiSzCMaE2s7VDQLgmTjpump","snapshot_drops_in_window":0,"t":1788976140000}
{"after":{"bot_uniform_micro":330579,"cu_p50":127657,"entrants_300s":21,"entrants_60s":0,"fee_p90":225000,"net_flow_micro":10029},"before":{"bot_uniform_micro":0,"cu_p50":127787,"entrants_300s":1,"entrants_60s":0,"fee_p90":101014,"net_flow_micro":-180053},"event_gaps_in_window":0,"mint":"3ZVbE8NSiJbo2vcTMMpWgZxjnhz6GXysMFi8Xsxcpump","snapshot_drops_in_window":4,"t":1788976140000}
{"after":{"bot_uniform_micro":0,"cu_p50":120285,"entrants_300s":1,"entrants_60s":1,"fee_p90":101014,"net_flow_micro":-45019},"before":{"no_prior_flow":true},"event_gaps_in_window":0,"mint":"3aN56TN7nwtp8UqD5xZeye42KFcazmrprhWR7Gscpump","snapshot_drops_in_window":0,"t":1788976140000}
{"after":{"bot_uniform_micro":533333,"cu_p50":109696,"entrants_300s":50,"entrants_60s":19,"fee_p90":5105000,"net_flow_micro":806998},"before":{"bot_uniform_micro":0,"cu_p50":93552,"entrants_300s":2,"entrants_60s":0,"fee_p90":430416,"net_flow_micro":1265688},"event_gaps_in_window":0,"mint":"3h3PBbX4RqVw3bQJtX7LdexADxNu3Ruc5pc7mQgvGw8a","snapshot_drops_in_window":0,"t":1788976140000}
{"after":{"bot_uniform_micro":101351,"cu_p50":140340,"entrants_300s":13,"entrants_60s":4,"fee_p90":101014,"net_flow_micro":21372},"before":{"bot_uniform_micro":0,"cu_p50":140036,"entrants_300s":1,"entrants_60s":1,"fee_p90":101014,"net_flow_micro":-1151960},"event_gaps_in_window":0,"mint":"3oV3dgtZv6TdMJe5993BtfGfHTA6E8Cbtf8Xjiodpump","snapshot_drops_in_window":2,"t":1788976140000}
{"after":{"bot_uniform_micro":null,"cu_p50":null,"entrants_300s":0,"entrants_60s":0,"fee_p90":null,"net_flow_micro":-64389},"before":{"no_prior_flow":true},"event_gaps_in_window":0,"mint":"3wJEdMysjAyMWC7WHMmnfMrNaryZG3rL54TdXBgiAh2u","snapshot_drops_in_window":0,"t":1788976140000}
{"after":{"bot_uniform_micro":0,"cu_p50":123822,"entrants_300s":12,"entrants_60s":10,"fee_p90":101014,"net_flow_micro":1366428},"before":{"bot_uniform_micro":null,"cu_p50":null,"entrants_300s":0,"entrants_60s":0,"fee_p90":null,"net_flow_micro":-3639218},"event_gaps_in_window":0,"mint":"3wQJbSgj3Vkg5oBoi77FCtWpyvvmkZrMJE5JnQbKpump","snapshot_drops_in_window":0,"t":1788976140000}
{"after":{"bot_uniform_micro":0,"cu_p50":102730,"entrants_300s":52,"entrants_60s":0,"fee_p90":127646,"net_flow_micro":91},"before":{"no_prior_flow":true},"event_gaps_in_window":0,"mint":"3zs2DUeo3wTDbX7TWtSwHXqBCfohxetuh5y7Tz7Kpump","snapshot_drops_in_window":0,"t":1788976140000}
{"after":{"bot_uniform_micro":0,"cu_p50":105418,"entrants_300s":12,"entrants_60s":0,"fee_p90":976250,"net_flow_micro":10139662},"before":{"no_prior_flow":true},"event_gaps_in_window":0,"mint":"4cPYeu1LvXAZoQiXzfVhWHHfSrX3aXN51hDtVsfXpump","snapshot_drops_in_window":0,"t":1788976140000}
{"after":{"bot_uniform_micro":591584,"cu_p50":93164,"entrants_300s":348,"entrants_60s":78,"fee_p90":105000,"net_flow_micro":504650},"before":{"bot_uniform_micro":0,"cu_p50":93658,"entrants_300s":15,"entrants_60s":4,"fee_p90":430417,"net_flow_micro":-58546655},"event_gaps_in_window":0,"mint":"4t2DC7mis1squwKYqr6hDzn5uacbNEj7dAGrZ5H2pump","snapshot_drops_in_window":0,"t":1788976140000}
{"after":{"bot_uniform_micro":null,"cu_p50":null,"entrants_300s":0,"entrants_60s":0,"fee_p90":null,"net_flow_micro":0},"before":{"no_prior_flow":true},"event_gaps_in_window":0,"mint":"4wRmu5KY7X353uBHYsPJhvuRZc6MMzgsU8aGqXtupump","snapshot_drops_in_window":0,"t":1788976140000}
{"after":{"bot_uniform_micro":0,"cu_p50":112135,"entrants_300s":1,"entrants_60s":0,"fee_p90":5000,"net_flow_micro":0},"before":{"no_prior_flow":true},"event_gaps_in_window":0,"mint":"55qDmCPGUGdLAuN6rYzoqoTZ1xhKaRvDCQwZFB4mpump","snapshot_drops_in_window":0,"t":1788976140000}
{"after":{"bot_uniform_micro":0,"cu_p50":200295,"entrants_300s":1,"entrants_60s":1,"fee_p90":15000,"net_flow_micro":1484490},"before":{"no_prior_flow":true},"event_gaps_in_window":0,"mint":"59HjntGuHBw4Arse7vkPswA992vKApt7oPiSxfQDpump","snapshot_drops_in_window":0,"t":1788976140000}
{"after":{"bot_uniform_micro":56604,"cu_p50":94668,"entrants_300s":50,"entrants_60s":1,"fee_p90":56837,"net_flow_micro":77964},"before":{"no_prior_flow":true},"event_gaps_in_window":0,"mint":"5A5zQ3m2wcNdt64kPgMToLiFWi2SQefvKtdiH5THpump","snapshot_drops_in_window":0,"t":1788976140000}
{"after":{"bot_uniform_micro":109091,"cu_p50":125339,"entrants_300s":6,"entrants_60s":0,"fee_p90":101014,"net_flow_micro":8156},"before":{"no_prior_flow":true},"event_gaps_in_window":0,"mint":"5JtqYc2riFDfvGg8YYm5zBTh6LaUNDZwvo5p9AEypump","snapshot_drops_in_window":0,"t":1788976140000}
{"after":{"bot_uniform_micro":0,"cu_p50":155629,"entrants_300s":5,"entrants_60s":0,"fee_p90":1005000,"net_flow_micro":3779548},"before":{"no_prior_flow":true},"event_gaps_in_window":0,"mint":"5KXYJ2XWf3qyApSRd9a22JuuDVe5hu41ym5GrhDRpump","snapshot_drops_in_window":0,"t":1788976140000}
{"after":{"bot_uniform_micro":500000,"cu_p50":99924,"entrants_300s":6,"entrants_60s":6,"fee_p90":1005000,"net_flow_micro":198409},"before":{"no_prior_flow":true},"event_gaps_in_window":0,"mint":"5Xtcvvo95MUT6g8XGGHkjeE1E7aMNvhaWvf355tCpump","snapshot_drops_in_window":0,"t":1788976140000}
{"after":{"bot_uniform_micro":0,"cu_p50":106211,"entrants_300s":4,"entrants_60s":0,"fee_p90":205000,"net_flow_micro":48273},"before":{"no_prior_flow":true},"event_gaps_in_window":0,"mint":"5bQNy6YoKA6BUKE1w1jiQBFAC9VVf5DpCZo7no4V7UG6","snapshot_drops_in_window":0,"t":1788976140000}
{"after":{"bot_uniform_micro":0,"cu_p50":215699,"entrants_300s":2,"entrants_60s":0,"fee_p90":92500,"net_flow_micro":4273106},"before":{"no_prior_flow":true},"event_gaps_in_window":0,"mint":"5c2dUt3MZTTqLGEBr28M9xLCiLxFvVQxgdr6ytLPpump","snapshot_drops_in_window":0,"t":1788976140000}
{"after":{"bot_uniform_micro":0,"cu_p50":135213,"entrants_300s":1,"entrants_60s":0,"fee_p90":6000,"net_flow_micro":23},"before":{"no_prior_flow":true},"event_gaps_in_window":0,"mint":"5cAz6tvPmNPQ5c6qA5RqjiQ6ea46Md3x8fUXGBHtpump","snapshot_drops_in_window":0,"t":1788976140000}
{"after":{"bot_uniform_micro":null,"cu_p50":null,"entrants_300s":0,"entrants_60s":0,"fee_p90":null,"net_flow_micro":-624338},"before":{"no_prior_flow":true},"event_gaps_in_window":0,"mint":"659xrvMd1Vdc7TUFQ2uL8hFMmbN3i52yqRX3HTGiEbnu","snapshot_drops_in_window":0,"t":1788976140000}
{"after":{"bot_uniform_micro":120000,"cu_p50":95924,"entrants_300s":22,"entrants_60s":10,"fee_p90":222900,"net_flow_micro":3437950},"before":{"bot_uniform_micro":0,"cu_p50":98133,"entrants_300s":3,"entrants_60s":2,"fee_p90":125800,"net_flow_micro":2264368},"event_gaps_in_window":0,"mint":"66EWaJYEB5FapTkAZQA8UD6WMZqb3q9aeB66VHbtpump","snapshot_drops_in_window":0,"t":1788976140000}
{"after":{"bot_uniform_micro":523593,"cu_p50":96635,"entrants_300s":665,"entrants_60s":199,"fee_p90":504998,"net_flow_micro":31370436},"before":{"bot_uniform_micro":0,"cu_p50":98230,"entrants_300s":68,"entrants_60s":13,"fee_p90":496809,"net_flow_micro":40511203},"event_gaps_in_window":0,"mint":"67afrnTxo8DVc52Uev61Yo4Yr9BGQpRw1RpPMWcx42La","snapshot_drops_in_window":0,"t":1788976140000}
{"after":{"bot_uniform_micro":0,"cu_p50":123218,"entrants_300s":7,"entrants_60s":0,"fee_p90":108490,"net_flow_micro":247518},"before":{"bot_uniform_micro":null,"cu_p50":null,"entrants_300s":0,"entrants_60s":0,"fee_p90":null,"net_flow_micro":-106802},"event_gaps_in_window":0,"mint":"693pcjWS8HTmMsYtmpFEdVSbzjM4HxwGoSHwmU5ypump","snapshot_drops_in_window":0,"t":1788976140000}
{"after":{"bot_uniform_micro":0,"cu_p50":123900,"entrants_300s":2,"entrants_60s":1,"fee_p90":55000,"net_flow_micro":-1441391},"before":{"no_prior_flow":true},"event_gaps_in_window":0,"mint":"6NwA7EAjVW1XoHj62964dH3Lh1qHtpSEeyhnWbHSpump","snapshot_drops_in_window":0,"t":1788976140000}
{"after":{"bot_uniform_micro":null,"cu_p50":null,"entrants_300s":0,"entrants_60s":0,"fee_p90":null,"net_flow_micro":-2324},"before":{"no_prior_flow":true},"event_gaps_in_window":0,"mint":"6T1BNshzGAKAHvJ3NZ5n62X2eg5rqqsMipUMZJvLpump","snapshot_drops_in_window":0,"t":1788976140000}
{"after":{"bot_uniform_micro":null,"cu_p50":null,"entrants_300s":0,"entrants_60s":0,"fee_p90":null,"net_flow_micro":-2653},"before":{"no_prior_flow":true},"event_gaps_in_window":0,"mint":"6XMzbhvvrCH1MVTrcnebhqmwej7ZUogdi91zorqNpump","snapshot_drops_in_window":0,"t":1788976140000}
{"after":{"bot_uniform_micro":0,"cu_p50":110192,"entrants_300s":19,"entrants_60s":19,"fee_p90":175836,"net_flow_micro":252147},"before":{"no_prior_flow":true},"event_gaps_in_window":0,"mint":"6dy2QbDi3FpiBm3QpTWKhypHeZJ224CV7mzSReTjpump","snapshot_drops_in_window":0,"t":1788976140000}
{"after":{"bot_uniform_micro":0,"cu_p50":170474,"entrants_300s":3,"entrants_60s":0,"fee_p90":80001,"net_flow_micro":-897268},"before":{"no_prior_flow":true},"event_gaps_in_window":0,"mint":"6faFcTYnxVtvtFvq3KmZbpUHmaDMsgWExKbg2QTXpump","snapshot_drops_in_window":0,"t":1788976140000}
{"after":{"bot_uniform_micro":0,"cu_p50":134261,"entrants_300s":7,"entrants_60s":0,"fee_p90":1005000,"net_flow_micro":14816},"before":{"bot_uniform_micro":0,"cu_p50":134310,"entrants_300s":1,"entrants_60s":0,"fee_p90":101014,"net_flow_micro":57172737},"event_gaps_in_window":0,"mint":"6ocz1wL9hdCwgwWRUSgeNCLSQrME2UUNiC9es5kGpump","snapshot_drops_in_window":2,"t":1788976140000}
{"after":{"bot_uniform_micro":135135,"cu_p50":114849,"entrants_300s":5,"entrants_60s":3,"fee_p90":101014,"net_flow_micro":291915},"before":{"bot_uniform_micro":0,"cu_p50":114871,"entrants_300s":1,"entrants_60s":0,"fee_p90":101014,"net_flow_micro":4680700},"event_gaps_in_window":0,"mint":"6ufF263czGFhTSzCD5jSeyMLQhTdVENrKCAHuoEjpump","snapshot_drops_in_window":1,"t":1788976140000}
{"after":{"bot_uniform_micro":0,"cu_p50":179347,"entrants_300s":1,"entrants_60s":0,"fee_p90":15000,"net_flow_micro":-1484296},"before":{"no_prior_flow":true},"event_gaps_in_window":0,"mint":"77CHZyKTgGjysxrfgYaTWJQ1vG17NKHewHfFV2Nqpump","snapshot_drops_in_window":0,"t":1788976140000}
{"after":{"bot_uniform_micro":125000,"cu_p50":137364,"entrants_300s":9,"entrants_60s":3,"fee_p90":105000,"net_flow_micro":0},"before":{"no_prior_flow":true},"event_gaps_in_window":0,"mint":"77WzcwEYiyNAdYi4VQVyKfs2ydJ5DiPCvN8tWwPXpump","snapshot_drops_in_window":0,"t":1788976140000}
{"after":{"bot_uniform_micro":0,"cu_p50":102536,"entrants_300s":119,"entrants_60s":119,"fee_p90":1005000,"net_flow_micro":14630098},"before":{"bot_uniform_micro":0,"cu_p50":135073,"entrants_300s":1,"entrants_60s":1,"fee_p90":55000,"net_flow_micro":2026806},"event_gaps_in_window":0,"mint":"79E5qoP8aZRU6tsq7oLVL3CY3TGu6or9uiQgntiTpump","snapshot_drops_in_window":0,"t":1788976140000}
{"after":{"bot_uniform_micro":0,"cu_p50":170990,"entrants_300s":12,"entrants_60s":2,"fee_p90":105000,"net_flow_micro":919071},"before":{"no_prior_flow":true},"event_gaps_in_window":0,"mint":"7CwLRAyJe5UbhRe4ZzVdjwM2bX3BDfYnsrRcynwM9j6G","snapshot_drops_in_window":0,"t":1788976140000}
{"after":{"bot_uniform_micro":null,"cu_p50":null,"entrants_300s":0,"entrants_60s":0,"fee_p90":null,"net_flow_micro":-2374442},"before":{"no_prior_flow":true},"event_gaps_in_window":0,"mint":"7aGvGRwpXexuaziL1pYpmKyLqaxCYecumzQHAHfgpump","snapshot_drops_in_window":0,"t":1788976140000}
{"after":{"bot_uniform_micro":null,"cu_p50":null,"entrants_300s":0,"entrants_60s":0,"fee_p90":null,"net_flow_micro":0},"before":{"no_prior_flow":true},"event_gaps_in_window":0,"mint":"7eiS447TVyaMEU48iAEXWtSQM4ufP9Hc9feSi8yapump","snapshot_drops_in_window":0,"t":1788976140000}
{"after":{"bot_uniform_micro":125000,"cu_p50":92150,"entrants_300s":59,"entrants_60s":15,"fee_p90":317819,"net_flow_micro":8621228},"before":{"bot_uniform_micro":0,"cu_p50":92239,"entrants_300s":4,"entrants_60s":0,"fee_p90":1005000,"net_flow_micro":7254305},"event_gaps_in_window":0,"mint":"7v2EzuBBLAagvYUr1SCCcRQQGPjmmEecYAxMhKe4Xy2o","snapshot_drops_in_window":0,"t":1788976140000}
{"after":{"bot_uniform_micro":0,"cu_p50":141928,"entrants_300s":2,"entrants_60s":2,"fee_p90":101014,"net_flow_micro":229432},"before":{"no_prior_flow":true},"event_gaps_in_window":0,"mint":"7wGgUhpFYpuF3jSQKsRV5hjJPtyrjgkKPtGQxo6fpump","snapshot_drops_in_window":0,"t":1788976140000}
{"after":{"bot_uniform_micro":0,"cu_p50":119323,"entrants_300s":9,"entrants_60s":9,"fee_p90":101014,"net_flow_micro":328388},"before":{"no_prior_flow":true},"event_gaps_in_window":0,"mint":"88auzB8y5zn4Qo5Lu7pyRifrj9R4hBB8tzLT7yd4pump","snapshot_drops_in_window":0,"t":1788976140000}
{"after":{"bot_uniform_micro":0,"cu_p50":258586,"entrants_300s":18,"entrants_60s":5,"fee_p90":440415,"net_flow_micro":7358352},"before":{"bot_uniform_micro":null,"cu_p50":null,"entrants_300s":0,"entrants_60s":0,"fee_p90":null,"net_flow_micro":0},"event_gaps_in_window":0,"mint":"8CUkfgU3w5zxWP27v9B9mef15sL23fzxYvw23wbPpump","snapshot_drops_in_window":0,"t":1788976140000}
{"after":{"bot_uniform_micro":462963,"cu_p50":107406,"entrants_300s":26,"entrants_60s":0,"fee_p90":155001,"net_flow_micro":-464352},"before":{"bot_uniform_micro":0,"cu_p50":147236,"entrants_300s":1,"entrants_60s":0,"fee_p90":101014,"net_flow_micro":-1271326},"event_gaps_in_window":0,"mint":"8JJZS5k9FtEzCxhYzB7R3r2XXoLfBtVxEjvKuxcEpump","snapshot_drops_in_window":13,"t":1788976140000}
{"after":{"bot_uniform_micro":null,"cu_p50":null,"entrants_300s":0,"entrants_60s":0,"fee_p90":null,"net_flow_micro":0},"before":{"no_prior_flow":true},"event_gaps_in_window":0,"mint":"8NNG2iEQedAqcYSGV5qP5t49VXMbNEF1EhKFbQrfpump","snapshot_drops_in_window":0,"t":1788976140000}
{"after":{"bot_uniform_micro":0,"cu_p50":149090,"entrants_300s":3,"entrants_60s":3,"fee_p90":218389,"net_flow_micro":135874},"before":{"no_prior_flow":true},"event_gaps_in_window":0,"mint":"8PQHzitteX1SjSVmGN7qSPtk2Hr9rV5QeDD1NnX8pump","snapshot_drops_in_window":0,"t":1788976140000}
{"after":{"bot_uniform_micro":null,"cu_p50":null,"entrants_300s":0,"entrants_60s":0,"fee_p90":null,"net_flow_micro":-33027},"before":{"no_prior_flow":true},"event_gaps_in_window":0,"mint":"8WvuNc9Pi7y2ML2ceBfittZNbmWBrWHLK9DviAxjpump","snapshot_drops_in_window":0,"t":1788976140000}
{"after":{"bot_uniform_micro":0,"cu_p50":96806,"entrants_300s":9,"entrants_60s":0,"fee_p90":105000,"net_flow_micro":483356},"before":{"no_prior_flow":true},"event_gaps_in_window":0,"mint":"8Xf2TSBVx9NEfum7HmR4kELZAW9iLT264Nnj8aHepump","snapshot_drops_in_window":0,"t":1788976140000}
{"after":{"bot_uniform_micro":150000,"cu_p50":127657,"entrants_300s":16,"entrants_60s":0,"fee_p90":101014,"net_flow_micro":-139795},"before":{"no_prior_flow":true},"event_gaps_in_window":0,"mint":"8ZyQ1LLm8EBsbJjVnTYfNecF1GAhL5aJ5sMYyyGXpump","snapshot_drops_in_window":0,"t":1788976140000}
{"after":{"bot_uniform_micro":157895,"cu_p50":88808,"entrants_300s":17,"entrants_60s":7,"fee_p90":67500,"net_flow_micro":4229749},"before":{"no_prior_flow":true},"event_gaps_in_window":0,"mint":"8g7fdfaWLw2SXn3XuaMhQKF3uMtFJzANGvjY7k1kpump","snapshot_drops_in_window":0,"t":1788976140000}
{"after":{"bot_uniform_micro":0,"cu_p50":165968,"entrants_300s":2,"entrants_60s":1,"fee_p90":552501,"net_flow_micro":181285},"before":{"no_prior_flow":true},"event_gaps_in_window":0,"mint":"8j3rbmt4EjnCxFh973v3YH6CGPzoHq6rAfXqgT3dpump","snapshot_drops_in_window":0,"t":1788976140000}
{"after":{"bot_uniform_micro":0,"cu_p50":113094,"entrants_300s":6,"entrants_60s":6,"fee_p90":80000,"net_flow_micro":3957600},"before":{"no_prior_flow":true},"event_gaps_in_window":0,"mint":"8kCTgktRVFYyYvDcBbpr5XD3LeaCT7dUDGYuv4iMhh1F","snapshot_drops_in_window":0,"t":1788976140000}
{"after":{"bot_uniform_micro":0,"cu_p50":112700,"entrants_300s":7,"entrants_60s":3,"fee_p90":255499,"net_flow_micro":-2491790},"before":{"bot_uniform_micro":0,"cu_p50":343272,"entrants_300s":1,"entrants_60s":1,"fee_p90":970560,"net_flow_micro":604841},"event_gaps_in_window":0,"mint":"8kEuFRzK9yks1UuNnDeFaCCmgMsuVmbKKfrL9dEypump","snapshot_drops_in_window":0,"t":1788976140000}
{"after":{"bot_uniform_micro":294118,"cu_p50":87612,"entrants_300s":27,"entrants_60s":27,"fee_p90":485000,"net_flow_micro":0},"before":{"no_prior_flow":true},"event_gaps_in_window":0,"mint":"8nxQf59b5CBSYLxWtPco6pe7PVMLmZBK8rybdd2dpump","snapshot_drops_in_window":0,"t":1788976140000}
{"after":{"bot_uniform_micro":0,"cu_p50":120381,"entrants_300s":3,"entrants_60s":0,"fee_p90":101014,"net_flow_micro":-16339},"before":{"no_prior_flow":true},"event_gaps_in_window":0,"mint":"97JfxSTAAyuLUzjakvb7Pshi4CJqkS5tLs9auCMCpump","snapshot_drops_in_window":0,"t":1788976140000}
{"after":{"bot_uniform_micro":null,"cu_p50":null,"entrants_300s":0,"entrants_60s":0,"fee_p90":null,"net_flow_micro":-216968},"before":{"no_prior_flow":true},"event_gaps_in_window":0,"mint":"97MZRRSeEZSWXa6cHu3capuoZz13HViWGSWjNGffpump","snapshot_drops_in_window":0,"t":1788976140000}
{"after":{"bot_uniform_micro":0,"cu_p50":103560,"entrants_300s":3,"entrants_60s":0,"fee_p90":60784,"net_flow_micro":231960},"before":{"no_prior_flow":true},"event_gaps_in_window":0,"mint":"98X3nj8nmVGyKGr31kEZ5u4N6mge2dNjG8bEAu1cpump","snapshot_drops_in_window":0,"t":1788976140000}
{"after":{"bot_uniform_micro":361702,"cu_p50":88128,"entrants_300s":28,"entrants_60s":4,"fee_p90":480344,"net_flow_micro":1681693},"before":{"bot_uniform_micro":null,"cu_p50":null,"entrants_300s":0,"entrants_60s":0,"fee_p90":null,"net_flow_micro":0},"event_gaps_in_window":0,"mint":"9UkQpLXBJXFRiwH69HqSt52mwmZrL5VYiBiwzAtqpump","snapshot_drops_in_window":0,"t":1788976140000}
{"after":{"bot_uniform_micro":0,"cu_p50":114889,"entrants_300s":4,"entrants_60s":4,"fee_p90":101014,"net_flow_micro":9553},"before":{"no_prior_flow":true},"event_gaps_in_window":0,"mint":"9rHTtX9fA1Q2gQFeGKvR3FjdfnzdZjspaaSgwYZFpump","snapshot_drops_in_window":0,"t":1788976140000}
{"after":{"bot_uniform_micro":392157,"cu_p50":120029,"entrants_300s":226,"entrants_60s":68,"fee_p90":1005000,"net_flow_micro":-24006722},"before":{"bot_uniform_micro":0,"cu_p50":99938,"entrants_300s":18,"entrants_60s":3,"fee_p90":905067,"net_flow_micro":-1045766},"event_gaps_in_window":0,"mint":"A1saYxATRfsHMop5J7kRnRJBn3Yckho1D2m146impump","snapshot_drops_in_window":0,"t":1788976140000}
{"after":{"bot_uniform_micro":571429,"cu_p50":136718,"entrants_300s":22,"entrants_60s":4,"fee_p90":410000,"net_flow_micro":-6310819},"before":{"no_prior_flow":true},"event_gaps_in_window":0,"mint":"A3axJLvQXKj2i2gEMkSq9gx7pC77CDYEcnZi6xPEpump","snapshot_drops_in_window":0,"t":1788976140000}
{"after":{"bot_uniform_micro":0,"cu_p50":96765,"entrants_300s":7,"entrants_60s":0,"fee_p90":92500,"net_flow_micro":-657045},"before":{"no_prior_flow":true},"event_gaps_in_window":0,"mint":"A56gtWXL96fS94zo5C36WCKHtdRC1unGrtXUHDCGpump","snapshot_drops_in_window":0,"t":1788976140000}
{"after":{"bot_uniform_micro":0,"cu_p50":120851,"entrants_300s":3,"entrants_60s":3,"fee_p90":101014,"net_flow_micro":890497},"before":{"no_prior_flow":true},"event_gaps_in_window":0,"mint":"AE93JAYH9oNrNhaKD9MqCUTDmuAAwpAQA2bzhmBUpump","snapshot_drops_in_window":0,"t":1788976140000}
{"after":{"bot_uniform_micro":0,"cu_p50":266160,"entrants_300s":1,"entrants_60s":0,"fee_p90":410000,"net_flow_micro":-730779},"before":{"no_prior_flow":true},"event_gaps_in_window":0,"mint":"AScFao7bzbdJh7rBiF4yFqcY26dPdRqGffRttTYMpump","snapshot_drops_in_window":0,"t":1788976140000}
{"after":{"bot_uniform_micro":177570,"cu_p50":138656,"entrants_300s":16,"entrants_60s":6,"fee_p90":101014,"net_flow_micro":36769},"before":{"bot_uniform_micro":0,"cu_p50":138260,"entrants_300s":2,"entrants_60s":1,"fee_p90":101014,"net_flow_micro":-3052281},"event_gaps_in_window":0,"mint":"ATKNNSXzX9mhGxatpyTURv9wdakpwS57jpYvEodCpump","snapshot_drops_in_window":5,"t":1788976140000}
{"after":{"bot_uniform_micro":344828,"cu_p50":121811,"entrants_300s":38,"entrants_60s":5,"fee_p90":101014,"net_flow_micro":219211},"before":{"bot_uniform_micro":0,"cu_p50":121838,"entrants_300s":1,"entrants_60s":1,"fee_p90":101014,"net_flow_micro":10227514},"event_gaps_in_window":0,"mint":"AU4RpCmsTLF4iedLninD6L2vZ4v2jHZpB6Z4vobwpump","snapshot_drops_in_window":6,"t":1788976140000}
{"after":{"bot_uniform_micro":306122,"cu_p50":99435,"entrants_300s":90,"entrants_60s":90,"fee_p90":1005000,"net_flow_micro":3289806},"before":{"bot_uniform_micro":0,"cu_p50":99301,"entrants_300s":10,"entrants_60s":10,"fee_p90":100210,"net_flow_micro":2127276},"event_gaps_in_window":0,"mint":"AeyhSgvivZvo1N1jzt6jtguqURn5Doa9YfGcpSuapump","snapshot_drops_in_window":0,"t":1788976140000}
{"after":{"bot_uniform_micro":null,"cu_p50":null,"entrants_300s":0,"entrants_60s":0,"fee_p90":null,"net_flow_micro":-351032},"before":{"no_prior_flow":true},"event_gaps_in_window":0,"mint":"AiwefDnXbePPvEd4bK95ccVPr3C8oUoBLYraHSTRpump","snapshot_drops_in_window":0,"t":1788976140000}
{"after":{"bot_uniform_micro":0,"cu_p50":132165,"entrants_300s":1,"entrants_60s":0,"fee_p90":9000,"net_flow_micro":148148},"before":{"no_prior_flow":true},"event_gaps_in_window":0,"mint":"AmeVaqAs3uEyzKvogy3qpbTkZ4gnAfLhnLAyFji7pump","snapshot_drops_in_window":0,"t":1788976140000}
{"after":{"bot_uniform_micro":445652,"cu_p50":101541,"entrants_300s":167,"entrants_60s":167,"fee_p90":1005000,"net_flow_micro":26266901},"before":{"bot_uniform_micro":0,"cu_p50":102502,"entrants_300s":7,"entrants_60s":7,"fee_p90":305000,"net_flow_micro":13745396},"event_gaps_in_window":0,"mint":"AtUf7x3r3dgWJcAoCpwnn9ubFy8U5JYCAy9hrouspump","snapshot_drops_in_window":0,"t":1788976140000}
{"after":{"bot_uniform_micro":231707,"cu_p50":173813,"entrants_300s":192,"entrants_60s":49,"fee_p90":410000,"net_flow_micro":17107781},"before":{"bot_uniform_micro":0,"cu_p50":102197,"entrants_300s":6,"entrants_60s":0,"fee_p90":410000,"net_flow_micro":3164420},"event_gaps_in_window":0,"mint":"B2sbKzTXxRLP19WuxiXDQXYn8SQVtqkPtFJ7eK9Qpump","snapshot_drops_in_window":0,"t":1788976140000}
{"after":{"bot_uniform_micro":38961,"cu_p50":126814,"entrants_300s":7,"entrants_60s":3,"fee_p90":101014,"net_flow_micro":28724},"before":{"bot_uniform_micro":0,"cu_p50":126329,"entrants_300s":1,"entrants_60s":1,"fee_p90":101014,"net_flow_micro":166061},"event_gaps_in_window":0,"mint":"B4CvqjKjaA2Zd2pjKZVKCwmMyvSPX3PYxWzTKnm5pump","snapshot_drops_in_window":0,"t":1788976140000}
{"after":{"bot_uniform_micro":0,"cu_p50":123788,"entrants_300s":2,"entrants_60s":1,"fee_p90":101014,"net_flow_micro":0},"before":{"no_prior_flow":true},"event_gaps_in_window":0,"mint":"B8guTBsK1iGreQ1ub2RstY1jfJVKctk5x6u5JjMfpump","snapshot_drops_in_window":0,"t":1788976140000}
{"after":{"bot_uniform_micro":0,"cu_p50":108215,"entrants_300s":4,"entrants_60s":0,"fee_p90":105000,"net_flow_micro":-167752},"before":{"bot_uniform_micro":0,"cu_p50":89183,"entrants_300s":1,"entrants_60s":0,"fee_p90":105000,"net_flow_micro":653078},"event_gaps_in_window":0,"mint":"BHQSkrUTJukngMKtDhksGfG9VXj6K82DrNR3CybLpump","snapshot_drops_in_window":0,"t":1788976140000}
{"after":{"bot_uniform_micro":341463,"cu_p50":109834,"entrants_300s":92,"entrants_60s":38,"fee_p90":1005000,"net_flow_micro":19030895},"before":{"bot_uniform_micro":0,"cu_p50":113061,"entrants_300s":3,"entrants_60s":1,"fee_p90":844414,"net_flow_micro":11999367},"event_gaps_in_window":0,"mint":"BHprQ1wTYyn9CPC6uVQffkYW8ziZTrJbr3xkVuVJpump","snapshot_drops_in_window":0,"t":1788976140000}
{"after":{"bot_uniform_micro":null,"cu_p50":null,"entrants_300s":0,"entrants_60s":0,"fee_p90":null,"net_flow_micro":-26412},"before":{"no_prior_flow":true},"event_gaps_in_window":0,"mint":"BMPXGyRdnf9kWj1HSaE9ZWkyKiDbo6xUcBPro5vmL7hr","snapshot_drops_in_window":0,"t":1788976140000}
{"after":{"bot_uniform_micro":null,"cu_p50":null,"entrants_300s":0,"entrants_60s":0,"fee_p90":null,"net_flow_micro":-1292235},"before":{"no_prior_flow":true},"event_gaps_in_window":0,"mint":"BPpcswNK7DV1Pm2UCVpHo7hzhEMprBigaPx9mD93A57f","snapshot_drops_in_window":0,"t":1788976140000}
{"after":{"bot_uniform_micro":0,"cu_p50":149875,"entrants_300s":1,"entrants_60s":0,"fee_p90":5000,"net_flow_micro":-1120170},"before":{"no_prior_flow":true},"event_gaps_in_window":0,"mint":"BZyEpkM16FesFHSiQFTW9rWDPjvHYQXb37PGzEtF5W4s","snapshot_drops_in_window":0,"t":1788976140000}
{"after":{"bot_uniform_micro":0,"cu_p50":87732,"entrants_300s":5,"entrants_60s":4,"fee_p90":120000,"net_flow_micro":-10622560},"before":{"bot_uniform_micro":null,"cu_p50":null,"entrants_300s":0,"entrants_60s":0,"fee_p90":null,"net_flow_micro":-580928},"event_gaps_in_window":0,"mint":"BitAst9t1moZhc88Ccwpk6a3gV6JmTXBEotiQmTZpump","snapshot_drops_in_window":0,"t":1788976140000}
{"after":{"bot_uniform_micro":null,"cu_p50":null,"entrants_300s":0,"entrants_60s":0,"fee_p90":null,"net_flow_micro":0},"before":{"no_prior_flow":true},"event_gaps_in_window":0,"mint":"CL36KyGaMN8Wcd5VE1RyXdYKsXTva2MigumiMz3npump","snapshot_drops_in_window":0,"t":1788976140000}
{"after":{"bot_uniform_micro":0,"cu_p50":103379,"entrants_300s":15,"entrants_60s":0,"fee_p90":5005000,"net_flow_micro":2697081},"before":{"bot_uniform_micro":0,"cu_p50":98066,"entrants_300s":2,"entrants_60s":0,"fee_p90":1505001,"net_flow_micro":3641975},"event_gaps_in_window":0,"mint":"CLh7ezbjYKbVsZoqN2MCGoDsBcfN3NfUDDE8nHAipump","snapshot_drops_in_window":0,"t":1788976140000}
{"after":{"bot_uniform_micro":null,"cu_p50":null,"entrants_300s":0,"entrants_60s":0,"fee_p90":null,"net_flow_micro":-88659},"before":{"no_prior_flow":true},"event_gaps_in_window":0,"mint":"CM4RLsdBrFbfCneXyvUJqBmmQsb69Hm2H6QWhcq1nX8e","snapshot_drops_in_window":0,"t":1788976140000}
{"after":{"bot_uniform_micro":0,"cu_p50":138146,"entrants_300s":1,"entrants_60s":0,"fee_p90":9000,"net_flow_micro":3035},"before":{"no_prior_flow":true},"event_gaps_in_window":0,"mint":"CPimEyD6mysrtDiRfYeYCi3ipSEHb224ipd5zaSJpump","snapshot_drops_in_window":0,"t":1788976140000}
{"after":{"bot_uniform_micro":null,"cu_p50":null,"entrants_300s":0,"entrants_60s":0,"fee_p90":null,"net_flow_micro":-633935},"before":{"no_prior_flow":true},"event_gaps_in_window":0,"mint":"Ca8DTtL9BxZpFHqtd92fKcWaheA6A7y8t5Y9QSnipump","snapshot_drops_in_window":0,"t":1788976140000}
{"after":{"bot_uniform_micro":0,"cu_p50":261792,"entrants_300s":6,"entrants_60s":0,"fee_p90":415738,"net_flow_micro":-2220613},"before":{"no_prior_flow":true},"event_gaps_in_window":0,"mint":"CyFtApDbWYjhkYFwjhKo1W9WWFu8HkXP2B7GpSt5pump","snapshot_drops_in_window":0,"t":1788976140000}
{"after":{"bot_uniform_micro":null,"cu_p50":null,"entrants_300s":0,"entrants_60s":0,"fee_p90":null,"net_flow_micro":-2624831},"before":{"no_prior_flow":true},"event_gaps_in_window":0,"mint":"DCN1XGdUCMqrEXj86zF1WK9q3M8jYr8g8UBLbGVZpump","snapshot_drops_in_window":0,"t":1788976140000}
{"after":{"bot_uniform_micro":0,"cu_p50":93463,"entrants_300s":30,"entrants_60s":2,"fee_p90":1005000,"net_flow_micro":-1526169},"before":{"bot_uniform_micro":0,"cu_p50":93280,"entrants_300s":1,"entrants_60s":0,"fee_p90":94425,"net_flow_micro":-2962377},"event_gaps_in_window":0,"mint":"DDMR7vYbNLFimKJon4NgdJS2SFdzbiGEd7Axbs9ekTC1","snapshot_drops_in_window":0,"t":1788976140000}
{"after":{"bot_uniform_micro":0,"cu_p50":129911,"entrants_300s":3,"entrants_60s":3,"fee_p90":101014,"net_flow_micro":506830},"before":{"no_prior_flow":true},"event_gaps_in_window":0,"mint":"DSbWNgD484TszZdnXoFHH8xZsfSVRF2YHeH9S1j1pump","snapshot_drops_in_window":0,"t":1788976140000}
{"after":{"bot_uniform_micro":0,"cu_p50":117278,"entrants_300s":1,"entrants_60s":0,"fee_p90":101014,"net_flow_micro":7232},"before":{"no_prior_flow":true},"event_gaps_in_window":0,"mint":"Db3R16VcBSFPsmAiToqZwJ9A1wG3nFePM2vUw1d4pump","snapshot_drops_in_window":0,"t":1788976140000}
{"after":{"bot_uniform_micro":0,"cu_p50":150209,"entrants_300s":22,"entrants_60s":4,"fee_p90":1005000,"net_flow_micro":2082911},"before":{"no_prior_flow":true},"event_gaps_in_window":0,"mint":"DnjxjnV5XTDKq9nMzrSPer7zKpvBmLgmd27iDwXApump","snapshot_drops_in_window":0,"t":1788976140000}
{"after":{"bot_uniform_micro":300000,"cu_p50":106891,"entrants_300s":10,"entrants_60s":1,"fee_p90":159000,"net_flow_micro":2769703},"before":{"no_prior_flow":true},"event_gaps_in_window":0,"mint":"Dp9gxFemyiHfVMTLdFhjP7h1EnHTe4Ki6fEB6Mw3pump","snapshot_drops_in_window":0,"t":1788976140000}
{"after":{"bot_uniform_micro":0,"cu_p50":99605,"entrants_300s":3,"entrants_60s":0,"fee_p90":120000,"net_flow_micro":1590882},"before":{"bot_uniform_micro":0,"cu_p50":104051,"entrants_300s":1,"entrants_60s":0,"fee_p90":79825,"net_flow_micro":884777},"event_gaps_in_window":0,"mint":"DqLsKkjYF9oBdALcxiifNntGzzWmhtiMZnUHWPqhWuKH","snapshot_drops_in_window":0,"t":1788976140000}
{"after":{"bot_uniform_micro":null,"cu_p50":null,"entrants_300s":0,"entrants_60s":0,"fee_p90":null,"net_flow_micro":-7172},"before":{"no_prior_flow":true},"event_gaps_in_window":0,"mint":"Dsr5iNf2Ko5scKz2pR7iaAKz4bUjquvT7KeQvB88pump","snapshot_drops_in_window":0,"t":1788976140000}
{"after":{"bot_uniform_micro":null,"cu_p50":null,"entrants_300s":0,"entrants_60s":0,"fee_p90":null,"net_flow_micro":-2294915},"before":{"no_prior_flow":true},"event_gaps_in_window":0,"mint":"DtHH4ZvyDusSzecfWnYxN1L68Jc31bN7nx8bckEmpump","snapshot_drops_in_window":0,"t":1788976140000}
{"after":{"bot_uniform_micro":0,"cu_p50":83404,"entrants_300s":1,"entrants_60s":0,"fee_p90":50005000,"net_flow_micro":-4547477},"before":{"bot_uniform_micro":null,"cu_p50":null,"entrants_300s":0,"entrants_60s":0,"fee_p90":null,"net_flow_micro":-236650},"event_gaps_in_window":0,"mint":"DvSwPkzWJrDrQY6SjSdbzzLN4A1Yyuo69WKJPBWspump","snapshot_drops_in_window":0,"t":1788976140000}
{"after":{"bot_uniform_micro":0,"cu_p50":122363,"entrants_300s":7,"entrants_60s":6,"fee_p90":101014,"net_flow_micro":0},"before":{"bot_uniform_micro":null,"cu_p50":null,"entrants_300s":0,"entrants_60s":0,"fee_p90":null,"net_flow_micro":-16367560},"event_gaps_in_window":0,"mint":"E2zcsGpw25N2xqdWPMoyneqGJeup2ygM9n4n7uRqpump","snapshot_drops_in_window":5,"t":1788976140000}
{"after":{"bot_uniform_micro":0,"cu_p50":207442,"entrants_300s":1,"entrants_60s":0,"fee_p90":14000,"net_flow_micro":152861},"before":{"no_prior_flow":true},"event_gaps_in_window":0,"mint":"E8PbrUKnXkNKqeW8A7J9xd729eiNAPPBKfRKxV9qpump","snapshot_drops_in_window":0,"t":1788976140000}
{"after":{"bot_uniform_micro":0,"cu_p50":89020,"entrants_300s":10,"entrants_60s":0,"fee_p90":325000,"net_flow_micro":1132935},"before":{"no_prior_flow":true},"event_gaps_in_window":0,"mint":"EBRbgGkviq4qxTK7KVbMgrGLVx8sLBpfHJZphCdppump","snapshot_drops_in_window":0,"t":1788976140000}
{"after":{"bot_uniform_micro":0,"cu_p50":93898,"entrants_300s":16,"entrants_60s":2,"fee_p90":2205000,"net_flow_micro":0},"before":{"no_prior_flow":true},"event_gaps_in_window":0,"mint":"EEjY7gukCHMa27GwmWqydsVcoFtKE8ftBiFvEwtupump","snapshot_drops_in_window":0,"t":1788976140000}
{"after":{"bot_uniform_micro":0,"cu_p50":115023,"entrants_300s":21,"entrants_60s":0,"fee_p90":155000,"net_flow_micro":-4925493},"before":{"no_prior_flow":true},"event_gaps_in_window":0,"mint":"EKY7EeT6WUAiRJNxcyTMDKcYyqESM3Ht25diPTN2pump","snapshot_drops_in_window":0,"t":1788976140000}
{"after":{"bot_uniform_micro":0,"cu_p50":98166,"entrants_300s":3,"entrants_60s":0,"fee_p90":1335000,"net_flow_micro":890872},"before":{"no_prior_flow":true},"event_gaps_in_window":0,"mint":"EQ3juekNUnWbQzkhBpuPoDwHXXuiRzuiw2oRbNHEpump","snapshot_drops_in_window":0,"t":1788976140000}
{"after":{"bot_uniform_micro":0,"cu_p50":154784,"entrants_300s":2,"entrants_60s":1,"fee_p90":80001,"net_flow_micro":1461062},"before":{"no_prior_flow":true},"event_gaps_in_window":0,"mint":"EWfb1SZmwgbM33ak9D9inPnLm78mwJDGce4jyiK4pump","snapshot_drops_in_window":0,"t":1788976140000}
{"after":{"bot_uniform_micro":0,"cu_p50":128059,"entrants_300s":9,"entrants_60s":0,"fee_p90":653451,"net_flow_micro":1870604},"before":{"no_prior_flow":true},"event_gaps_in_window":0,"mint":"EYKzyYrf4q5zGJBszrDGjz2J2LZmGH3x7RXWpmzBpump","snapshot_drops_in_window":0,"t":1788976140000}
{"after":{"bot_uniform_micro":183486,"cu_p50":126288,"entrants_300s":30,"entrants_60s":20,"fee_p90":101014,"net_flow_micro":81801},"before":{"bot_uniform_micro":0,"cu_p50":126286,"entrants_300s":2,"entrants_60s":1,"fee_p90":101014,"net_flow_micro":233397},"event_gaps_in_window":0,"mint":"EqeXHX7YVFuoGDuBh1wcQvUcc41J9qyXNNEozF2opump","snapshot_drops_in_window":5,"t":1788976140000}
{"after":{"bot_uniform_micro":null,"cu_p50":null,"entrants_300s":0,"entrants_60s":0,"fee_p90":null,"net_flow_micro":0},"before":{"no_prior_flow":true},"event_gaps_in_window":0,"mint":"EwzdTm98vnwetWYXucw5qCEsFBwwC7oQjsmHT6d7pump","snapshot_drops_in_window":0,"t":1788976140000}
{"after":{"bot_uniform_micro":0,"cu_p50":184883,"entrants_300s":8,"entrants_60s":0,"fee_p90":15000,"net_flow_micro":-1575845},"before":{"no_prior_flow":true},"event_gaps_in_window":0,"mint":"FCcMhUa1MJsCZRyj17QHJuAFAK2j229T1Dc9ymjKpump","snapshot_drops_in_window":0,"t":1788976140000}
{"after":{"bot_uniform_micro":0,"cu_p50":114598,"entrants_300s":5,"entrants_60s":4,"fee_p90":72206,"net_flow_micro":310025},"before":{"no_prior_flow":true},"event_gaps_in_window":0,"mint":"FL75A9Qyp4LpmXKc2X3GWTvGgPd4mwWhVMiqwsj2tDwj","snapshot_drops_in_window":0,"t":1788976140000}
{"after":{"bot_uniform_micro":0,"cu_p50":155249,"entrants_300s":20,"entrants_60s":1,"fee_p90":744985,"net_flow_micro":-13745247},"before":{"bot_uniform_micro":null,"cu_p50":null,"entrants_300s":0,"entrants_60s":0,"fee_p90":null,"net_flow_micro":0},"event_gaps_in_window":0,"mint":"FREoocUFHTh7VepWTAtHFis3897ssDPYA1EBvdTapump","snapshot_drops_in_window":0,"t":1788976140000}
{"after":{"bot_uniform_micro":0,"cu_p50":101174,"entrants_300s":22,"entrants_60s":0,"fee_p90":189805,"net_flow_micro":197602},"before":{"no_prior_flow":true},"event_gaps_in_window":0,"mint":"FRKif82x7DNTY4uy6LdPeCD5MNNixTA525PvuRabpump","snapshot_drops_in_window":0,"t":1788976140000}
{"after":{"bot_uniform_micro":null,"cu_p50":null,"entrants_300s":0,"entrants_60s":0,"fee_p90":null,"net_flow_micro":-31585},"before":{"bot_uniform_micro":null,"cu_p50":null,"entrants_300s":0,"entrants_60s":0,"fee_p90":null,"net_flow_micro":0},"event_gaps_in_window":0,"mint":"FY3mQ351mRQVicM26UXZ3f2Sj92tkjhEXEsuM9YfH93e","snapshot_drops_in_window":0,"t":1788976140000}
{"after":{"bot_uniform_micro":0,"cu_p50":104297,"entrants_300s":11,"entrants_60s":11,"fee_p90":305000,"net_flow_micro":637930},"before":{"no_prior_flow":true},"event_gaps_in_window":0,"mint":"FYAuc8Q88xTwxksJgPw97Peq9c49V5bSg1xSPF5fpump","snapshot_drops_in_window":0,"t":1788976140000}
{"after":{"bot_uniform_micro":0,"cu_p50":148763,"entrants_300s":8,"entrants_60s":0,"fee_p90":180873,"net_flow_micro":-4770681},"before":{"bot_uniform_micro":null,"cu_p50":null,"entrants_300s":0,"entrants_60s":0,"fee_p90":null,"net_flow_micro":0},"event_gaps_in_window":0,"mint":"FaJsHUZmyHsZTRtMQ6AxYXGgoVSDsjWjZQXokUuTpump","snapshot_drops_in_window":0,"t":1788976140000}
{"after":{"bot_uniform_micro":0,"cu_p50":98301,"entrants_300s":9,"entrants_60s":9,"fee_p90":50005000,"net_flow_micro":85005359},"before":{"no_prior_flow":true},"event_gaps_in_window":0,"mint":"Ff4MYFBdABmqwuqQ55jRsFWZgBYt7qgm7FE7jJBTpump","snapshot_drops_in_window":0,"t":1788976140000}
{"after":{"bot_uniform_micro":0,"cu_p50":100148,"entrants_300s":16,"entrants_60s":0,"fee_p90":1891793,"net_flow_micro":708052},"before":{"no_prior_flow":true},"event_gaps_in_window":0,"mint":"FtxzjQoetTfUnM16iGNfYPm9G8z3UXVRF7vpDiqEpump","snapshot_drops_in_window":0,"t":1788976140000}
{"after":{"bot_uniform_micro":null,"cu_p50":null,"entrants_300s":0,"entrants_60s":0,"fee_p90":null,"net_flow_micro":0},"before":{"no_prior_flow":true},"event_gaps_in_window":0,"mint":"GC87Z47XsT6GnrRQjXwRkHLg4qSUXrtk7dzyBpSnpump","snapshot_drops_in_window":0,"t":1788976140000}
{"after":{"bot_uniform_micro":0,"cu_p50":122689,"entrants_300s":8,"entrants_60s":8,"fee_p90":26000,"net_flow_micro":1695237},"before":{"no_prior_flow":true},"event_gaps_in_window":0,"mint":"GCMv59JvZCZwknskC7cMCf63LkzzT5bwV2qGdK5Ppump","snapshot_drops_in_window":0,"t":1788976140000}
{"after":{"bot_uniform_micro":null,"cu_p50":null,"entrants_300s":0,"entrants_60s":0,"fee_p90":null,"net_flow_micro":0},"before":{"no_prior_flow":true},"event_gaps_in_window":0,"mint":"GLteMVHGWknSNvCAeVxiePAN6Fuje6yaUmEn4WvZpump","snapshot_drops_in_window":0,"t":1788976140000}
{"after":{"bot_uniform_micro":0,"cu_p50":86318,"entrants_300s":1,"entrants_60s":0,"fee_p90":1005000,"net_flow_micro":-25378886},"before":{"bot_uniform_micro":null,"cu_p50":null,"entrants_300s":0,"entrants_60s":0,"fee_p90":null,"net_flow_micro":-744280},"event_gaps_in_window":0,"mint":"GR867ubpr6onDw7pjSPYGsHmpLb7QL9VuBZxD3R7pump","snapshot_drops_in_window":0,"t":1788976140000}
{"after":{"bot_uniform_micro":0,"cu_p50":111900,"entrants_300s":12,"entrants_60s":0,"fee_p90":189805,"net_flow_micro":0},"before":{"no_prior_flow":true},"event_gaps_in_window":0,"mint":"GSGea6zU4yj7HBsumad9RqtNV53pLdvqrSyPAXJ4pump","snapshot_drops_in_window":0,"t":1788976140000}
{"after":{"bot_uniform_micro":0,"cu_p50":79595,"entrants_300s":9,"entrants_60s":0,"fee_p90":410000,"net_flow_micro":6058909},"before":{"no_prior_flow":true},"event_gaps_in_window":0,"mint":"GT64PB7cJs3UJnc2GYW4VFTQRyKEbzwR7DCfKFyMjRrb","snapshot_drops_in_window":0,"t":1788976140000}
{"after":{"bot_uniform_micro":0,"cu_p50":103644,"entrants_300s":5,"entrants_60s":0,"fee_p90":1005000,"net_flow_micro":98028},"before":{"no_prior_flow":true},"event_gaps_in_window":0,"mint":"GbBd7rAjqeNWKZzA8xGruE8nrh2nEbAcy7JNZTGfpump","snapshot_drops_in_window":0,"t":1788976140000}
{"after":{"bot_uniform_micro":null,"cu_p50":null,"entrants_300s":0,"entrants_60s":0,"fee_p90":null,"net_flow_micro":-1057117},"before":{"no_prior_flow":true},"event_gaps_in_window":0,"mint":"H4uzHREeMpSmWjMWtaZqGQkACBnYEWaDDhVn9Frppump","snapshot_drops_in_window":0,"t":1788976140000}
{"after":{"bot_uniform_micro":0,"cu_p50":90938,"entrants_300s":2,"entrants_60s":0,"fee_p90":430417,"net_flow_micro":96227},"before":{"no_prior_flow":true},"event_gaps_in_window":0,"mint":"H64QZNBvRXfDsY1VzNdt96Mb2M8CqbaP6U3djy6kpump","snapshot_drops_in_window":0,"t":1788976140000}
{"after":{"bot_uniform_micro":null,"cu_p50":null,"entrants_300s":0,"entrants_60s":0,"fee_p90":null,"net_flow_micro":-311479},"before":{"bot_uniform_micro":null,"cu_p50":null,"entrants_300s":0,"entrants_60s":0,"fee_p90":null,"net_flow_micro":0},"event_gaps_in_window":0,"mint":"HJk1HFcvgLqkVnEgNX1bLnXS382SAPVgiQigA7Fnpump","snapshot_drops_in_window":0,"t":1788976140000}
{"after":{"bot_uniform_micro":0,"cu_p50":106406,"entrants_300s":286,"entrants_60s":64,"fee_p90":1005000,"net_flow_micro":34445796},"before":{"bot_uniform_micro":0,"cu_p50":138083,"entrants_300s":1,"entrants_60s":0,"fee_p90":1505000,"net_flow_micro":394727},"event_gaps_in_window":0,"mint":"HVcoQEjRnZJhYaorKWtBEDmYGSdekEbkqZaM4Da5pump","snapshot_drops_in_window":0,"t":1788976140000}
{"after":{"bot_uniform_micro":0,"cu_p50":231683,"entrants_300s":2,"entrants_60s":0,"fee_p90":80001,"net_flow_micro":668655},"before":{"no_prior_flow":true},"event_gaps_in_window":0,"mint":"HdPL4bP6smyfumoQhEPpkrAb4qpz3uvKZH4kdtFQpump","snapshot_drops_in_window":0,"t":1788976140000}
{"after":{"bot_uniform_micro":0,"cu_p50":122272,"entrants_300s":2,"entrants_60s":2,"fee_p90":101014,"net_flow_micro":-36549},"before":{"no_prior_flow":true},"event_gaps_in_window":0,"mint":"HrENr8Q1HzugCpFgsTU86FcAgNtH5hFQzSiuXKk8pump","snapshot_drops_in_window":0,"t":1788976140000}
{"after":{"bot_uniform_micro":250000,"cu_p50":120728,"entrants_300s":9,"entrants_60s":5,"fee_p90":101014,"net_flow_micro":4407120},"before":{"bot_uniform_micro":0,"cu_p50":120496,"entrants_300s":1,"entrants_60s":1,"fee_p90":101014,"net_flow_micro":1093378},"event_gaps_in_window":0,"mint":"HwZG8enmej8axcsky3VjpDKug7zYf2tExPLUWGJPpump","snapshot_drops_in_window":1,"t":1788976140000}
{"after":{"bot_uniform_micro":null,"cu_p50":null,"entrants_300s":0,"entrants_60s":0,"fee_p90":null,"net_flow_micro":-55},"before":{"no_prior_flow":true},"event_gaps_in_window":0,"mint":"Hy9XZ4Ae4oKtXYfuFzWkoNV18teCTpvWWu5PFD9Bpump","snapshot_drops_in_window":0,"t":1788976140000}
{"after":{"bot_uniform_micro":0,"cu_p50":149308,"entrants_300s":1,"entrants_60s":0,"fee_p90":9000,"net_flow_micro":264117},"before":{"bot_uniform_micro":null,"cu_p50":null,"entrants_300s":0,"entrants_60s":0,"fee_p90":null,"net_flow_micro":0},"event_gaps_in_window":0,"mint":"J4J7wFFndrNKhDa4rrMB9Amsqvqzk2uaJZDpStnUpump","snapshot_drops_in_window":0,"t":1788976140000}
{"after":{"bot_uniform_micro":null,"cu_p50":null,"entrants_300s":0,"entrants_60s":0,"fee_p90":null,"net_flow_micro":-325009},"before":{"no_prior_flow":true},"event_gaps_in_window":0,"mint":"JDrkAK8QdeXD4NUxci6ANV8KSQkNvvnmLVZundL5ihey","snapshot_drops_in_window":0,"t":1788976140000}
{"after":{"bot_uniform_micro":0,"cu_p50":126895,"entrants_300s":2,"entrants_60s":2,"fee_p90":101014,"net_flow_micro":-25008034},"before":{"no_prior_flow":true},"event_gaps_in_window":0,"mint":"9w5gWetsKYZdMCJAA3URwcf8arGeAQmHT13Pdvgpump","snapshot_drops_in_window":0,"t":1788976200000}
{"after":{"bot_uniform_micro":null,"cu_p50":null,"entrants_300s":0,"entrants_60s":0,"fee_p90":null,"net_flow_micro":0},"before":{"bot_uniform_micro":null,"cu_p50":null,"entrants_300s":0,"entrants_60s":0,"fee_p90":null,"net_flow_micro":0},"event_gaps_in_window":0,"mint":"GrEpzw6CV42tY8gct9z6TZXCmCuzuPKh6eSiqD6pump","snapshot_drops_in_window":0,"t":1788976200000}
{"after":{"bot_uniform_micro":0,"cu_p50":142623,"entrants_300s":2,"entrants_60s":0,"fee_p90":14000,"net_flow_micro":-18007769},"before":{"no_prior_flow":true},"event_gaps_in_window":0,"mint":"JKqjiwqwFtuWLFQj4bkVgfkUDEx1RyQ9n1z7eBDpump","snapshot_drops_in_window":0,"t":1788976200000}
{"after":{"bot_uniform_micro":638655,"cu_p50":92406,"entrants_300s":22,"entrants_60s":0,"fee_p90":110001,"net_flow_micro":-75493},"before":{"bot_uniform_micro":0,"cu_p50":133683,"entrants_300s":1,"entrants_60s":0,"fee_p90":101014,"net_flow_micro":-988510},"event_gaps_in_window":0,"mint":"U17QJMm3GYxikj6sUNjN822T4BGtmcmXVWK3k13pump","snapshot_drops_in_window":2,"t":1788976200000}
{"after":{"bot_uniform_micro":0,"cu_p50":135907,"entrants_300s":5,"entrants_60s":5,"fee_p90":315103,"net_flow_micro":63960},"before":{"no_prior_flow":true},"event_gaps_in_window":0,"mint":"YWRtq6bCrE8qv5Gy5ThwDsGBwFqXCbV36oPbqYkpump","snapshot_drops_in_window":0,"t":1788976200000}
{"after":{"bot_uniform_micro":0,"cu_p50":167962,"entrants_300s":3,"entrants_60s":0,"fee_p90":15000,"net_flow_micro":435479},"before":{"no_prior_flow":true},"event_gaps_in_window":0,"mint":"myXRAu9fN2YsLHjdCcAtwEVXgjELzFpCamj44oDpump","snapshot_drops_in_window":0,"t":1788976200000}
{"after":{"bot_uniform_micro":0,"cu_p50":83347,"entrants_300s":5,"entrants_60s":1,"fee_p90":155000,"net_flow_micro":1331606},"before":{"no_prior_flow":true},"event_gaps_in_window":0,"mint":"ssubrUTRUZtXfJ4FqsUxq9Ef2u68tx4uBfiCyDLpump","snapshot_drops_in_window":0,"t":1788976200000}
{"after":{"bot_uniform_micro":0,"cu_p50":106421,"entrants_300s":7,"entrants_60s":7,"fee_p90":305000,"net_flow_micro":639039},"before":{"no_prior_flow":true},"event_gaps_in_window":0,"mint":"wDuvBF18nWiEbzTQX9iTe8g7twfJ49bw6T5X3hkpump","snapshot_drops_in_window":0,"t":1788976200000}
{"after":{"bot_uniform_micro":0,"cu_p50":105586,"entrants_300s":12,"entrants_60s":0,"fee_p90":189803,"net_flow_micro":197500},"before":{"no_prior_flow":true},"event_gaps_in_window":0,"mint":"2LZjE1wjD25NxfcCZrKsALoeBPQnYzQoNFnDLcHypump","snapshot_drops_in_window":0,"t":1788976200000}
{"after":{"bot_uniform_micro":367925,"cu_p50":100866,"entrants_300s":81,"entrants_60s":9,"fee_p90":612824,"net_flow_micro":-17836199},"before":{"bot_uniform_micro":0,"cu_p50":98120,"entrants_300s":4,"entrants_60s":0,"fee_p90":1005000,"net_flow_micro":-5399724},"event_gaps_in_window":0,"mint":"2YuFLBKqmgBsxrbVgqRXgSrzwf6wyNCkCUAqUMEGpump","snapshot_drops_in_window":0,"t":1788976200000}
{"after":{"bot_uniform_micro":0,"cu_p50":91736,"entrants_300s":26,"entrants_60s":5,"fee_p90":137851,"net_flow_micro":3118690},"before":{"no_prior_flow":true},"event_gaps_in_window":0,"mint":"2ZKkVVkHUNTf5LfPnpudB7ANtACw8X9Tw7Lgcuxwpump","snapshot_drops_in_window":0,"t":1788976200000}
{"after":{"bot_uniform_micro":0,"cu_p50":181661,"entrants_300s":3,"entrants_60s":1,"fee_p90":1005000,"net_flow_micro":681640},"before":{"no_prior_flow":true},"event_gaps_in_window":0,"mint":"2h2GHqhJuR5kaG6Srwk45mCZZANCYxKuNSHtYjRRpump","snapshot_drops_in_window":0,"t":1788976200000}
{"after":{"bot_uniform_micro":null,"cu_p50":null,"entrants_300s":0,"entrants_60s":0,"fee_p90":null,"net_flow_micro":-1533798},"before":{"no_prior_flow":true},"event_gaps_in_window":0,"mint":"2hZPYB8ud7RUQAHkCmWvTcqB7YH1xfTAsAoUtDnFpump","snapshot_drops_in_window":0,"t":1788976200000}
{"after":{"bot_uniform_micro":0,"cu_p50":127670,"entrants_300s":4,"entrants_60s":4,"fee_p90":25777,"net_flow_micro":215638},"before":{"no_prior_flow":true},"event_gaps_in_window":0,"mint":"2zt5XGeXLFrcASYnYnefb5Ano3yofnoESDaK8v9ppump","snapshot_drops_in_window":0,"t":1788976200000}
{"after":{"bot_uniform_micro":462963,"cu_p50":90754,"entrants_300s":161,"entrants_60s":21,"fee_p90":1005000,"net_flow_micro":6702109},"before":{"bot_uniform_micro":0,"cu_p50":93325,"entrants_300s":13,"entrants_60s":2,"fee_p90":1005000,"net_flow_micro":4914358},"event_gaps_in_window":0,"mint":"3G6PAF448tZqGmjpxKHygkYUQbu7P1ZfscWAiDGLZyQf","snapshot_drops_in_window":0,"t":1788976200000}
{"after":{"bot_uniform_micro":330579,"cu_p50":127657,"entrants_300s":21,"entrants_60s":0,"fee_p90":225000,"net_flow_micro":10029},"before":{"bot_uniform_micro":0,"cu_p50":127787,"entrants_300s":1,"entrants_60s":0,"fee_p90":101014,"net_flow_micro":-180053},"event_gaps_in_window":0,"mint":"3ZVbE8NSiJbo2vcTMMpWgZxjnhz6GXysMFi8Xsxcpump","snapshot_drops_in_window":4,"t":1788976200000}
{"after":{"bot_uniform_micro":0,"cu_p50":120285,"entrants_300s":1,"entrants_60s":1,"fee_p90":101014,"net_flow_micro":-94424},"before":{"no_prior_flow":true},"event_gaps_in_window":0,"mint":"3aN56TN7nwtp8UqD5xZeye42KFcazmrprhWR7Gscpump","snapshot_drops_in_window":0,"t":1788976200000}
{"after":{"bot_uniform_micro":533333,"cu_p50":109696,"entrants_300s":50,"entrants_60s":0,"fee_p90":5105000,"net_flow_micro":0},"before":{"bot_uniform_micro":0,"cu_p50":93552,"entrants_300s":2,"entrants_60s":0,"fee_p90":430416,"net_flow_micro":1265688},"event_gaps_in_window":0,"mint":"3h3PBbX4RqVw3bQJtX7LdexADxNu3Ruc5pc7mQgvGw8a","snapshot_drops_in_window":0,"t":1788976200000}
{"after":{"bot_uniform_micro":98684,"cu_p50":140340,"entrants_300s":13,"entrants_60s":2,"fee_p90":101014,"net_flow_micro":15903},"before":{"bot_uniform_micro":0,"cu_p50":140036,"entrants_300s":1,"entrants_60s":0,"fee_p90":101014,"net_flow_micro":-1151960},"event_gaps_in_window":0,"mint":"3oV3dgtZv6TdMJe5993BtfGfHTA6E8Cbtf8Xjiodpump","snapshot_drops_in_window":2,"t":1788976200000}
{"after":{"bot_uniform_micro":null,"cu_p50":null,"entrants_300s":0,"entrants_60s":0,"fee_p90":null,"net_flow_micro":-29262},"before":{"no_prior_flow":true},"event_gaps_in_window":0,"mint":"3wJEdMysjAyMWC7WHMmnfMrNaryZG3rL54TdXBgiAh2u","snapshot_drops_in_window":0,"t":1788976200000}
{"after":{"bot_uniform_micro":287234,"cu_p50":102137,"entrants_300s":21,"entrants_60s":19,"fee_p90":110001,"net_flow_micro":655572},"before":{"bot_uniform_micro":0,"cu_p50":123335,"entrants_300s":1,"entrants_60s":1,"fee_p90":101014,"net_flow_micro":-3948897},"event_gaps_in_window":0,"mint":"3wQJbSgj3Vkg5oBoi77FCtWpyvvmkZrMJE5JnQbKpump","snapshot_drops_in_window":0,"t":1788976200000}
{"after":{"bot_uniform_micro":0,"cu_p50":105418,"entrants_300s":12,"entrants_60s":0,"fee_p90":976250,"net_flow_micro":10040170},"before":{"no_prior_flow":true},"event_gaps_in_window":0,"mint":"4cPYeu1LvXAZoQiXzfVhWHHfSrX3aXN51hDtVsfXpump","snapshot_drops_in_window":0,"t":1788976200000}
{"after":{"bot_uniform_micro":0,"cu_p50":265271,"entrants_300s":1,"entrants_60s":1,"fee_p90":15000,"net_flow_micro":244424},"before":{"no_prior_flow":true},"event_gaps_in_window":0,"mint":"4stGCNVB75Y4Zg4m6phtcwb5xXpZ7AAJwLtjU9NWpump","snapshot_drops_in_window":0,"t":1788976200000}
{"after":{"bot_uniform_micro":591584,"cu_p50":93164,"entrants_300s":348,"entrants_60s":0,"fee_p90":105000,"net_flow_micro":387223},"before":{"bot_uniform_micro":0,"cu_p50":93658,"entrants_300s":15,"entrants_60s":0,"fee_p90":430417,"net_flow_micro":-58546655},"event_gaps_in_window":0,"mint":"4t2DC7mis1squwKYqr6hDzn5uacbNEj7dAGrZ5H2pump","snapshot_drops_in_window":0,"t":1788976200000}
{"after":{"bot_uniform_micro":null,"cu_p50":null,"entrants_300s":0,"entrants_60s":0,"fee_p90":null,"net_flow_micro":0},"before":{"no_prior_flow":true},"event_gaps_in_window":0,"mint":"4wRmu5KY7X353uBHYsPJhvuRZc6MMzgsU8aGqXtupump","snapshot_drops_in_window":0,"t":1788976200000}
{"after":{"bot_uniform_micro":0,"cu_p50":112135,"entrants_300s":1,"entrants_60s":0,"fee_p90":5000,"net_flow_micro":0},"before":{"no_prior_flow":true},"event_gaps_in_window":0,"mint":"55qDmCPGUGdLAuN6rYzoqoTZ1xhKaRvDCQwZFB4mpump","snapshot_drops_in_window":0,"t":1788976200000}
{"after":{"bot_uniform_micro":0,"cu_p50":147897,"entrants_300s":2,"entrants_60s":2,"fee_p90":15000,"net_flow_micro":1781779},"before":{"no_prior_flow":true},"event_gaps_in_window":0,"mint":"59HjntGuHBw4Arse7vkPswA992vKApt7oPiSxfQDpump","snapshot_drops_in_window":0,"t":1788976200000}
{"after":{"bot_uniform_micro":0,"cu_p50":155629,"entrants_300s":4,"entrants_60s":0,"fee_p90":1005000,"net_flow_micro":1823992},"before":{"no_prior_flow":true},"event_gaps_in_window":0,"mint":"5KXYJ2XWf3qyApSRd9a22JuuDVe5hu41ym5GrhDRpump","snapshot_drops_in_window":0,"t":1788976200000}
{"after":{"bot_uniform_micro":500000,"cu_p50":99924,"entrants_300s":6,"entrants_60s":0,"fee_p90":1005000,"net_flow_micro":197488},"before":{"no_prior_flow":true},"event_gaps_in_window":0,"mint":"5Xtcvvo95MUT6g8XGGHkjeE1E7aMNvhaWvf355tCpump","snapshot_drops_in_window":0,"t":1788976200000}
{"after":{"bot_uniform_micro":0,"cu_p50":106211,"entrants_300s":4,"entrants_60s":0,"fee_p90":205000,"net_flow_micro":48273},"before":{"no_prior_flow":true},"event_gaps_in_window":0,"mint":"5bQNy6YoKA6BUKE1w1jiQBFAC9VVf5DpCZo7no4V7UG6","snapshot_drops_in_window":0,"t":1788976200000}
{"after":{"bot_uniform_micro":0,"cu_p50":215699,"entrants_300s":2,"entrants_60s":0,"fee_p90":92500,"net_flow_micro":4273106},"before":{"no_prior_flow":true},"event_gaps_in_window":0,"mint":"5c2dUt3MZTTqLGEBr28M9xLCiLxFvVQxgdr6ytLPpump","snapshot_drops_in_window":0,"t":1788976200000}
{"after":{"bot_uniform_micro":0,"cu_p50":135213,"entrants_300s":1,"entrants_60s":0,"fee_p90":6000,"net_flow_micro":0},"before":{"no_prior_flow":true},"event_gaps_in_window":0,"mint":"5cAz6tvPmNPQ5c6qA5RqjiQ6ea46Md3x8fUXGBHtpump","snapshot_drops_in_window":0,"t":1788976200000}
{"after":{"bot_uniform_micro":0,"cu_p50":175364,"entrants_300s":1,"entrants_60s":1,"fee_p90":15000,"net_flow_micro":-104233},"before":{"no_prior_flow":true},"event_gaps_in_window":0,"mint":"659xrvMd1Vdc7TUFQ2uL8hFMmbN3i52yqRX3HTGiEbnu","snapshot_drops_in_window":0,"t":1788976200000}
{"after":{"bot_uniform_micro":0,"cu_p50":93781,"entrants_300s":16,"entrants_60s":2,"fee_p90":555000,"net_flow_micro":2407246},"before":{"bot_uniform_micro":0,"cu_p50":95171,"entrants_300s":2,"entrants_60s":0,"fee_p90":125800,"net_flow_micro":1513535},"event_gaps_in_window":0,"mint":"66EWaJYEB5FapTkAZQA8UD6WMZqb3q9aeB66VHbtpump","snapshot_drops_in_window":0,"t":1788976200000}
{"after":{"bot_uniform_micro":495413,"cu_p50":98114,"entrants_300s":713,"entrants_60s":232,"fee_p90":605000,"net_flow_micro":42898454},"before":{"bot_uniform_micro":0,"cu_p50":98003,"entrants_300s":68,"entrants_60s":23,"fee_p90":430417,"net_flow_micro":50464366},"event_gaps_in_window":0,"mint":"67afrnTxo8DVc52Uev61Yo4Yr9BGQpRw1RpPMWcx42La","snapshot_drops_in_window":0,"t":1788976200000}
{"after":{"bot_uniform_micro":0,"cu_p50":123218,"entrants_300s":7,"entrants_60s":0,"fee_p90":108490,"net_flow_micro":247518},"before":{"bot_uniform_micro":null,"cu_p50":null,"entrants_300s":0,"entrants_60s":0,"fee_p90":null,"net_flow_micro":-106802},"event_gaps_in_window":0,"mint":"693pcjWS8HTmMsYtmpFEdVSbzjM4HxwGoSHwmU5ypump","snapshot_drops_in_window":0,"t":1788976200000}
{"after":{"bot_uniform_micro":0,"cu_p50":126840,"entrants_300s":5,"entrants_60s":3,"fee_p90":552501,"net_flow_micro":-718002},"before":{"no_prior_flow":true},"event_gaps_in_window":0,"mint":"6NwA7EAjVW1XoHj62964dH3Lh1qHtpSEeyhnWbHSpump","snapshot_drops_in_window":0,"t":1788976200000}
{"after":{"bot_uniform_micro":null,"cu_p50":null,"entrants_300s":0,"entrants_60s":0,"fee_p90":null,"net_flow_micro":-2324},"before":{"no_prior_flow":true},"event_gaps_in_window":0,"mint":"6T1BNshzGAKAHvJ3NZ5n62X2eg5rqqsMipUMZJvLpump","snapshot_drops_in_window":0,"t":1788976200000}
{"after":{"bot_uniform_micro":null,"cu_p50":null,"entrants_300s":0,"entrants_60s":0,"fee_p90":null,"net_flow_micro":-24241},"before":{"no_prior_flow":true},"event_gaps_in_window":0,"mint":"6XMzbhvvrCH1MVTrcnebhqmwej7ZUogdi91zorqNpump","snapshot_drops_in_window":0,"t":1788976200000}
{"after":{"bot_uniform_micro":0,"cu_p50":110192,"entrants_300s":19,"entrants_60s":0,"fee_p90":175836,"net_flow_micro":252147},"before":{"no_prior_flow":true},"event_gaps_in_window":0,"mint":"6dy2QbDi3FpiBm3QpTWKhypHeZJ224CV7mzSReTjpump","snapshot_drops_in_window":0,"t":1788976200000}
{"after":{"bot_uniform_micro":0,"cu_p50":223631,"entrants_300s":1,"entrants_60s":0,"fee_p90":80001,"net_flow_micro":-342455},"before":{"no_prior_flow":true},"event_gaps_in_window":0,"mint":"6faFcTYnxVtvtFvq3KmZbpUHmaDMsgWExKbg2QTXpump","snapshot_drops_in_window":0,"t":1788976200000}
{"after":{"bot_uniform_micro":null,"cu_p50":null,"entrants_300s":0,"entrants_60s":0,"fee_p90":null,"net_flow_micro":0},"before":{"bot_uniform_micro":null,"cu_p50":null,"entrants_300s":0,"entrants_60s":0,"fee_p90":null,"net_flow_micro":0},"event_gaps_in_window":0,"mint":"6ocz1wL9hdCwgwWRUSgeNCLSQrME2UUNiC9es5kGpump","snapshot_drops_in_window":0,"t":1788976200000}
{"after":{"bot_uniform_micro":153846,"cu_p50":114845,"entrants_300s":6,"entrants_60s":4,"fee_p90":101014,"net_flow_micro":228247},"before":{"bot_uniform_micro":0,"cu_p50":114871,"entrants_300s":1,"entrants_60s":0,"fee_p90":101014,"net_flow_micro":2111514},"event_gaps_in_window":0,"mint":"6ufF263czGFhTSzCD5jSeyMLQhTdVENrKCAHuoEjpump","snapshot_drops_in_window":3,"t":1788976200000}
{"after":{"bot_uniform_micro":0,"cu_p50":179347,"entrants_300s":1,"entrants_60s":0,"fee_p90":15000,"net_flow_micro":-1448760},"before":{"no_prior_flow":true},"event_gaps_in_window":0,"mint":"77CHZyKTgGjysxrfgYaTWJQ1vG17NKHewHfFV2Nqpump","snapshot_drops_in_window":0,"t":1788976200000}
{"after":{"bot_uniform_micro":19293,"cu_p50":102510,"entrants_300s":283,"entrants_60s":177,"fee_p90":1005000,"net_flow_micro":17630364},"before":{"bot_uniform_micro":0,"cu_p50":125094,"entrants_300s":4,"entrants_60s":3,"fee_p90":505000,"net_flow_micro":2520778},"event_gaps_in_window":0,"mint":"79E5qoP8aZRU6tsq7oLVL3CY3TGu6or9uiQgntiTpump","snapshot_drops_in_window":0,"t":1788976200000}
{"after":{"bot_uniform_micro":0,"cu_p50":170990,"entrants_300s":10,"entrants_60s":0,"fee_p90":25001,"net_flow_micro":639488},"before":{"no_prior_flow":true},"event_gaps_in_window":0,"mint":"7CwLRAyJe5UbhRe4ZzVdjwM2bX3BDfYnsrRcynwM9j6G","snapshot_drops_in_window":0,"t":1788976200000}
{"after":{"bot_uniform_micro":0,"cu_p50":215803,"entrants_300s":1,"entrants_60s":1,"fee_p90":64391,"net_flow_micro":1975309},"before":{"no_prior_flow":true},"event_gaps_in_window":0,"mint":"7Qw6eV68J1wAK4YjRbkaswsWoYZtvo1krYFiBR3Lpump","snapshot_drops_in_window":0,"t":1788976200000}
{"after":{"bot_uniform_micro":0,"cu_p50":158540,"entrants_300s":1,"entrants_60s":1,"fee_p90":15000,"net_flow_micro":-1386788},"before":{"no_prior_flow":true},"event_gaps_in_window":0,"mint":"7aGvGRwpXexuaziL1pYpmKyLqaxCYecumzQHAHfgpump","snapshot_drops_in_window":0,"t":1788976200000}
{"after":{"bot_uniform_micro":null,"cu_p50":null,"entrants_300s":0,"entrants_60s":0,"fee_p90":null,"net_flow_micro":0},"before":{"no_prior_flow":true},"event_gaps_in_window":0,"mint":"7eiS447TVyaMEU48iAEXWtSQM4ufP9Hc9feSi8yapump","snapshot_drops_in_window":0,"t":1788976200000}
{"after":{"bot_uniform_micro":0,"cu_p50":180095,"entrants_300s":3,"entrants_60s":3,"fee_p90":75000,"net_flow_micro":19956},"before":{"no_prior_flow":true},"event_gaps_in_window":0,"mint":"7qiJBC6Rt1h8FjyHfWD9ZGH7caiSTnwaiCMqoasCpump","snapshot_drops_in_window":0,"t":1788976200000}
{"after":{"bot_uniform_micro":120000,"cu_p50":92189,"entrants_300s":59,"entrants_60s":2,"fee_p90":317819,"net_flow_micro":4963012},"before":{"bot_uniform_micro":0,"cu_p50":92239,"entrants_300s":4,"entrants_60s":0,"fee_p90":1005000,"net_flow_micro":7254305},"event_gaps_in_window":0,"mint":"7v2EzuBBLAagvYUr1SCCcRQQGPjmmEecYAxMhKe4Xy2o","snapshot_drops_in_window":0,"t":1788976200000}
{"after":{"bot_uniform_micro":0,"cu_p50":141888,"entrants_300s":4,"entrants_60s":4,"fee_p90":101014,"net_flow_micro":0},"before":{"no_prior_flow":true},"event_gaps_in_window":0,"mint":"7wGgUhpFYpuF3jSQKsRV5hjJPtyrjgkKPtGQxo6fpump","snapshot_drops_in_window":1,"t":1788976200000}
{"after":{"bot_uniform_micro":0,"cu_p50":86122,"entrants_300s":11,"entrants_60s":11,"fee_p90":345704,"net_flow_micro":4123717},"before":{"no_prior_flow":true},"event_gaps_in_window":0,"mint":"7zLuXWjiPRQDo5nVsxjztZkZKassAvWiU1UhWi1Npump","snapshot_drops_in_window":0,"t":1788976200000}
{"after":{"bot_uniform_micro":202532,"cu_p50":93407,"entrants_300s":66,"entrants_60s":66,"fee_p90":1205000,"net_flow_micro":17537668},"before":{"bot_uniform_micro":0,"cu_p50":104169,"entrants_300s":4,"entrants_60s":4,"fee_p90":86290,"net_flow_micro":-2561917},"event_gaps_in_window":0,"mint":"82riCJH8CEcDZMTGvafMVshNWJYzjQ1d2wY1ZiXepump","snapshot_drops_in_window":0,"t":1788976200000}
{"after":{"bot_uniform_micro":256410,"cu_p50":118758,"entrants_300s":21,"entrants_60s":13,"fee_p90":101014,"net_flow_micro":72185},"before":{"no_prior_flow":true},"event_gaps_in_window":0,"mint":"88auzB8y5zn4Qo5Lu7pyRifrj9R4hBB8tzLT7yd4pump","snapshot_drops_in_window":0,"t":1788976200000}
{"after":{"bot_uniform_micro":125000,"cu_p50":219381,"entrants_300s":22,"entrants_60s":4,"fee_p90":674798,"net_flow_micro":9652520},"before":{"bot_uniform_micro":null,"cu_p50":null,"entrants_300s":0,"entrants_60s":0,"fee_p90":null,"net_flow_micro":0},"event_gaps_in_window":0,"mint":"8CUkfgU3w5zxWP27v9B9mef15sL23fzxYvw23wbPpump","snapshot_drops_in_window":0,"t":1788976200000}
{"after":{"bot_uniform_micro":117647,"cu_p50":147184,"entrants_300s":11,"entrants_60s":0,"fee_p90":133001,"net_flow_micro":-25319},"before":{"bot_uniform_micro":0,"cu_p50":147288,"entrants_300s":1,"entrants_60s":0,"fee_p90":101014,"net_flow_micro":-38267},"event_gaps_in_window":0,"mint":"8JJZS5k9FtEzCxhYzB7R3r2XXoLfBtVxEjvKuxcEpump","snapshot_drops_in_window":5,"t":1788976200000}
{"after":{"bot_uniform_micro":null,"cu_p50":null,"entrants_300s":0,"entrants_60s":0,"fee_p90":null,"net_flow_micro":0},"before":{"no_prior_flow":true},"event_gaps_in_window":0,"mint":"8NNG2iEQedAqcYSGV5qP5t49VXMbNEF1EhKFbQrfpump","snapshot_drops_in_window":0,"t":1788976200000}
{"after":{"bot_uniform_micro":0,"cu_p50":149090,"entrants_300s":3,"entrants_60s":0,"fee_p90":218389,"net_flow_micro":43384},"before":{"no_prior_flow":true},"event_gaps_in_window":0,"mint":"8PQHzitteX1SjSVmGN7qSPtk2Hr9rV5QeDD1NnX8pump","snapshot_drops_in_window":0,"t":1788976200000}
{"after":{"bot_uniform_micro":0,"cu_p50":69102,"entrants_300s":1,"entrants_60s":1,"fee_p90":5000,"net_flow_micro":0},"before":{"no_prior_flow":true},"event_gaps_in_window":0,"mint":"8TKfTQ3ca21iCqbV8c9QqSrBWBEkB6qmquktT2C5pump","snapshot_drops_in_window":0,"t":1788976200000}
{"after":{"bot_uniform_micro":null,"cu_p50":null,"entrants_300s":0,"entrants_60s":0,"fee_p90":null,"net_flow_micro":-76951},"before":{"no_prior_flow":true},"event_gaps_in_window":0,"mint":"8WvuNc9Pi7y2ML2ceBfittZNbmWBrWHLK9DviAxjpump","snapshot_drops_in_window":0,"t":1788976200000}
{"after":{"bot_uniform_micro":0,"cu_p50":96806,"entrants_300s":9,"entrants_60s":0,"fee_p90":105000,"net_flow_micro":550736},"before":{"no_prior_flow":true},"event_gaps_in_window":0,"mint":"8Xf2TSBVx9NEfum7HmR4kELZAW9iLT264Nnj8aHepump","snapshot_drops_in_window":0,"t":1788976200000}
{"after":{"bot_uniform_micro":157895,"cu_p50":88807,"entrants_300s":18,"entrants_60s":3,"fee_p90":67500,"net_flow_micro":8532644},"before":{"no_prior_flow":true},"event_gaps_in_window":0,"mint":"8g7fdfaWLw2SXn3XuaMhQKF3uMtFJzANGvjY7k1kpump","snapshot_drops_in_window":0,"t":1788976200000}
{"after":{"bot_uniform_micro":0,"cu_p50":165968,"entrants_300s":2,"entrants_60s":0,"fee_p90":552501,"net_flow_micro":181285},"before":{"no_prior_flow":true},"event_gaps_in_window":0,"mint":"8j3rbmt4EjnCxFh973v3YH6CGPzoHq6rAfXqgT3dpump","snapshot_drops_in_window":0,"t":1788976200000}
{"after":{"bot_uniform_micro":0,"cu_p50":194657,"entrants_300s":4,"entrants_60s":0,"fee_p90":970560,"net_flow_micro":-5564499},"before":{"bot_uniform_micro":0,"cu_p50":343272,"entrants_300s":1,"entrants_60s":0,"fee_p90":970560,"net_flow_micro":604841},"event_gaps_in_window":0,"mint":"8kEuFRzK9yks1UuNnDeFaCCmgMsuVmbKKfrL9dEypump","snapshot_drops_in_window":0,"t":1788976200000}
{"after":{"bot_uniform_micro":0,"cu_p50":120413,"entrants_300s":3,"entrants_60s":0,"fee_p90":101014,"net_flow_micro":-43766},"before":{"no_prior_flow":true},"event_gaps_in_window":0,"mint":"97JfxSTAAyuLUzjakvb7Pshi4CJqkS5tLs9auCMCpump","snapshot_drops_in_window":0,"t":1788976200000}
{"after":{"bot_uniform_micro":null,"cu_p50":null,"entrants_300s":0,"entrants_60s":0,"fee_p90":null,"net_flow_micro":-216968},"before":{"no_prior_flow":true},"event_gaps_in_window":0,"mint":"97MZRRSeEZSWXa6cHu3capuoZz13HViWGSWjNGffpump","snapshot_drops_in_window":0,"t":1788976200000}
{"after":{"bot_uniform_micro":0,"cu_p50":103560,"entrants_300s":3,"entrants_60s":0,"fee_p90":60784,"net_flow_micro":231960},"before":{"no_prior_flow":true},"event_gaps_in_window":0,"mint":"98X3nj8nmVGyKGr31kEZ5u4N6mge2dNjG8bEAu1cpump","snapshot_drops_in_window":0,"t":1788976200000}
{"after":{"bot_uniform_micro":281250,"cu_p50":88128,"entrants_300s":22,"entrants_60s":1,"fee_p90":480344,"net_flow_micro":-27526345},"before":{"bot_uniform_micro":null,"cu_p50":null,"entrants_300s":0,"entrants_60s":0,"fee_p90":null,"net_flow_micro":0},"event_gaps_in_window":0,"mint":"9UkQpLXBJXFRiwH69HqSt52mwmZrL5VYiBiwzAtqpump","snapshot_drops_in_window":0,"t":1788976200000}
{"after":{"bot_uniform_micro":0,"cu_p50":106078,"entrants_300s":4,"entrants_60s":4,"fee_p90":1025000,"net_flow_micro":6561728},"before":{"no_prior_flow":true},"event_gaps_in_window":0,"mint":"9vuwHRRvR4H6typ99U6DqgrsBgbrvEELJrxPCPjHpump","snapshot_drops_in_window":0,"t":1788976200000}
{"after":{"bot_uniform_micro":419672,"cu_p50":120575,"entrants_300s":177,"entrants_60s":30,"fee_p90":1005000,"net_flow_micro":-31234087},"before":{"bot_uniform_micro":0,"cu_p50":105406,"entrants_300s":10,"entrants_60s":0,"fee_p90":905067,"net_flow_micro":-9849554},"event_gaps_in_window":0,"mint":"A1saYxATRfsHMop5J7kRnRJBn3Yckho1D2m146impump","snapshot_drops_in_window":0,"t":1788976200000}
{"after":{"bot_uniform_micro":553191,"cu_p50":136813,"entrants_300s":21,"entrants_60s":5,"fee_p90":410000,"net_flow_micro":-3755093},"before":{"no_prior_flow":true},"event_gaps_in_window":0,"mint":"A3axJLvQXKj2i2gEMkSq9gx7pC77CDYEcnZi6xPEpump","snapshot_drops_in_window":0,"t":1788976200000}
{"after":{"bot_uniform_micro":0,"cu_p50":96765,"entrants_300s":7,"entrants_60s":0,"fee_p90":92500,"net_flow_micro":-656934},"before":{"no_prior_flow":true},"event_gaps_in_window":0,"mint":"A56gtWXL96fS94zo5C36WCKHtdRC1unGrtXUHDCGpump","snapshot_drops_in_window":0,"t":1788976200000}
{"after":{"bot_uniform_micro":0,"cu_p50":120851,"entrants_300s":3,"entrants_60s":1,"fee_p90":101014,"net_flow_micro":0},"before":{"no_prior_flow":true},"event_gaps_in_window":0,"mint":"AE93JAYH9oNrNhaKD9MqCUTDmuAAwpAQA2bzhmBUpump","snapshot_drops_in_window":0,"t":1788976200000}
{"after":{"bot_uniform_micro":0,"cu_p50":319515,"entrants_300s":3,"entrants_60s":2,"fee_p90":410000,"net_flow_micro":-656342},"before":{"no_prior_flow":true},"event_gaps_in_window":0,"mint":"AScFao7bzbdJh7rBiF4yFqcY26dPdRqGffRttTYMpump","snapshot_drops_in_window":0,"t":1788976200000}
{"after":{"bot_uniform_micro":275862,"cu_p50":138234,"entrants_300s":20,"entrants_60s":11,"fee_p90":101014,"net_flow_micro":27570},"before":{"bot_uniform_micro":0,"cu_p50":138233,"entrants_300s":2,"entrants_60s":1,"fee_p90":101014,"net_flow_micro":-3121739},"event_gaps_in_window":0,"mint":"ATKNNSXzX9mhGxatpyTURv9wdakpwS57jpYvEodCpump","snapshot_drops_in_window":9,"t":1788976200000}
{"after":{"bot_uniform_micro":324818,"cu_p50":121794,"entrants_300s":36,"entrants_60s":3,"fee_p90":101014,"net_flow_micro":37180},"before":{"bot_uniform_micro":0,"cu_p50":121817,"entrants_300s":1,"entrants_60s":0,"fee_p90":101014,"net_flow_micro":3980694},"event_gaps_in_window":0,"mint":"AU4RpCmsTLF4iedLninD6L2vZ4v2jHZpB6Z4vobwpump","snapshot_drops_in_window":6,"t":1788976200000}
{"after":{"bot_uniform_micro":310680,"cu_p50":99336,"entrants_300s":94,"entrants_60s":5,"fee_p90":1005000,"net_flow_micro":386592},"before":{"bot_uniform_micro":0,"cu_p50":99301,"entrants_300s":10,"entrants_60s":0,"fee_p90":100210,"net_flow_micro":2127276},"event_gaps_in_window":0,"mint":"AeyhSgvivZvo1N1jzt6jtguqURn5Doa9YfGcpSuapump","snapshot_drops_in_window":0,"t":1788976200000}
{"after":{"bot_uniform_micro":null,"cu_p50":null,"entrants_300s":0,"entrants_60s":0,"fee_p90":null,"net_flow_micro":-225397},"before":{"no_prior_flow":true},"event_gaps_in_window":0,"mint":"AiwefDnXbePPvEd4bK95ccVPr3C8oUoBLYraHSTRpump","snapshot_drops_in_window":0,"t":1788976200000}
{"after":{"bot_uniform_micro":0,"cu_p50":132165,"entrants_300s":1,"entrants_60s":0,"fee_p90":9000,"net_flow_micro":148148},"before":{"no_prior_flow":true},"event_gaps_in_window":0,"mint":"AmeVaqAs3uEyzKvogy3qpbTkZ4gnAfLhnLAyFji7pump","snapshot_drops_in_window":0,"t":1788976200000}
{"after":{"bot_uniform_micro":575000,"cu_p50":102794,"entrants_300s":309,"entrants_60s":165,"fee_p90":1005000,"net_flow_micro":37247573},"before":{"bot_uniform_micro":0,"cu_p50":102751,"entrants_300s":24,"entrants_60s":17,"fee_p90":205000,"net_flow_micro":20332112},"event_gaps_in_window":0,"mint":"AtUf7x3r3dgWJcAoCpwnn9ubFy8U5JYCAy9hrouspump","snapshot_drops_in_window":0,"t":1788976200000}
{"after":{"bot_uniform_micro":250804,"cu_p50":156909,"entrants_300s":235,"entrants_60s":58,"fee_p90":410000,"net_flow_micro":19081489},"before":{"bot_uniform_micro":0,"cu_p50":102197,"entrants_300s":7,"entrants_60s":1,"fee_p90":410000,"net_flow_micro":3346714},"event_gaps_in_window":0,"mint":"B2sbKzTXxRLP19WuxiXDQXYn8SQVtqkPtFJ7eK9Qpump","snapshot_drops_in_window":0,"t":1788976200000}
{"after":{"bot_uniform_micro":35294,"cu_p50":126789,"entrants_300s":7,"entrants_60s":1,"fee_p90":101014,"net_flow_micro":83415},"before":{"bot_uniform_micro":0,"cu_p50":126329,"entrants_300s":1,"entrants_60s":0,"fee_p90":101014,"net_flow_micro":166061},"event_gaps_in_window":0,"mint":"B4CvqjKjaA2Zd2pjKZVKCwmMyvSPX3PYxWzTKnm5pump","snapshot_drops_in_window":0,"t":1788976200000}
{"after":{"bot_uniform_micro":166667,"cu_p50":116444,"entrants_300s":12,"entrants_60s":12,"fee_p90":101014,"net_flow_micro":1777656},"before":{"bot_uniform_micro":0,"cu_p50":116426,"entrants_300s":1,"entrants_60s":1,"fee_p90":69000,"net_flow_micro":14770484},"event_gaps_in_window":0,"mint":"B67Xnn8UvyeJxpwZfTrjqgycAxE1345vS1jH2hH5pump","snapshot_drops_in_window":2,"t":1788976200000}
{"after":{"bot_uniform_micro":0,"cu_p50":89183,"entrants_300s":3,"entrants_60s":0,"fee_p90":105000,"net_flow_micro":240069},"before":{"bot_uniform_micro":0,"cu_p50":89183,"entrants_300s":1,"entrants_60s":0,"fee_p90":105000,"net_flow_micro":653078},"event_gaps_in_window":0,"mint":"BHQSkrUTJukngMKtDhksGfG9VXj6K82DrNR3CybLpump","snapshot_drops_in_window":0,"t":1788976200000}
{"after":{"bot_uniform_micro":263636,"cu_p50":112266,"entrants_300s":90,"entrants_60s":12,"fee_p90":1005000,"net_flow_micro":16879456},"before":{"bot_uniform_micro":0,"cu_p50":113061,"entrants_300s":1,"entrants_60s":0,"fee_p90":77290,"net_flow_micro":6644933},"event_gaps_in_window":0,"mint":"BHprQ1wTYyn9CPC6uVQffkYW8ziZTrJbr3xkVuVJpump","snapshot_drops_in_window":0,"t":1788976200000}
{"after":{"bot_uniform_micro":null,"cu_p50":null,"entrants_300s":0,"entrants_60s":0,"fee_p90":null,"net_flow_micro":-26412},"before":{"no_prior_flow":true},"event_gaps_in_window":0,"mint":"BMPXGyRdnf9kWj1HSaE9ZWkyKiDbo6xUcBPro5vmL7hr","snapshot_drops_in_window":0,"t":1788976200000}
{"after":{"bot_uniform_micro":null,"cu_p50":null,"entrants_300s":0,"entrants_60s":0,"fee_p90":null,"net_flow_micro":-89149},"before":{"no_prior_flow":true},"event_gaps_in_window":0,"mint":"BPpcswNK7DV1Pm2UCVpHo7hzhEMprBigaPx9mD93A57f","snapshot_drops_in_window":0,"t":1788976200000}
{"after":{"bot_uniform_micro":0,"cu_p50":149875,"entrants_300s":1,"entrants_60s":0,"fee_p90":5000,"net_flow_micro":-2060154},"before":{"no_prior_flow":true},"event_gaps_in_window":0,"mint":"BZyEpkM16FesFHSiQFTW9rWDPjvHYQXb37PGzEtF5W4s","snapshot_drops_in_window":0,"t":1788976200000}
{"after":{"bot_uniform_micro":0,"cu_p50":87732,"entrants_300s":10,"entrants_60s":7,"fee_p90":100000,"net_flow_micro":-7089299},"before":{"bot_uniform_micro":0,"cu_p50":93515,"entrants_300s":1,"entrants_60s":1,"fee_p90":74400,"net_flow_micro":1374627},"event_gaps_in_window":0,"mint":"BitAst9t1moZhc88Ccwpk6a3gV6JmTXBEotiQmTZpump","snapshot_drops_in_window":0,"t":1788976200000}
{"after":{"bot_uniform_micro":null,"cu_p50":null,"entrants_300s":0,"entrants_60s":0,"fee_p90":null,"net_flow_micro":-164837},"before":{"no_prior_flow":true},"event_gaps_in_window":0,"mint":"CL36KyGaMN8Wcd5VE1RyXdYKsXTva2MigumiMz3npump","snapshot_drops_in_window":0,"t":1788976200000}
{"after":{"bot_uniform_micro":0,"cu_p50":198183,"entrants_300s":4,"entrants_60s":0,"fee_p90":1005000,"net_flow_micro":-2378075},"before":{"bot_uniform_micro":null,"cu_p50":null,"entrants_300s":0,"entrants_60s":0,"fee_p90":null,"net_flow_micro":0},"event_gaps_in_window":0,"mint":"CLh7ezbjYKbVsZoqN2MCGoDsBcfN3NfUDDE8nHAipump","snapshot_drops_in_window":0,"t":1788976200000}
{"after":{"bot_uniform_micro":null,"cu_p50":null,"entrants_300s":0,"entrants_60s":0,"fee_p90":null,"net_flow_micro":-88659},"before":{"no_prior_flow":true},"event_gaps_in_window":0,"mint":"CM4RLsdBrFbfCneXyvUJqBmmQsb69Hm2H6QWhcq1nX8e","snapshot_drops_in_window":0,"t":1788976200000}
{"after":{"bot_uniform_micro":0,"cu_p50":138146,"entrants_300s":1,"entrants_60s":0,"fee_p90":9000,"net_flow_micro":3035},"before":{"no_prior_flow":true},"event_gaps_in_window":0,"mint":"CPimEyD6mysrtDiRfYeYCi3ipSEHb224ipd5zaSJpump","snapshot_drops_in_window":0,"t":1788976200000}
{"after":{"bot_uniform_micro":0,"cu_p50":114820,"entrants_300s":14,"entrants_60s":14,"fee_p90":80001,"net_flow_micro":612150},"before":{"no_prior_flow":true},"event_gaps_in_window":0,"mint":"CU8NZPcwTrxtvCNYdMnNuARtmRoNqgpBf13ah77Phj1X","snapshot_drops_in_window":0,"t":1788976200000}
{"after":{"bot_uniform_micro":null,"cu_p50":null,"entrants_300s":0,"entrants_60s":0,"fee_p90":null,"net_flow_micro":-794369},"before":{"no_prior_flow":true},"event_gaps_in_window":0,"mint":"Ca8DTtL9BxZpFHqtd92fKcWaheA6A7y8t5Y9QSnipump","snapshot_drops_in_window":0,"t":1788976200000}
{"after":{"bot_uniform_micro":0,"cu_p50":261792,"entrants_300s":5,"entrants_60s":1,"fee_p90":410000,"net_flow_micro":-1522321},"before":{"no_prior_flow":true},"event_gaps_in_window":0,"mint":"CyFtApDbWYjhkYFwjhKo1W9WWFu8HkXP2B7GpSt5pump","snapshot_drops_in_window":0,"t":1788976200000}
{"after":{"bot_uniform_micro":null,"cu_p50":null,"entrants_300s":0,"entrants_60s":0,"fee_p90":null,"net_flow_micro":-2753665},"before":{"no_prior_flow":true},"event_gaps_in_window":0,"mint":"DCN1XGdUCMqrEXj86zF1WK9q3M8jYr8g8UBLbGVZpump","snapshot_drops_in_window":0,"t":1788976200000}
{"after":{"bot_uniform_micro":0,"cu_p50":93280,"entrants_300s":19,"entrants_60s":0,"fee_p90":1005000,"net_flow_micro":-8747411},"before":{"bot_uniform_micro":0,"cu_p50":93280,"entrants_300s":1,"entrants_60s":0,"fee_p90":94425,"net_flow_micro":-2962377},"event_gaps_in_window":0,"mint":"DDMR7vYbNLFimKJon4NgdJS2SFdzbiGEd7Axbs9ekTC1","snapshot_drops_in_window":0,"t":1788976200000}
{"after":{"bot_uniform_micro":216216,"cu_p50":129351,"entrants_300s":16,"entrants_60s":15,"fee_p90":101014,"net_flow_micro":66921},"before":{"bot_uniform_micro":0,"cu_p50":129333,"entrants_300s":1,"entrants_60s":1,"fee_p90":82181,"net_flow_micro":-765655},"event_gaps_in_window":0,"mint":"DSbWNgD484TszZdnXoFHH8xZsfSVRF2YHeH9S1j1pump","snapshot_drops_in_window":5,"t":1788976200000}
{"after":{"bot_uniform_micro":0,"cu_p50":117278,"entrants_300s":1,"entrants_60s":1,"fee_p90":101014,"net_flow_micro":16993},"before":{"no_prior_flow":true},"event_gaps_in_window":0,"mint":"Db3R16VcBSFPsmAiToqZwJ9A1wG3nFePM2vUw1d4pump","snapshot_drops_in_window":0,"t":1788976200000}
{"after":{"bot_uniform_micro":0,"cu_p50":139758,"entrants_300s":16,"entrants_60s":2,"fee_p90":1005000,"net_flow_micro":614985},"before":{"no_prior_flow":true},"event_gaps_in_window":0,"mint":"DnjxjnV5XTDKq9nMzrSPer7zKpvBmLgmd27iDwXApump","snapshot_drops_in_window":0,"t":1788976200000}
{"after":{"bot_uniform_micro":333333,"cu_p50":106891,"entrants_300s":9,"entrants_60s":0,"fee_p90":159000,"net_flow_micro":2771377},"before":{"no_prior_flow":true},"event_gaps_in_window":0,"mint":"Dp9gxFemyiHfVMTLdFhjP7h1EnHTe4Ki6fEB6Mw3pump","snapshot_drops_in_window":0,"t":1788976200000}
{"after":{"bot_uniform_micro":0,"cu_p50":100941,"entrants_300s":1,"entrants_60s":1,"fee_p90":15000,"net_flow_micro":488889},"before":{"bot_uniform_micro":null,"cu_p50":null,"entrants_300s":0,"entrants_60s":0,"fee_p90":null,"net_flow_micro":0},"event_gaps_in_window":0,"mint":"DqLsKkjYF9oBdALcxiifNntGzzWmhtiMZnUHWPqhWuKH","snapshot_drops_in_window":0,"t":1788976200000}
{"after":{"bot_uniform_micro":0,"cu_p50":147897,"entrants_300s":4,"entrants_60s":4,"fee_p90":55000,"net_flow_micro":-1744716},"before":{"no_prior_flow":true},"event_gaps_in_window":0,"mint":"DtHH4ZvyDusSzecfWnYxN1L68Jc31bN7nx8bckEmpump","snapshot_drops_in_window":0,"t":1788976200000}
{"after":{"bot_uniform_micro":400000,"cu_p50":123899,"entrants_300s":6,"entrants_60s":6,"fee_p90":315103,"net_flow_micro":0},"before":{"no_prior_flow":true},"event_gaps_in_window":0,"mint":"DuMwtXdog9ZyyPfa3TVxXoqof7o7oGGbhnawk2PCpump","snapshot_drops_in_window":0,"t":1788976200000}
{"after":{"bot_uniform_micro":null,"cu_p50":null,"entrants_300s":0,"entrants_60s":0,"fee_p90":null,"net_flow_micro":-3257630},"before":{"bot_uniform_micro":null,"cu_p50":null,"entrants_300s":0,"entrants_60s":0,"fee_p90":null,"net_flow_micro":-236650},"event_gaps_in_window":0,"mint":"DvSwPkzWJrDrQY6SjSdbzzLN4A1Yyuo69WKJPBWspump","snapshot_drops_in_window":0,"t":1788976200000}
{"after":{"bot_uniform_micro":0,"cu_p50":207442,"entrants_300s":1,"entrants_60s":0,"fee_p90":14000,"net_flow_micro":257497},"before":{"no_prior_flow":true},"event_gaps_in_window":0,"mint":"E8PbrUKnXkNKqeW8A7J9xd729eiNAPPBKfRKxV9qpump","snapshot_drops_in_window":0,"t":1788976200000}
{"after":{"bot_uniform_micro":0,"cu_p50":89020,"entrants_300s":10,"entrants_60s":0,"fee_p90":325000,"net_flow_micro":1132935},"before":{"no_prior_flow":true},"event_gaps_in_window":0,"mint":"EBRbgGkviq4qxTK7KVbMgrGLVx8sLBpfHJZphCdppump","snapshot_drops_in_window":0,"t":1788976200000}
{"after":{"bot_uniform_micro":0,"cu_p50":106478,"entrants_300s":11,"entrants_60s":0,"fee_p90":85000,"net_flow_micro":-7052057},"before":{"no_prior_flow":true},"event_gaps_in_window":0,"mint":"EKY7EeT6WUAiRJNxcyTMDKcYyqESM3Ht25diPTN2pump","snapshot_drops_in_window":0,"t":1788976200000}
{"after":{"bot_uniform_micro":0,"cu_p50":98166,"entrants_300s":3,"entrants_60s":0,"fee_p90":1335000,"net_flow_micro":890872},"before":{"no_prior_flow":true},"event_gaps_in_window":0,"mint":"EQ3juekNUnWbQzkhBpuPoDwHXXuiRzuiw2oRbNHEpump","snapshot_drops_in_window":0,"t":1788976200000}
{"after":{"bot_uniform_micro":0,"cu_p50":232343,"entrants_300s":1,"entrants_60s":0,"fee_p90":80001,"net_flow_micro":473408},"before":{"no_prior_flow":true},"event_gaps_in_window":0,"mint":"EWfb1SZmwgbM33ak9D9inPnLm78mwJDGce4jyiK4pump","snapshot_drops_in_window":0,"t":1788976200000}
{"after":{"bot_uniform_micro":0,"cu_p50":128059,"entrants_300s":7,"entrants_60s":1,"fee_p90":430417,"net_flow_micro":1155553},"before":{"no_prior_flow":true},"event_gaps_in_window":0,"mint":"EYKzyYrf4q5zGJBszrDGjz2J2LZmGH3x7RXWpmzBpump","snapshot_drops_in_window":0,"t":1788976200000}
{"after":{"bot_uniform_micro":280822,"cu_p50":126255,"entrants_300s":33,"entrants_60s":18,"fee_p90":101014,"net_flow_micro":90478},"before":{"bot_uniform_micro":0,"cu_p50":126278,"entrants_300s":2,"entrants_60s":1,"fee_p90":101014,"net_flow_micro":-308066},"event_gaps_in_window":0,"mint":"EqeXHX7YVFuoGDuBh1wcQvUcc41J9qyXNNEozF2opump","snapshot_drops_in_window":11,"t":1788976200000}
{"after":{"bot_uniform_micro":null,"cu_p50":null,"entrants_300s":0,"entrants_60s":0,"fee_p90":null,"net_flow_micro":0},"before":{"no_prior_flow":true},"event_gaps_in_window":0,"mint":"EwzdTm98vnwetWYXucw5qCEsFBwwC7oQjsmHT6d7pump","snapshot_drops_in_window":0,"t":1788976200000}
{"after":{"bot_uniform_micro":0,"cu_p50":135797,"entrants_300s":1,"entrants_60s":0,"fee_p90":9000,"net_flow_micro":-1599574},"before":{"no_prior_flow":true},"event_gaps_in_window":0,"mint":"FCcMhUa1MJsCZRyj17QHJuAFAK2j229T1Dc9ymjKpump","snapshot_drops_in_window":0,"t":1788976200000}
{"after":{"bot_uniform_micro":0,"cu_p50":114598,"entrants_300s":4,"entrants_60s":0,"fee_p90":711944,"net_flow_micro":299617},"before":{"no_prior_flow":true},"event_gaps_in_window":0,"mint":"FL75A9Qyp4LpmXKc2X3GWTvGgPd4mwWhVMiqwsj2tDwj","snapshot_drops_in_window":0,"t":1788976200000}
{"after":{"bot_uniform_micro":0,"cu_p50":155304,"entrants_300s":17,"entrants_60s":6,"fee_p90":1005000,"net_flow_micro":-7272702},"before":{"bot_uniform_micro":null,"cu_p50":null,"entrants_300s":0,"entrants_60s":0,"fee_p90":null,"net_flow_micro":0},"event_gaps_in_window":0,"mint":"FREoocUFHTh7VepWTAtHFis3897ssDPYA1EBvdTapump","snapshot_drops_in_window":0,"t":1788976200000}
{"after":{"bot_uniform_micro":0,"cu_p50":101174,"entrants_300s":22,"entrants_60s":0,"fee_p90":189805,"net_flow_micro":213},"before":{"no_prior_flow":true},"event_gaps_in_window":0,"mint":"FRKif82x7DNTY4uy6LdPeCD5MNNixTA525PvuRabpump","snapshot_drops_in_window":0,"t":1788976200000}
{"after":{"bot_uniform_micro":null,"cu_p50":null,"entrants_300s":0,"entrants_60s":0,"fee_p90":null,"net_flow_micro":-469369},"before":{"bot_uniform_micro":null,"cu_p50":null,"entrants_300s":0,"entrants_60s":0,"fee_p90":null,"net_flow_micro":0},"event_gaps_in_window":0,"mint":"FY3mQ351mRQVicM26UXZ3f2Sj92tkjhEXEsuM9YfH93e","snapshot_drops_in_window":0,"t":1788976200000}
{"after":{"bot_uniform_micro":0,"cu_p50":104297,"entrants_300s":11,"entrants_60s":0,"fee_p90":305000,"net_flow_micro":0},"before":{"no_prior_flow":true},"event_gaps_in_window":0,"mint":"FYAuc8Q88xTwxksJgPw97Peq9c49V5bSg1xSPF5fpump","snapshot_drops_in_window":0,"t":1788976200000}
{"after":{"bot_uniform_micro":0,"cu_p50":319584,"entrants_300s":2,"entrants_60s":1,"fee_p90":180873,"net_flow_micro":-2820873},"before":{"bot_uniform_micro":null,"cu_p50":null,"entrants_300s":0,"entrants_60s":0,"fee_p90":null,"net_flow_micro":0},"event_gaps_in_window":0,"mint":"FaJsHUZmyHsZTRtMQ6AxYXGgoVSDsjWjZQXokUuTpump","snapshot_drops_in_window":0,"t":1788976200000}
{"after":{"bot_uniform_micro":0,"cu_p50":100148,"entrants_300s":16,"entrants_60s":0,"fee_p90":1891793,"net_flow_micro":0},"before":{"no_prior_flow":true},"event_gaps_in_window":0,"mint":"FtxzjQoetTfUnM16iGNfYPm9G8z3UXVRF7vpDiqEpump","snapshot_drops_in_window":0,"t":1788976200000}
{"after":{"bot_uniform_micro":null,"cu_p50":null,"entrants_300s":0,"entrants_60s":0,"fee_p90":null,"net_flow_micro":0},"before":{"no_prior_flow":true},"event_gaps_in_window":0,"mint":"GC87Z47XsT6GnrRQjXwRkHLg4qSUXrtk7dzyBpSnpump","snapshot_drops_in_window":0,"t":1788976200000}
{"after":{"bot_uniform_micro":0,"cu_p50":122689,"entrants_300s":8,"entrants_60s":0,"fee_p90":26000,"net_flow_micro":1695237},"before":{"no_prior_flow":true},"event_gaps_in_window":0,"mint":"GCMv59JvZCZwknskC7cMCf63LkzzT5bwV2qGdK5Ppump","snapshot_drops_in_window":0,"t":1788976200000}
{"after":{"bot_uniform_micro":null,"cu_p50":null,"entrants_300s":0,"entrants_60s":0,"fee_p90":null,"net_flow_micro":0},"before":{"no_prior_flow":true},"event_gaps_in_window":0,"mint":"GLteMVHGWknSNvCAeVxiePAN6Fuje6yaUmEn4WvZpump","snapshot_drops_in_window":0,"t":1788976200000}
{"after":{"bot_uniform_micro":0,"cu_p50":86318,"entrants_300s":1,"entrants_60s":0,"fee_p90":1005000,"net_flow_micro":-8002528},"before":{"bot_uniform_micro":null,"cu_p50":null,"entrants_300s":0,"entrants_60s":0,"fee_p90":null,"net_flow_micro":0},"event_gaps_in_window":0,"mint":"GR867ubpr6onDw7pjSPYGsHmpLb7QL9VuBZxD3R7pump","snapshot_drops_in_window":0,"t":1788976200000}
{"after":{"bot_uniform_micro":0,"cu_p50":271833,"entrants_300s":4,"entrants_60s":0,"fee_p90":410000,"net_flow_micro":-3427791},"before":{"no_prior_flow":true},"event_gaps_in_window":0,"mint":"GT64PB7cJs3UJnc2GYW4VFTQRyKEbzwR7DCfKFyMjRrb","snapshot_drops_in_window":0,"t":1788976200000}
{"after":{"bot_uniform_micro":0,"cu_p50":103644,"entrants_300s":5,"entrants_60s":0,"fee_p90":1005000,"net_flow_micro":98028},"before":{"no_prior_flow":true},"event_gaps_in_window":0,"mint":"GbBd7rAjqeNWKZzA8xGruE8nrh2nEbAcy7JNZTGfpump","snapshot_drops_in_window":0,"t":1788976200000}
{"after":{"bot_uniform_micro":null,"cu_p50":null,"entrants_300s":0,"entrants_60s":0,"fee_p90":null,"net_flow_micro":-1962795},"before":{"no_prior_flow":true},"event_gaps_in_window":0,"mint":"H4uzHREeMpSmWjMWtaZqGQkACBnYEWaDDhVn9Frppump","snapshot_drops_in_window":0,"t":1788976200000}
{"after":{"bot_uniform_micro":0,"cu_p50":90938,"entrants_300s":3,"entrants_60s":1,"fee_p90":430417,"net_flow_micro":487338},"before":{"no_prior_flow":true},"event_gaps_in_window":0,"mint":"H64QZNBvRXfDsY1VzNdt96Mb2M8CqbaP6U3djy6kpump","snapshot_drops_in_window":0,"t":1788976200000}
{"after":{"bot_uniform_micro":0,"cu_p50":89222,"entrants_300s":6,"entrants_60s":6,"fee_p90":30956,"net_flow_micro":2008498},"before":{"bot_uniform_micro":0,"cu_p50":87698,"entrants_300s":1,"entrants_60s":1,"fee_p90":26607,"net_flow_micro":939114},"event_gaps_in_window":0,"mint":"HJk1HFcvgLqkVnEgNX1bLnXS382SAPVgiQigA7Fnpump","snapshot_drops_in_window":0,"t":1788976200000}
{"after":{"bot_uniform_micro":0,"cu_p50":106269,"entrants_300s":307,"entrants_60s":21,"fee_p90":1005000,"net_flow_micro":36197668},"before":{"bot_uniform_micro":0,"cu_p50":138083,"entrants_300s":1,"entrants_60s":0,"fee_p90":1505000,"net_flow_micro":394727},"event_gaps_in_window":0,"mint":"HVcoQEjRnZJhYaorKWtBEDmYGSdekEbkqZaM4Da5pump","snapshot_drops_in_window":0,"t":1788976200000}
{"after":{"bot_uniform_micro":0,"cu_p50":231683,"entrants_300s":1,"entrants_60s":0,"fee_p90":80001,"net_flow_micro":5412},"before":{"no_prior_flow":true},"event_gaps_in_window":0,"mint":"HdPL4bP6smyfumoQhEPpkrAb4qpz3uvKZH4kdtFQpump","snapshot_drops_in_window":0,"t":1788976200000}
{"after":{"bot_uniform_micro":0,"cu_p50":111050,"entrants_300s":15,"entrants_60s":15,"fee_p90":315103,"net_flow_micro":197500},"before":{"no_prior_flow":true},"event_gaps_in_window":0,"mint":"HqUjJRw8JCq1hHNgv3ExYug3KFTyzDLpqnb5t69rpump","snapshot_drops_in_window":0,"t":1788976200000}
{"after":{"bot_uniform_micro":0,"cu_p50":122285,"entrants_300s":2,"entrants_60s":1,"fee_p90":101014,"net_flow_micro":-7667},"before":{"no_prior_flow":true},"event_gaps_in_window":0,"mint":"HrENr8Q1HzugCpFgsTU86FcAgNtH5hFQzSiuXKk8pump","snapshot_drops_in_window":0,"t":1788976200000}
{"after":{"bot_uniform_micro":0,"cu_p50":119310,"entrants_300s":1,"entrants_60s":1,"fee_p90":5000,"net_flow_micro":0},"before":{"no_prior_flow":true},"event_gaps_in_window":0,"mint":"Hy9XZ4Ae4oKtXYfuFzWkoNV18teCTpvWWu5PFD9Bpump","snapshot_drops_in_window":0,"t":1788976200000}
{"after":{"bot_uniform_micro":0,"cu_p50":149308,"entrants_300s":1,"entrants_60s":0,"fee_p90":9000,"net_flow_micro":297498},"before":{"bot_uniform_micro":null,"cu_p50":null,"entrants_300s":0,"entrants_60s":0,"fee_p90":null,"net_flow_micro":0},"event_gaps_in_window":0,"mint":"J4J7wFFndrNKhDa4rrMB9Amsqvqzk2uaJZDpStnUpump","snapshot_drops_in_window":0,"t":1788976200000}
{"after":{"bot_uniform_micro":null,"cu_p50":null,"entrants_300s":0,"entrants_60s":0,"fee_p90":null,"net_flow_micro":-325009},"before":{"no_prior_flow":true},"event_gaps_in_window":0,"mint":"JDrkAK8QdeXD4NUxci6ANV8KSQkNvvnmLVZundL5ihey","snapshot_drops_in_window":0,"t":1788976200000}
{"after":{"bot_uniform_micro":0,"cu_p50":114873,"entrants_300s":76,"entrants_60s":76,"fee_p90":81000,"net_flow_micro":11292980},"before":{"no_prior_flow":true},"event_gaps_in_window":0,"mint":"1CDToD4pQqAdEjm5NQaxC1uapXEwHyqAPMkqwDSpump","snapshot_drops_in_window":0,"t":1788976260000}
{"after":{"bot_uniform_micro":0,"cu_p50":126874,"entrants_300s":2,"entrants_60s":1,"fee_p90":101014,"net_flow_micro":-14569387},"before":{"no_prior_flow":true},"event_gaps_in_window":0,"mint":"9w5gWetsKYZdMCJAA3URwcf8arGeAQmHT13Pdvgpump","snapshot_drops_in_window":0,"t":1788976260000}
{"after":{"bot_uniform_micro":0,"cu_p50":141235,"entrants_300s":3,"entrants_60s":3,"fee_p90":96734,"net_flow_micro":193035},"before":{"bot_uniform_micro":null,"cu_p50":null,"entrants_300s":0,"entrants_60s":0,"fee_p90":null,"net_flow_micro":0},"event_gaps_in_window":0,"mint":"GrEpzw6CV42tY8gct9z6TZXCmCuzuPKh6eSiqD6pump","snapshot_drops_in_window":0,"t":1788976260000}
{"after":{"bot_uniform_micro":null,"cu_p50":null,"entrants_300s":0,"entrants_60s":0,"fee_p90":null,"net_flow_micro":0},"before":{"no_prior_flow":true},"event_gaps_in_window":0,"mint":"JKqjiwqwFtuWLFQj4bkVgfkUDEx1RyQ9n1z7eBDpump","snapshot_drops_in_window":0,"t":1788976260000}
{"after":{"bot_uniform_micro":null,"cu_p50":null,"entrants_300s":0,"entrants_60s":0,"fee_p90":null,"net_flow_micro":-3184},"before":{"bot_uniform_micro":null,"cu_p50":null,"entrants_300s":0,"entrants_60s":0,"fee_p90":null,"net_flow_micro":0},"event_gaps_in_window":0,"mint":"U17QJMm3GYxikj6sUNjN822T4BGtmcmXVWK3k13pump","snapshot_drops_in_window":0,"t":1788976260000}
{"after":{"bot_uniform_micro":0,"cu_p50":135888,"entrants_300s":5,"entrants_60s":1,"fee_p90":130017,"net_flow_micro":0},"before":{"bot_uniform_micro":null,"cu_p50":null,"entrants_300s":0,"entrants_60s":0,"fee_p90":null,"net_flow_micro":-1034536},"event_gaps_in_window":0,"mint":"YWRtq6bCrE8qv5Gy5ThwDsGBwFqXCbV36oPbqYkpump","snapshot_drops_in_window":0,"t":1788976260000}
{"after":{"bot_uniform_micro":0,"cu_p50":120127,"entrants_300s":7,"entrants_60s":7,"fee_p90":77710,"net_flow_micro":1565951},"before":{"no_prior_flow":true},"event_gaps_in_window":0,"mint":"ZMNxX8wbKFD3C3gYHhH563qR7kK4VZ9djKEMVQEpump","snapshot_drops_in_window":0,"t":1788976260000}
{"after":{"bot_uniform_micro":0,"cu_p50":144897,"entrants_300s":3,"entrants_60s":1,"fee_p90":15000,"net_flow_micro":339915},"before":{"no_prior_flow":true},"event_gaps_in_window":0,"mint":"myXRAu9fN2YsLHjdCcAtwEVXgjELzFpCamj44oDpump","snapshot_drops_in_window":0,"t":1788976260000}
{"after":{"bot_uniform_micro":0,"cu_p50":79405,"entrants_300s":17,"entrants_60s":17,"fee_p90":2005001,"net_flow_micro":3534614},"before":{"no_prior_flow":true},"event_gaps_in_window":0,"mint":"pfXckfyqxVYCW7y4vRZ6kk7YkawDA8YkQw33NPEca7n","snapshot_drops_in_window":0,"t":1788976260000}
{"after":{"bot_uniform_micro":0,"cu_p50":83347,"entrants_300s":5,"entrants_60s":0,"fee_p90":155000,"net_flow_micro":375792},"before":{"no_prior_flow":true},"event_gaps_in_window":0,"mint":"ssubrUTRUZtXfJ4FqsUxq9Ef2u68tx4uBfiCyDLpump","snapshot_drops_in_window":0,"t":1788976260000}
{"after":{"bot_uniform_micro":0,"cu_p50":106421,"entrants_300s":7,"entrants_60s":0,"fee_p90":305000,"net_flow_micro":937},"before":{"no_prior_flow":true},"event_gaps_in_window":0,"mint":"wDuvBF18nWiEbzTQX9iTe8g7twfJ49bw6T5X3hkpump","snapshot_drops_in_window":0,"t":1788976260000}
{"after":{"bot_uniform_micro":0,"cu_p50":125397,"entrants_300s":6,"entrants_60s":6,"fee_p90":92670,"net_flow_micro":1292550},"before":{"no_prior_flow":true},"event_gaps_in_window":0,"mint":"26fMAmPJ5Ze5n9A1J7Gt3zQYhm9Udmo5LG9KUtd1pump","snapshot_drops_in_window":0,"t":1788976260000}
{"after":{"bot_uniform_micro":0,"cu_p50":105586,"entrants_300s":12,"entrants_60s":0,"fee_p90":189803,"net_flow_micro":0},"before":{"no_prior_flow":true},"event_gaps_in_window":0,"mint":"2LZjE1wjD25NxfcCZrKsALoeBPQnYzQoNFnDLcHypump","snapshot_drops_in_window":0,"t":1788976260000}
{"after":{"bot_uniform_micro":285714,"cu_p50":108194,"entrants_300s":63,"entrants_60s":4,"fee_p90":612824,"net_flow_micro":-12648490},"before":{"bot_uniform_micro":0,"cu_p50":98120,"entrants_300s":3,"entrants_60s":0,"fee_p90":410000,"net_flow_micro":-5509420},"event_gaps_in_window":0,"mint":"2YuFLBKqmgBsxrbVgqRXgSrzwf6wyNCkCUAqUMEGpump","snapshot_drops_in_window":0,"t":1788976260000}
{"after":{"bot_uniform_micro":0,"cu_p50":91561,"entrants_300s":22,"entrants_60s":0,"fee_p90":239498,"net_flow_micro":2649391},"before":{"no_prior_flow":true},"event_gaps_in_window":0,"mint":"2ZKkVVkHUNTf5LfPnpudB7ANtACw8X9Tw7Lgcuxwpump","snapshot_drops_in_window":0,"t":1788976260000}
{"after":{"bot_uniform_micro":0,"cu_p50":181661,"entrants_300s":2,"entrants_60s":0,"fee_p90":1005000,"net_flow_micro":443834},"before":{"no_prior_flow":true},"event_gaps_in_window":0,"mint":"2h2GHqhJuR5kaG6Srwk45mCZZANCYxKuNSHtYjRRpump","snapshot_drops_in_window":0,"t":1788976260000}
{"after":{"bot_uniform_micro":null,"cu_p50":null,"entrants_300s":0,"entrants_60s":0,"fee_p90":null,"net_flow_micro":-1533798},"before":{"no_prior_flow":true},"event_gaps_in_window":0,"mint":"2hZPYB8ud7RUQAHkCmWvTcqB7YH1xfTAsAoUtDnFpump","snapshot_drops_in_window":0,"t":1788976260000}
{"after":{"bot_uniform_micro":0,"cu_p50":127670,"entrants_300s":4,"entrants_60s":0,"fee_p90":25777,"net_flow_micro":186013},"before":{"no_prior_flow":true},"event_gaps_in_window":0,"mint":"2zt5XGeXLFrcASYnYnefb5Ano3yofnoESDaK8v9ppump","snapshot_drops_in_window":0,"t":1788976260000}
{"after":{"bot_uniform_micro":466063,"cu_p50":90816,"entrants_300s":164,"entrants_60s":3,"fee_p90":1005000,"net_flow_micro":2917988},"before":{"bot_uniform_micro":0,"cu_p50":93325,"entrants_300s":13,"entrants_60s":0,"fee_p90":1005000,"net_flow_micro":4914358},"event_gaps_in_window":0,"mint":"3G6PAF448tZqGmjpxKHygkYUQbu7P1ZfscWAiDGLZyQf","snapshot_drops_in_window":0,"t":1788976260000}
{"after":{"bot_uniform_micro":327273,"cu_p50":123664,"entrants_300s":20,"entrants_60s":0,"fee_p90":225000,"net_flow_micro":-569263},"before":{"bot_uniform_micro":0,"cu_p50":127787,"entrants_300s":1,"entrants_60s":0,"fee_p90":101014,"net_flow_micro":-180053},"event_gaps_in_window":0,"mint":"3ZVbE8NSiJbo2vcTMMpWgZxjnhz6GXysMFi8Xsxcpump","snapshot_drops_in_window":3,"t":1788976260000}
{"after":{"bot_uniform_micro":0,"cu_p50":120281,"entrants_300s":1,"entrants_60s":1,"fee_p90":101014,"net_flow_micro":-259226},"before":{"no_prior_flow":true},"event_gaps_in_window":0,"mint":"3aN56TN7nwtp8UqD5xZeye42KFcazmrprhWR7Gscpump","snapshot_drops_in_window":0,"t":1788976260000}
{"after":{"bot_uniform_micro":76923,"cu_p50":140331,"entrants_300s":7,"entrants_60s":0,"fee_p90":101014,"net_flow_micro":-499221},"before":{"bot_uniform_micro":0,"cu_p50":140036,"entrants_300s":1,"entrants_60s":0,"fee_p90":101014,"net_flow_micro":-1151960},"event_gaps_in_window":0,"mint":"3oV3dgtZv6TdMJe5993BtfGfHTA6E8Cbtf8Xjiodpump","snapshot_drops_in_window":2,"t":1788976260000}
{"after":{"bot_uniform_micro":null,"cu_p50":null,"entrants_300s":0,"entrants_60s":0,"fee_p90":null,"net_flow_micro":-29262},"before":{"no_prior_flow":true},"event_gaps_in_window":0,"mint":"3wJEdMysjAyMWC7WHMmnfMrNaryZG3rL54TdXBgiAh2u","snapshot_drops_in_window":0,"t":1788976260000}
{"after":{"bot_uniform_micro":401639,"cu_p50":90895,"entrants_300s":21,"entrants_60s":9,"fee_p90":101014,"net_flow_micro":55294},"before":{"bot_uniform_micro":0,"cu_p50":123327,"entrants_300s":1,"entrants_60s":1,"fee_p90":101014,"net_flow_micro":-4201284},"event_gaps_in_window":0,"mint":"3wQJbSgj3Vkg5oBoi77FCtWpyvvmkZrMJE5JnQbKpump","snapshot_drops_in_window":0,"t":1788976260000}
{"after":{"bot_uniform_micro":0,"cu_p50":112380,"entrants_300s":3,"entrants_60s":0,"fee_p90":905039,"net_flow_micro":216371},"before":{"no_prior_flow":true},"event_gaps_in_window":0,"mint":"4cPYeu1LvXAZoQiXzfVhWHHfSrX3aXN51hDtVsfXpump","snapshot_drops_in_window":0,"t":1788976260000}
{"after":{"bot_uniform_micro":0,"cu_p50":163409,"entrants_300s":3,"entrants_60s":2,"fee_p90":92672,"net_flow_micro":148850},"before":{"no_prior_flow":true},"event_gaps_in_window":0,"mint":"4stGCNVB75Y4Zg4m6phtcwb5xXpZ7AAJwLtjU9NWpump","snapshot_drops_in_window":0,"t":1788976260000}
{"after":{"bot_uniform_micro":null,"cu_p50":null,"entrants_300s":0,"entrants_60s":0,"fee_p90":null,"net_flow_micro":0},"before":{"no_prior_flow":true},"event_gaps_in_window":0,"mint":"4wRmu5KY7X353uBHYsPJhvuRZc6MMzgsU8aGqXtupump","snapshot_drops_in_window":0,"t":1788976260000}
{"after":{"bot_uniform_micro":0,"cu_p50":112135,"entrants_300s":1,"entrants_60s":0,"fee_p90":5000,"net_flow_micro":0},"before":{"no_prior_flow":true},"event_gaps_in_window":0,"mint":"55qDmCPGUGdLAuN6rYzoqoTZ1xhKaRvDCQwZFB4mpump","snapshot_drops_in_window":0,"t":1788976260000}
{"after":{"bot_uniform_micro":0,"cu_p50":147897,"entrants_300s":3,"entrants_60s":1,"fee_p90":15000,"net_flow_micro":2109334},"before":{"no_prior_flow":true},"event_gaps_in_window":0,"mint":"59HjntGuHBw4Arse7vkPswA992vKApt7oPiSxfQDpump","snapshot_drops_in_window":0,"t":1788976260000}
{"after":{"bot_uniform_micro":0,"cu_p50":155629,"entrants_300s":4,"entrants_60s":0,"fee_p90":1005000,"net_flow_micro":1284016},"before":{"no_prior_flow":true},"event_gaps_in_window":0,"mint":"5KXYJ2XWf3qyApSRd9a22JuuDVe5hu41ym5GrhDRpump","snapshot_drops_in_window":0,"t":1788976260000}
{"after":{"bot_uniform_micro":500000,"cu_p50":99924,"entrants_300s":6,"entrants_60s":0,"fee_p90":1005000,"net_flow_micro":197488},"before":{"no_prior_flow":true},"event_gaps_in_window":0,"mint":"5Xtcvvo95MUT6g8XGGHkjeE1E7aMNvhaWvf355tCpump","snapshot_drops_in_window":0,"t":1788976260000}
{"after":{"bot_uniform_micro":0,"cu_p50":106211,"entrants_300s":4,"entrants_60s":0,"fee_p90":205000,"net_flow_micro":0},"before":{"no_prior_flow":true},"event_gaps_in_window":0,"mint":"5bQNy6YoKA6BUKE1w1jiQBFAC9VVf5DpCZo7no4V7UG6","snapshot_drops_in_window":0,"t":1788976260000}
{"after":{"bot_uniform_micro":0,"cu_p50":219475,"entrants_300s":3,"entrants_60s":1,"fee_p90":92500,"net_flow_micro":8072340},"before":{"no_prior_flow":true},"event_gaps_in_window":0,"mint":"5c2dUt3MZTTqLGEBr28M9xLCiLxFvVQxgdr6ytLPpump","snapshot_drops_in_window":0,"t":1788976260000}
{"after":{"bot_uniform_micro":0,"cu_p50":135213,"entrants_300s":1,"entrants_60s":0,"fee_p90":6000,"net_flow_micro":0},"before":{"no_prior_flow":true},"event_gaps_in_window":0,"mint":"5cAz6tvPmNPQ5c6qA5RqjiQ6ea46Md3x8fUXGBHtpump","snapshot_drops_in_window":0,"t":1788976260000}
{"after":{"bot_uniform_micro":0,"cu_p50":117931,"entrants_300s":3,"entrants_60s":3,"fee_p90":86130,"net_flow_micro":402765},"before":{"no_prior_flow":true},"event_gaps_in_window":0,"mint":"5jP3o9NzusdWUZVhkK3KHxxVdFdvxk8CXMaEYt82pump","snapshot_drops_in_window":0,"t":1788976260000}
{"after":{"bot_uniform_micro":0,"cu_p50":175364,"entrants_300s":1,"entrants_60s":0,"fee_p90":15000,"net_flow_micro":-24626},"before":{"no_prior_flow":true},"event_gaps_in_window":0,"mint":"659xrvMd1Vdc7TUFQ2uL8hFMmbN3i52yqRX3HTGiEbnu","snapshot_drops_in_window":0,"t":1788976260000}
{"after":{"bot_uniform_micro":111111,"cu_p50":93678,"entrants_300s":22,"entrants_60s":6,"fee_p90":313255,"net_flow_micro":-1579944},"before":{"bot_uniform_micro":0,"cu_p50":96509,"entrants_300s":4,"entrants_60s":2,"fee_p90":125800,"net_flow_micro":1741529},"event_gaps_in_window":0,"mint":"66EWaJYEB5FapTkAZQA8UD6WMZqb3q9aeB66VHbtpump","snapshot_drops_in_window":0,"t":1788976260000}
{"after":{"bot_uniform_micro":430223,"cu_p50":99555,"entrants_300s":739,"entrants_60s":186,"fee_p90":557709,"net_flow_micro":45394833},"before":{"bot_uniform_micro":0,"cu_p50":98003,"entrants_300s":72,"entrants_60s":13,"fee_p90":430417,"net_flow_micro":58652532},"event_gaps_in_window":0,"mint":"67afrnTxo8DVc52Uev61Yo4Yr9BGQpRw1RpPMWcx42La","snapshot_drops_in_window":0,"t":1788976260000}
{"after":{"bot_uniform_micro":null,"cu_p50":null,"entrants_300s":0,"entrants_60s":0,"fee_p90":null,"net_flow_micro":-857446},"before":{"bot_uniform_micro":null,"cu_p50":null,"entrants_300s":0,"entrants_60s":0,"fee_p90":null,"net_flow_micro":-106802},"event_gaps_in_window":0,"mint":"693pcjWS8HTmMsYtmpFEdVSbzjM4HxwGoSHwmU5ypump","snapshot_drops_in_window":0,"t":1788976260000}
{"after":{"bot_uniform_micro":0,"cu_p50":131208,"entrants_300s":7,"entrants_60s":3,"fee_p90":86290,"net_flow_micro":-208379},"before":{"no_prior_flow":true},"event_gaps_in_window":0,"mint":"6NwA7EAjVW1XoHj62964dH3Lh1qHtpSEeyhnWbHSpump","snapshot_drops_in_window":0,"t":1788976260000}
{"after":{"bot_uniform_micro":null,"cu_p50":null,"entrants_300s":0,"entrants_60s":0,"fee_p90":null,"net_flow_micro":-809},"before":{"no_prior_flow":true},"event_gaps_in_window":0,"mint":"6T1BNshzGAKAHvJ3NZ5n62X2eg5rqqsMipUMZJvLpump","snapshot_drops_in_window":0,"t":1788976260000}
{"after":{"bot_uniform_micro":null,"cu_p50":null,"entrants_300s":0,"entrants_60s":0,"fee_p90":null,"net_flow_micro":-24241},"before":{"no_prior_flow":true},"event_gaps_in_window":0,"mint":"6XMzbhvvrCH1MVTrcnebhqmwej7ZUogdi91zorqNpump","snapshot_drops_in_window":0,"t":1788976260000}
{"after":{"bot_uniform_micro":0,"cu_p50":132872,"entrants_300s":2,"entrants_60s":2,"fee_p90":92672,"net_flow_micro":0},"before":{"no_prior_flow":true},"event_gaps_in_window":0,"mint":"6am73KP1KNAHdVRKCpzCvQEeXDGo4TCpTzgWQd9tpump","snapshot_drops_in_window":0,"t":1788976260000}
{"after":{"bot_uniform_micro":0,"cu_p50":110192,"entrants_300s":19,"entrants_60s":0,"fee_p90":175836,"net_flow_micro":201564},"before":{"no_prior_flow":true},"event_gaps_in_window":0,"mint":"6dy2QbDi3FpiBm3QpTWKhypHeZJ224CV7mzSReTjpump","snapshot_drops_in_window":0,"t":1788976260000}
{"after":{"bot_uniform_micro":0,"cu_p50":223631,"entrants_300s":1,"entrants_60s":0,"fee_p90":80001,"net_flow_micro":-342455},"before":{"no_prior_flow":true},"event_gaps_in_window":0,"mint":"6faFcTYnxVtvtFvq3KmZbpUHmaDMsgWExKbg2QTXpump","snapshot_drops_in_window":0,"t":1788976260000}
{"after":{"bot_uniform_micro":null,"cu_p50":null,"entrants_300s":0,"entrants_60s":0,"fee_p90":null,"net_flow_micro":0},"before":{"bot_uniform_micro":null,"cu_p50":null,"entrants_300s":0,"entrants_60s":0,"fee_p90":null,"net_flow_micro":0},"event_gaps_in_window":0,"mint":"6ocz1wL9hdCwgwWRUSgeNCLSQrME2UUNiC9es5kGpump","snapshot_drops_in_window":0,"t":1788976260000}
{"after":{"bot_uniform_micro":250000,"cu_p50":114776,"entrants_300s":19,"entrants_60s":17,"fee_p90":101014,"net_flow_micro":0},"before":{"bot_uniform_micro":0,"cu_p50":114871,"entrants_300s":1,"entrants_60s":0,"fee_p90":101014,"net_flow_micro":1531153},"event_gaps_in_window":0,"mint":"6ufF263czGFhTSzCD5jSeyMLQhTdVENrKCAHuoEjpump","snapshot_drops_in_window":9,"t":1788976260000}
{"after":{"bot_uniform_micro":0,"cu_p50":142578,"entrants_300s":2,"entrants_60s":1,"fee_p90":15000,"net_flow_micro":-297152},"before":{"no_prior_flow":true},"event_gaps_in_window":0,"mint":"77CHZyKTgGjysxrfgYaTWJQ1vG17NKHewHfFV2Nqpump","snapshot_drops_in_window":0,"t":1788976260000}
{"after":{"bot_uniform_micro":39120,"cu_p50":102435,"entrants_300s":357,"entrants_60s":94,"fee_p90":1005000,"net_flow_micro":474423},"before":{"bot_uniform_micro":0,"cu_p50":96484,"entrants_300s":5,"entrants_60s":1,"fee_p90":505000,"net_flow_micro":2739119},"event_gaps_in_window":0,"mint":"79E5qoP8aZRU6tsq7oLVL3CY3TGu6or9uiQgntiTpump","snapshot_drops_in_window":0,"t":1788976260000}
{"after":{"bot_uniform_micro":0,"cu_p50":170990,"entrants_300s":7,"entrants_60s":0,"fee_p90":25001,"net_flow_micro":-786154},"before":{"no_prior_flow":true},"event_gaps_in_window":0,"mint":"7CwLRAyJe5UbhRe4ZzVdjwM2bX3BDfYnsrRcynwM9j6G","snapshot_drops_in_window":0,"t":1788976260000}
{"after":{"bot_uniform_micro":0,"cu_p50":215803,"entrants_300s":3,"entrants_60s":2,"fee_p90":189805,"net_flow_micro":204755},"before":{"no_prior_flow":true},"event_gaps_in_window":0,"mint":"7Qw6eV68J1wAK4YjRbkaswsWoYZtvo1krYFiBR3Lpump","snapshot_drops_in_window":0,"t":1788976260000}
{"after":{"bot_uniform_micro":0,"cu_p50":158540,"entrants_300s":1,"entrants_60s":0,"fee_p90":15000,"net_flow_micro":-1386788},"before":{"no_prior_flow":true},"event_gaps_in_window":0,"mint":"7aGvGRwpXexuaziL1pYpmKyLqaxCYecumzQHAHfgpump","snapshot_drops_in_window":0,"t":1788976260000}
{"after":{"bot_uniform_micro":null,"cu_p50":null,"entrants_300s":0,"entrants_60s":0,"fee_p90":null,"net_flow_micro":0},"before":{"no_prior_flow":true},"event_gaps_in_window":0,"mint":"7eiS447TVyaMEU48iAEXWtSQM4ufP9Hc9feSi8yapump","snapshot_drops_in_window":0,"t":1788976260000}
{"after":{"bot_uniform_micro":0,"cu_p50":165770,"entrants_300s":3,"entrants_60s":2,"fee_p90":75000,"net_flow_micro":31616},"before":{"no_prior_flow":true},"event_gaps_in_window":0,"mint":"7qiJBC6Rt1h8FjyHfWD9ZGH7caiSTnwaiCMqoasCpump","snapshot_drops_in_window":0,"t":1788976260000}
{"after":{"bot_uniform_micro":120000,"cu_p50":92189,"entrants_300s":59,"entrants_60s":0,"fee_p90":317819,"net_flow_micro":187408},"before":{"bot_uniform_micro":0,"cu_p50":92239,"entrants_300s":4,"entrants_60s":0,"fee_p90":1005000,"net_flow_micro":7254305},"event_gaps_in_window":0,"mint":"7v2EzuBBLAagvYUr1SCCcRQQGPjmmEecYAxMhKe4Xy2o","snapshot_drops_in_window":0,"t":1788976260000}
{"after":{"bot_uniform_micro":0,"cu_p50":141873,"entrants_300s":4,"entrants_60s":1,"fee_p90":101014,"net_flow_micro":0},"before":{"no_prior_flow":true},"event_gaps_in_window":0,"mint":"7wGgUhpFYpuF3jSQKsRV5hjJPtyrjgkKPtGQxo6fpump","snapshot_drops_in_window":1,"t":1788976260000}
{"after":{"bot_uniform_micro":0,"cu_p50":89047,"entrants_300s":39,"entrants_60s":28,"fee_p90":125000,"net_flow_micro":149104},"before":{"no_prior_flow":true},"event_gaps_in_window":0,"mint":"7zLuXWjiPRQDo5nVsxjztZkZKassAvWiU1UhWi1Npump","snapshot_drops_in_window":0,"t":1788976260000}
{"after":{"bot_uniform_micro":307229,"cu_p50":96573,"entrants_300s":120,"entrants_60s":76,"fee_p90":1005000,"net_flow_micro":2987787},"before":{"bot_uniform_micro":0,"cu_p50":99435,"entrants_300s":8,"entrants_60s":4,"fee_p90":86290,"net_flow_micro":495761},"event_gaps_in_window":0,"mint":"82riCJH8CEcDZMTGvafMVshNWJYzjQ1d2wY1ZiXepump","snapshot_drops_in_window":0,"t":1788976260000}
{"after":{"bot_uniform_micro":366667,"cu_p50":118701,"entrants_300s":26,"entrants_60s":14,"fee_p90":101014,"net_flow_micro":96944},"before":{"no_prior_flow":true},"event_gaps_in_window":0,"mint":"88auzB8y5zn4Qo5Lu7pyRifrj9R4hBB8tzLT7yd4pump","snapshot_drops_in_window":0,"t":1788976260000}
{"after":{"bot_uniform_micro":125000,"cu_p50":171027,"entrants_300s":22,"entrants_60s":3,"fee_p90":674798,"net_flow_micro":-2059363},"before":{"bot_uniform_micro":null,"cu_p50":null,"entrants_300s":0,"entrants_60s":0,"fee_p90":null,"net_flow_micro":0},"event_gaps_in_window":0,"mint":"8CUkfgU3w5zxWP27v9B9mef15sL23fzxYvw23wbPpump","snapshot_drops_in_window":0,"t":1788976260000}
{"after":{"bot_uniform_micro":null,"cu_p50":null,"entrants_300s":0,"entrants_60s":0,"fee_p90":null,"net_flow_micro":-404297},"before":{"no_prior_flow":true},"event_gaps_in_window":0,"mint":"8NNG2iEQedAqcYSGV5qP5t49VXMbNEF1EhKFbQrfpump","snapshot_drops_in_window":0,"t":1788976260000}
{"after":{"bot_uniform_micro":0,"cu_p50":149090,"entrants_300s":3,"entrants_60s":0,"fee_p90":218389,"net_flow_micro":43384},"before":{"no_prior_flow":true},"event_gaps_in_window":0,"mint":"8PQHzitteX1SjSVmGN7qSPtk2Hr9rV5QeDD1NnX8pump","snapshot_drops_in_window":0,"t":1788976260000}
{"after":{"bot_uniform_micro":0,"cu_p50":68899,"entrants_300s":1,"entrants_60s":1,"fee_p90":5000,"net_flow_micro":0},"before":{"no_prior_flow":true},"event_gaps_in_window":0,"mint":"8TKfTQ3ca21iCqbV8c9QqSrBWBEkB6qmquktT2C5pump","snapshot_drops_in_window":0,"t":1788976260000}
{"after":{"bot_uniform_micro":null,"cu_p50":null,"entrants_300s":0,"entrants_60s":0,"fee_p90":null,"net_flow_micro":-76951},"before":{"no_prior_flow":true},"event_gaps_in_window":0,"mint":"8WvuNc9Pi7y2ML2ceBfittZNbmWBrWHLK9DviAxjpump","snapshot_drops_in_window":0,"t":1788976260000}
{"after":{"bot_uniform_micro":0,"cu_p50":103952,"entrants_300s":8,"entrants_60s":1,"fee_p90":410000,"net_flow_micro":535297},"before":{"no_prior_flow":true},"event_gaps_in_window":0,"mint":"8Xf2TSBVx9NEfum7HmR4kELZAW9iLT264Nnj8aHepump","snapshot_drops_in_window":0,"t":1788976260000}
{"after":{"bot_uniform_micro":310345,"cu_p50":70313,"entrants_300s":22,"entrants_60s":11,"fee_p90":67500,"net_flow_micro":14760668},"before":{"no_prior_flow":true},"event_gaps_in_window":0,"mint":"8g7fdfaWLw2SXn3XuaMhQKF3uMtFJzANGvjY7k1kpump","snapshot_drops_in_window":0,"t":1788976260000}
{"after":{"bot_uniform_micro":0,"cu_p50":165968,"entrants_300s":2,"entrants_60s":0,"fee_p90":552501,"net_flow_micro":181285},"before":{"no_prior_flow":true},"event_gaps_in_window":0,"mint":"8j3rbmt4EjnCxFh973v3YH6CGPzoHq6rAfXqgT3dpump","snapshot_drops_in_window":0,"t":1788976260000}
{"after":{"bot_uniform_micro":142857,"cu_p50":138897,"entrants_300s":5,"entrants_60s":5,"fee_p90":89160,"net_flow_micro":97029},"before":{"no_prior_flow":true},"event_gaps_in_window":0,"mint":"8jAqzE2e21s1WZtrMweugae64BvHZgCpWadRKAmzpump","snapshot_drops_in_window":0,"t":1788976260000}
{"after":{"bot_uniform_micro":375000,"cu_p50":106319,"entrants_300s":7,"entrants_60s":4,"fee_p90":410000,"net_flow_micro":-5555738},"before":{"bot_uniform_micro":0,"cu_p50":343272,"entrants_300s":1,"entrants_60s":0,"fee_p90":970560,"net_flow_micro":904749},"event_gaps_in_window":0,"mint":"8kEuFRzK9yks1UuNnDeFaCCmgMsuVmbKKfrL9dEypump","snapshot_drops_in_window":0,"t":1788976260000}
{"after":{"bot_uniform_micro":0,"cu_p50":113433,"entrants_300s":2,"entrants_60s":2,"fee_p90":89160,"net_flow_micro":8588},"before":{"no_prior_flow":true},"event_gaps_in_window":0,"mint":"94wmmbvjBG6jgetDFpTjmuyMe2e9U72N2dqVmwunpump","snapshot_drops_in_window":0,"t":1788976260000}
{"after":{"bot_uniform_micro":0,"cu_p50":120380,"entrants_300s":3,"entrants_60s":0,"fee_p90":101014,"net_flow_micro":-216887},"before":{"no_prior_flow":true},"event_gaps_in_window":0,"mint":"97JfxSTAAyuLUzjakvb7Pshi4CJqkS5tLs9auCMCpump","snapshot_drops_in_window":0,"t":1788976260000}
{"after":{"bot_uniform_micro":null,"cu_p50":null,"entrants_300s":0,"entrants_60s":0,"fee_p90":null,"net_flow_micro":-216968},"before":{"no_prior_flow":true},"event_gaps_in_window":0,"mint":"97MZRRSeEZSWXa6cHu3capuoZz13HViWGSWjNGffpump","snapshot_drops_in_window":0,"t":1788976260000}
{"after":{"bot_uniform_micro":0,"cu_p50":103560,"entrants_300s":3,"entrants_60s":0,"fee_p90":60784,"net_flow_micro":231960},"before":{"no_prior_flow":true},"event_gaps_in_window":0,"mint":"98X3nj8nmVGyKGr31kEZ5u4N6mge2dNjG8bEAu1cpump","snapshot_drops_in_window":0,"t":1788976260000}
{"after":{"bot_uniform_micro":363636,"cu_p50":83933,"entrants_300s":17,"entrants_60s":0,"fee_p90":480344,"net_flow_micro":-28660598},"before":{"bot_uniform_micro":null,"cu_p50":null,"entrants_300s":0,"entrants_60s":0,"fee_p90":null,"net_flow_micro":0},"event_gaps_in_window":0,"mint":"9UkQpLXBJXFRiwH69HqSt52mwmZrL5VYiBiwzAtqpump","snapshot_drops_in_window":0,"t":1788976260000}
{"after":{"bot_uniform_micro":130435,"cu_p50":93533,"entrants_300s":21,"entrants_60s":21,"fee_p90":9005000,"net_flow_micro":3035718},"before":{"bot_uniform_micro":0,"cu_p50":93803,"entrants_300s":3,"entrants_60s":3,"fee_p90":100210,"net_flow_micro":4117798},"event_gaps_in_window":0,"mint":"9dvwpE8Xrcg3H4pcjqYkGW97iEE5DLGEeMvqZGteQvet","snapshot_drops_in_window":0,"t":1788976260000}
{"after":{"bot_uniform_micro":0,"cu_p50":96553,"entrants_300s":16,"entrants_60s":12,"fee_p90":10005000,"net_flow_micro":1014386},"before":{"no_prior_flow":true},"event_gaps_in_window":0,"mint":"9vuwHRRvR4H6typ99U6DqgrsBgbrvEELJrxPCPjHpump","snapshot_drops_in_window":0,"t":1788976260000}
{"after":{"bot_uniform_micro":484642,"cu_p50":120502,"entrants_300s":152,"entrants_60s":21,"fee_p90":1005000,"net_flow_micro":-41930376},"before":{"bot_uniform_micro":0,"cu_p50":105406,"entrants_300s":11,"entrants_60s":1,"fee_p90":905067,"net_flow_micro":-3439782},"event_gaps_in_window":0,"mint":"A1saYxATRfsHMop5J7kRnRJBn3Yckho1D2m146impump","snapshot_drops_in_window":0,"t":1788976260000}
{"after":{"bot_uniform_micro":542857,"cu_p50":138233,"entrants_300s":16,"entrants_60s":4,"fee_p90":410000,"net_flow_micro":-2362039},"before":{"no_prior_flow":true},"event_gaps_in_window":0,"mint":"A3axJLvQXKj2i2gEMkSq9gx7pC77CDYEcnZi6xPEpump","snapshot_drops_in_window":0,"t":1788976260000}
{"after":{"bot_uniform_micro":0,"cu_p50":85395,"entrants_300s":1,"entrants_60s":0,"fee_p90":86290,"net_flow_micro":-2820421},"before":{"no_prior_flow":true},"event_gaps_in_window":0,"mint":"A56gtWXL96fS94zo5C36WCKHtdRC1unGrtXUHDCGpump","snapshot_drops_in_window":0,"t":1788976260000}
{"after":{"bot_uniform_micro":0,"cu_p50":123761,"entrants_300s":2,"entrants_60s":2,"fee_p90":96562,"net_flow_micro":83230},"before":{"no_prior_flow":true},"event_gaps_in_window":0,"mint":"AL93Vnc2h2ezTmYWzJVfYtj9X65MoJN6ZdHWt3zjpump","snapshot_drops_in_window":0,"t":1788976260000}
{"after":{"bot_uniform_micro":0,"cu_p50":318900,"entrants_300s":4,"entrants_60s":2,"fee_p90":410000,"net_flow_micro":-594194},"before":{"no_prior_flow":true},"event_gaps_in_window":0,"mint":"AScFao7bzbdJh7rBiF4yFqcY26dPdRqGffRttTYMpump","snapshot_drops_in_window":0,"t":1788976260000}
{"after":{"bot_uniform_micro":299595,"cu_p50":138209,"entrants_300s":22,"entrants_60s":11,"fee_p90":101014,"net_flow_micro":25182},"before":{"bot_uniform_micro":0,"cu_p50":138261,"entrants_300s":2,"entrants_60s":1,"fee_p90":101014,"net_flow_micro":-3289243},"event_gaps_in_window":0,"mint":"ATKNNSXzX9mhGxatpyTURv9wdakpwS57jpYvEodCpump","snapshot_drops_in_window":15,"t":1788976260000}
{"after":{"bot_uniform_micro":221198,"cu_p50":121761,"entrants_300s":30,"entrants_60s":13,"fee_p90":101014,"net_flow_micro":88407},"before":{"bot_uniform_micro":0,"cu_p50":121760,"entrants_300s":1,"entrants_60s":1,"fee_p90":101014,"net_flow_micro":-422356},"event_gaps_in_window":0,"mint":"AU4RpCmsTLF4iedLninD6L2vZ4v2jHZpB6Z4vobwpump","snapshot_drops_in_window":5,"t":1788976260000}
{"after":{"bot_uniform_micro":310680,"cu_p50":99336,"entrants_300s":94,"entrants_60s":0,"fee_p90":1005000,"net_flow_micro":338510},"before":{"bot_uniform_micro":0,"cu_p50":99301,"entrants_300s":10,"entrants_60s":0,"fee_p90":100210,"net_flow_micro":2127276},"event_gaps_in_window":0,"mint":"AeyhSgvivZvo1N1jzt6jtguqURn5Doa9YfGcpSuapump","snapshot_drops_in_window":0,"t":1788976260000}
{"after":{"bot_uniform_micro":null,"cu_p50":null,"entrants_300s":0,"entrants_60s":0,"fee_p90":null,"net_flow_micro":-225397},"before":{"no_prior_flow":true},"event_gaps_in_window":0,"mint":"AiwefDnXbePPvEd4bK95ccVPr3C8oUoBLYraHSTRpump","snapshot_drops_in_window":0,"t":1788976260000}
{"after":{"bot_uniform_micro":null,"cu_p50":null,"entrants_300s":0,"entrants_60s":0,"fee_p90":null,"net_flow_micro":-890579},"before":{"no_prior_flow":true},"event_gaps_in_window":0,"mint":"AmeVaqAs3uEyzKvogy3qpbTkZ4gnAfLhnLAyFji7pump","snapshot_drops_in_window":0,"t":1788976260000}
{"after":{"bot_uniform_micro":581181,"cu_p50":102794,"entrants_300s":390,"entrants_60s":101,"fee_p90":1005000,"net_flow_micro":38635444},"before":{"bot_uniform_micro":0,"cu_p50":102702,"entrants_300s":29,"entrants_60s":5,"fee_p90":305000,"net_flow_micro":20460735},"event_gaps_in_window":0,"mint":"AtUf7x3r3dgWJcAoCpwnn9ubFy8U5JYCAy9hrouspump","snapshot_drops_in_window":0,"t":1788976260000}
{"after":{"bot_uniform_micro":251366,"cu_p50":156909,"entrants_300s":268,"entrants_60s":51,"fee_p90":410000,"net_flow_micro":25609666},"before":{"bot_uniform_micro":0,"cu_p50":102197,"entrants_300s":9,"entrants_60s":2,"fee_p90":410000,"net_flow_micro":5631050},"event_gaps_in_window":0,"mint":"B2sbKzTXxRLP19WuxiXDQXYn8SQVtqkPtFJ7eK9Qpump","snapshot_drops_in_window":0,"t":1788976260000}
{"after":{"bot_uniform_micro":27273,"cu_p50":126376,"entrants_300s":8,"entrants_60s":3,"fee_p90":101014,"net_flow_micro":194407},"before":{"bot_uniform_micro":0,"cu_p50":126329,"entrants_300s":1,"entrants_60s":0,"fee_p90":101014,"net_flow_micro":-22288139},"event_gaps_in_window":0,"mint":"B4CvqjKjaA2Zd2pjKZVKCwmMyvSPX3PYxWzTKnm5pump","snapshot_drops_in_window":2,"t":1788976260000}
{"after":{"bot_uniform_micro":224490,"cu_p50":116374,"entrants_300s":15,"entrants_60s":9,"fee_p90":96562,"net_flow_micro":87280},"before":{"bot_uniform_micro":0,"cu_p50":116374,"entrants_300s":1,"entrants_60s":1,"fee_p90":92500,"net_flow_micro":22510223},"event_gaps_in_window":0,"mint":"B67Xnn8UvyeJxpwZfTrjqgycAxE1345vS1jH2hH5pump","snapshot_drops_in_window":4,"t":1788976260000}
{"after":{"bot_uniform_micro":0,"cu_p50":89183,"entrants_300s":3,"entrants_60s":0,"fee_p90":105000,"net_flow_micro":483673},"before":{"bot_uniform_micro":0,"cu_p50":89183,"entrants_300s":1,"entrants_60s":0,"fee_p90":105000,"net_flow_micro":653078},"event_gaps_in_window":0,"mint":"BHQSkrUTJukngMKtDhksGfG9VXj6K82DrNR3CybLpump","snapshot_drops_in_window":0,"t":1788976260000}
{"after":{"bot_uniform_micro":271845,"cu_p50":111757,"entrants_300s":81,"entrants_60s":6,"fee_p90":1005000,"net_flow_micro":10696408},"before":{"bot_uniform_micro":0,"cu_p50":113061,"entrants_300s":1,"entrants_60s":0,"fee_p90":77290,"net_flow_micro":6644933},"event_gaps_in_window":0,"mint":"BHprQ1wTYyn9CPC6uVQffkYW8ziZTrJbr3xkVuVJpump","snapshot_drops_in_window":0,"t":1788976260000}
{"after":{"bot_uniform_micro":null,"cu_p50":null,"entrants_300s":0,"entrants_60s":0,"fee_p90":null,"net_flow_micro":0},"before":{"no_prior_flow":true},"event_gaps_in_window":0,"mint":"BMPXGyRdnf9kWj1HSaE9ZWkyKiDbo6xUcBPro5vmL7hr","snapshot_drops_in_window":0,"t":1788976260000}
{"after":{"bot_uniform_micro":0,"cu_p50":68344,"entrants_300s":2,"entrants_60s":2,"fee_p90":10505011,"net_flow_micro":176730},"before":{"no_prior_flow":true},"event_gaps_in_window":0,"mint":"BNr15Kb1suKo2HzNjTdCPV5G8Dms6MQZifLVG5UoT8Vi","snapshot_drops_in_window":0,"t":1788976260000}
{"after":{"bot_uniform_micro":null,"cu_p50":null,"entrants_300s":0,"entrants_60s":0,"fee_p90":null,"net_flow_micro":0},"before":{"no_prior_flow":true},"event_gaps_in_window":0,"mint":"BPpcswNK7DV1Pm2UCVpHo7hzhEMprBigaPx9mD93A57f","snapshot_drops_in_window":0,"t":1788976260000}
{"after":{"bot_uniform_micro":0,"cu_p50":149956,"entrants_300s":1,"entrants_60s":1,"fee_p90":5000,"net_flow_micro":-1116371},"before":{"no_prior_flow":true},"event_gaps_in_window":0,"mint":"BZyEpkM16FesFHSiQFTW9rWDPjvHYQXb37PGzEtF5W4s","snapshot_drops_in_window":0,"t":1788976260000}
{"after":{"bot_uniform_micro":0,"cu_p50":87732,"entrants_300s":10,"entrants_60s":0,"fee_p90":100000,"net_flow_micro":-7089299},"before":{"bot_uniform_micro":0,"cu_p50":93515,"entrants_300s":1,"entrants_60s":0,"fee_p90":74400,"net_flow_micro":1374627},"event_gaps_in_window":0,"mint":"BitAst9t1moZhc88Ccwpk6a3gV6JmTXBEotiQmTZpump","snapshot_drops_in_window":0,"t":1788976260000}
{"after":{"bot_uniform_micro":0,"cu_p50":100402,"entrants_300s":3,"entrants_60s":3,"fee_p90":5005001,"net_flow_micro":1827160},"before":{"no_prior_flow":true},"event_gaps_in_window":0,"mint":"Bqb2WTgmEmHu3yn5NHDPab5FqhHWBfYDN3kzpCkzpump","snapshot_drops_in_window":0,"t":1788976260000}
{"after":{"bot_uniform_micro":0,"cu_p50":93365,"entrants_300s":1,"entrants_60s":1,"fee_p90":605001,"net_flow_micro":-139837},"before":{"no_prior_flow":true},"event_gaps_in_window":0,"mint":"CL36KyGaMN8Wcd5VE1RyXdYKsXTva2MigumiMz3npump","snapshot_drops_in_window":0,"t":1788976260000}
{"after":{"bot_uniform_micro":0,"cu_p50":86298,"entrants_300s":1,"entrants_60s":0,"fee_p90":1005000,"net_flow_micro":-123886},"before":{"bot_uniform_micro":null,"cu_p50":null,"entrants_300s":0,"entrants_60s":0,"fee_p90":null,"net_flow_micro":0},"event_gaps_in_window":0,"mint":"CLh7ezbjYKbVsZoqN2MCGoDsBcfN3NfUDDE8nHAipump","snapshot_drops_in_window":0,"t":1788976260000}
{"after":{"bot_uniform_micro":null,"cu_p50":null,"entrants_300s":0,"entrants_60s":0,"fee_p90":null,"net_flow_micro":0},"before":{"no_prior_flow":true},"event_gaps_in_window":0,"mint":"CM4RLsdBrFbfCneXyvUJqBmmQsb69Hm2H6QWhcq1nX8e","snapshot_drops_in_window":0,"t":1788976260000}
{"after":{"bot_uniform_micro":0,"cu_p50":138313,"entrants_300s":1,"entrants_60s":0,"fee_p90":9000,"net_flow_micro":2047},"before":{"no_prior_flow":true},"event_gaps_in_window":0,"mint":"CPimEyD6mysrtDiRfYeYCi3ipSEHb224ipd5zaSJpump","snapshot_drops_in_window":0,"t":1788976260000}
{"after":{"bot_uniform_micro":0,"cu_p50":114897,"entrants_300s":15,"entrants_60s":1,"fee_p90":80001,"net_flow_micro":620618},"before":{"no_prior_flow":true},"event_gaps_in_window":0,"mint":"CU8NZPcwTrxtvCNYdMnNuARtmRoNqgpBf13ah77Phj1X","snapshot_drops_in_window":0,"t":1788976260000}
{"after":{"bot_uniform_micro":0,"cu_p50":274521,"entrants_300s":6,"entrants_60s":2,"fee_p90":410000,"net_flow_micro":-2473555},"before":{"no_prior_flow":true},"event_gaps_in_window":0,"mint":"CyFtApDbWYjhkYFwjhKo1W9WWFu8HkXP2B7GpSt5pump","snapshot_drops_in_window":0,"t":1788976260000}
{"after":{"bot_uniform_micro":null,"cu_p50":null,"entrants_300s":0,"entrants_60s":0,"fee_p90":null,"net_flow_micro":-2533688},"before":{"no_prior_flow":true},"event_gaps_in_window":0,"mint":"DCN1XGdUCMqrEXj86zF1WK9q3M8jYr8g8UBLbGVZpump","snapshot_drops_in_window":0,"t":1788976260000}
{"after":{"bot_uniform_micro":0,"cu_p50":142863,"entrants_300s":6,"entrants_60s":1,"fee_p90":1005000,"net_flow_micro":-2783401},"before":{"bot_uniform_micro":null,"cu_p50":null,"entrants_300s":0,"entrants_60s":0,"fee_p90":null,"net_flow_micro":0},"event_gaps_in_window":0,"mint":"DDMR7vYbNLFimKJon4NgdJS2SFdzbiGEd7Axbs9ekTC1","snapshot_drops_in_window":0,"t":1788976260000}
{"after":{"bot_uniform_micro":207207,"cu_p50":129333,"entrants_300s":16,"entrants_60s":5,"fee_p90":101014,"net_flow_micro":15883},"before":{"bot_uniform_micro":0,"cu_p50":129308,"entrants_300s":1,"entrants_60s":1,"fee_p90":82181,"net_flow_micro":-316322},"event_gaps_in_window":0,"mint":"DSbWNgD484TszZdnXoFHH8xZsfSVRF2YHeH9S1j1pump","snapshot_drops_in_window":9,"t":1788976260000}
{"after":{"bot_uniform_micro":0,"cu_p50":139758,"entrants_300s":9,"entrants_60s":2,"fee_p90":1005000,"net_flow_micro":-1842130},"before":{"no_prior_flow":true},"event_gaps_in_window":0,"mint":"DnjxjnV5XTDKq9nMzrSPer7zKpvBmLgmd27iDwXApump","snapshot_drops_in_window":0,"t":1788976260000}
{"after":{"bot_uniform_micro":333333,"cu_p50":106891,"entrants_300s":9,"entrants_60s":0,"fee_p90":159000,"net_flow_micro":2602944},"before":{"no_prior_flow":true},"event_gaps_in_window":0,"mint":"Dp9gxFemyiHfVMTLdFhjP7h1EnHTe4Ki6fEB6Mw3pump","snapshot_drops_in_window":0,"t":1788976260000}
{"after":{"bot_uniform_micro":0,"cu_p50":84179,"entrants_300s":1,"entrants_60s":1,"fee_p90":15000,"net_flow_micro":-1017890},"before":{"bot_uniform_micro":null,"cu_p50":null,"entrants_300s":0,"entrants_60s":0,"fee_p90":null,"net_flow_micro":0},"event_gaps_in_window":0,"mint":"DqLsKkjYF9oBdALcxiifNntGzzWmhtiMZnUHWPqhWuKH","snapshot_drops_in_window":0,"t":1788976260000}
{"after":{"bot_uniform_micro":0,"cu_p50":147897,"entrants_300s":4,"entrants_60s":0,"fee_p90":55000,"net_flow_micro":-1744716},"before":{"no_prior_flow":true},"event_gaps_in_window":0,"mint":"DtHH4ZvyDusSzecfWnYxN1L68Jc31bN7nx8bckEmpump","snapshot_drops_in_window":0,"t":1788976260000}
{"after":{"bot_uniform_micro":null,"cu_p50":null,"entrants_300s":0,"entrants_60s":0,"fee_p90":null,"net_flow_micro":-4051082},"before":{"bot_uniform_micro":null,"cu_p50":null,"entrants_300s":0,"entrants_60s":0,"fee_p90":null,"net_flow_micro":-236650},"event_gaps_in_window":0,"mint":"DvSwPkzWJrDrQY6SjSdbzzLN4A1Yyuo69WKJPBWspump","snapshot_drops_in_window":0,"t":1788976260000}
{"after":{"bot_uniform_micro":0,"cu_p50":207442,"entrants_300s":1,"entrants_60s":0,"fee_p90":14000,"net_flow_micro":257497},"before":{"no_prior_flow":true},"event_gaps_in_window":0,"mint":"E8PbrUKnXkNKqeW8A7J9xd729eiNAPPBKfRKxV9qpump","snapshot_drops_in_window":0,"t":1788976260000}
{"after":{"bot_uniform_micro":0,"cu_p50":89020,"entrants_300s":10,"entrants_60s":0,"fee_p90":325000,"net_flow_micro":1132935},"before":{"no_prior_flow":true},"event_gaps_in_window":0,"mint":"EBRbgGkviq4qxTK7KVbMgrGLVx8sLBpfHJZphCdppump","snapshot_drops_in_window":0,"t":1788976260000}
{"after":{"bot_uniform_micro":0,"cu_p50":150952,"entrants_300s":6,"entrants_60s":0,"fee_p90":80001,"net_flow_micro":-5102832},"before":{"no_prior_flow":true},"event_gaps_in_window":0,"mint":"EKY7EeT6WUAiRJNxcyTMDKcYyqESM3Ht25diPTN2pump","snapshot_drops_in_window":0,"t":1788976260000}
{"after":{"bot_uniform_micro":null,"cu_p50":null,"entrants_300s":0,"entrants_60s":0,"fee_p90":null,"net_flow_micro":-125077},"before":{"no_prior_flow":true},"event_gaps_in_window":0,"mint":"EQ3juekNUnWbQzkhBpuPoDwHXXuiRzuiw2oRbNHEpump","snapshot_drops_in_window":0,"t":1788976260000}
{"after":{"bot_uniform_micro":0,"cu_p50":232343,"entrants_300s":1,"entrants_60s":0,"fee_p90":80001,"net_flow_micro":473408},"before":{"no_prior_flow":true},"event_gaps_in_window":0,"mint":"EWfb1SZmwgbM33ak9D9inPnLm78mwJDGce4jyiK4pump","snapshot_drops_in_window":0,"t":1788976260000}
{"after":{"bot_uniform_micro":0,"cu_p50":90939,"entrants_300s":6,"entrants_60s":0,"fee_p90":430417,"net_flow_micro":-752924},"before":{"no_prior_flow":true},"event_gaps_in_window":0,"mint":"EYKzyYrf4q5zGJBszrDGjz2J2LZmGH3x7RXWpmzBpump","snapshot_drops_in_window":0,"t":1788976260000}
{"after":{"bot_uniform_micro":0,"cu_p50":126928,"entrants_300s":3,"entrants_60s":3,"fee_p90":85000,"net_flow_micro":359073},"before":{"no_prior_flow":true},"event_gaps_in_window":0,"mint":"Ei4PRPumx8LTT5RyNvPxU316JMwqDegjimH5NneXpump","snapshot_drops_in_window":0,"t":1788976260000}
{"after":{"bot_uniform_micro":null,"cu_p50":null,"entrants_300s":0,"entrants_60s":0,"fee_p90":null,"net_flow_micro":0},"before":{"no_prior_flow":true},"event_gaps_in_window":0,"mint":"EwzdTm98vnwetWYXucw5qCEsFBwwC7oQjsmHT6d7pump","snapshot_drops_in_window":0,"t":1788976260000}
{"after":{"bot_uniform_micro":null,"cu_p50":null,"entrants_300s":0,"entrants_60s":0,"fee_p90":null,"net_flow_micro":-1080927},"before":{"no_prior_flow":true},"event_gaps_in_window":0,"mint":"FCcMhUa1MJsCZRyj17QHJuAFAK2j229T1Dc9ymjKpump","snapshot_drops_in_window":0,"t":1788976260000}
{"after":{"bot_uniform_micro":0,"cu_p50":114598,"entrants_300s":4,"entrants_60s":0,"fee_p90":711944,"net_flow_micro":299617},"before":{"no_prior_flow":true},"event_gaps_in_window":0,"mint":"FL75A9Qyp4LpmXKc2X3GWTvGgPd4mwWhVMiqwsj2tDwj","snapshot_drops_in_window":0,"t":1788976260000}
{"after":{"bot_uniform_micro":0,"cu_p50":144288,"entrants_300s":13,"entrants_60s":2,"fee_p90":1005000,"net_flow_micro":-8297621},"before":{"bot_uniform_micro":null,"cu_p50":null,"entrants_300s":0,"entrants_60s":0,"fee_p90":null,"net_flow_micro":0},"event_gaps_in_window":0,"mint":"FREoocUFHTh7VepWTAtHFis3897ssDPYA1EBvdTapump","snapshot_drops_in_window":0,"t":1788976260000}
{"after":{"bot_uniform_micro":0,"cu_p50":319584,"entrants_300s":1,"entrants_60s":0,"fee_p90":7599,"net_flow_micro":-1040759},"before":{"bot_uniform_micro":null,"cu_p50":null,"entrants_300s":0,"entrants_60s":0,"fee_p90":null,"net_flow_micro":0},"event_gaps_in_window":0,"mint":"FaJsHUZmyHsZTRtMQ6AxYXGgoVSDsjWjZQXokUuTpump","snapshot_drops_in_window":0,"t":1788976260000}
{"after":{"bot_uniform_micro":0,"cu_p50":139727,"entrants_300s":2,"entrants_60s":2,"fee_p90":75000,"net_flow_micro":194467},"before":{"no_prior_flow":true},"event_gaps_in_window":0,"mint":"GARY2oNLV5aL34rZ9jVthrsYBjNujQ2QNFiryVTspump","snapshot_drops_in_window":0,"t":1788976260000}
{"after":{"bot_uniform_micro":null,"cu_p50":null,"entrants_300s":0,"entrants_60s":0,"fee_p90":null,"net_flow_micro":0},"before":{"no_prior_flow":true},"event_gaps_in_window":0,"mint":"GC87Z47XsT6GnrRQjXwRkHLg4qSUXrtk7dzyBpSnpump","snapshot_drops_in_window":0,"t":1788976260000}
{"after":{"bot_uniform_micro":0,"cu_p50":122689,"entrants_300s":8,"entrants_60s":0,"fee_p90":26000,"net_flow_micro":1695237},"before":{"no_prior_flow":true},"event_gaps_in_window":0,"mint":"GCMv59JvZCZwknskC7cMCf63LkzzT5bwV2qGdK5Ppump","snapshot_drops_in_window":0,"t":1788976260000}
{"after":{"bot_uniform_micro":0,"cu_p50":91144,"entrants_300s":2,"entrants_60s":2,"fee_p90":622101,"net_flow_micro":370034},"before":{"no_prior_flow":true},"event_gaps_in_window":0,"mint":"GLteMVHGWknSNvCAeVxiePAN6Fuje6yaUmEn4WvZpump","snapshot_drops_in_window":0,"t":1788976260000}
{"after":{"bot_uniform_micro":null,"cu_p50":null,"entrants_300s":0,"entrants_60s":0,"fee_p90":null,"net_flow_micro":-785911},"before":{"bot_uniform_micro":null,"cu_p50":null,"entrants_300s":0,"entrants_60s":0,"fee_p90":null,"net_flow_micro":0},"event_gaps_in_window":0,"mint":"GR867ubpr6onDw7pjSPYGsHmpLb7QL9VuBZxD3R7pump","snapshot_drops_in_window":0,"t":1788976260000}
{"after":{"bot_uniform_micro":0,"cu_p50":275444,"entrants_300s":5,"entrants_60s":1,"fee_p90":410000,"net_flow_micro":5479912},"before":{"no_prior_flow":true},"event_gaps_in_window":0,"mint":"GT64PB7cJs3UJnc2GYW4VFTQRyKEbzwR7DCfKFyMjRrb","snapshot_drops_in_window":0,"t":1788976260000}
{"after":{"bot_uniform_micro":0,"cu_p50":103644,"entrants_300s":5,"entrants_60s":0,"fee_p90":1005000,"net_flow_micro":98028},"before":{"no_prior_flow":true},"event_gaps_in_window":0,"mint":"GbBd7rAjqeNWKZzA8xGruE8nrh2nEbAcy7JNZTGfpump","snapshot_drops_in_window":0,"t":1788976260000}
{"after":{"bot_uniform_micro":0,"cu_p50":130275,"entrants_300s":6,"entrants_60s":4,"fee_p90":86290,"net_flow_micro":593181},"before":{"no_prior_flow":true},"event_gaps_in_window":0,"mint":"H64QZNBvRXfDsY1VzNdt96Mb2M8CqbaP6U3djy6kpump","snapshot_drops_in_window":0,"t":1788976260000}
{"after":{"bot_uniform_micro":0,"cu_p50":90519,"entrants_300s":12,"entrants_60s":6,"fee_p90":81000,"net_flow_micro":-1813917},"before":{"bot_uniform_micro":0,"cu_p50":87698,"entrants_300s":1,"entrants_60s":0,"fee_p90":26607,"net_flow_micro":939114},"event_gaps_in_window":0,"mint":"HJk1HFcvgLqkVnEgNX1bLnXS382SAPVgiQigA7Fnpump","snapshot_drops_in_window":0,"t":1788976260000}
{"after":{"bot_uniform_micro":18051,"cu_p50":105712,"entrants_300s":270,"entrants_60s":32,"fee_p90":1005000,"net_flow_micro":16240640},"before":{"bot_uniform_micro":0,"cu_p50":138083,"entrants_300s":1,"entrants_60s":0,"fee_p90":1505000,"net_flow_micro":394727},"event_gaps_in_window":0,"mint":"HVcoQEjRnZJhYaorKWtBEDmYGSdekEbkqZaM4Da5pump","snapshot_drops_in_window":0,"t":1788976260000}
{"after":{"bot_uniform_micro":0,"cu_p50":231683,"entrants_300s":1,"entrants_60s":0,"fee_p90":80001,"net_flow_micro":5412},"before":{"no_prior_flow":true},"event_gaps_in_window":0,"mint":"HdPL4bP6smyfumoQhEPpkrAb4qpz3uvKZH4kdtFQpump","snapshot_drops_in_window":0,"t":1788976260000}
{"after":{"bot_uniform_micro":0,"cu_p50":111050,"entrants_300s":15,"entrants_60s":0,"fee_p90":315103,"net_flow_micro":197500},"before":{"no_prior_flow":true},"event_gaps_in_window":0,"mint":"HqUjJRw8JCq1hHNgv3ExYug3KFTyzDLpqnb5t69rpump","snapshot_drops_in_window":0,"t":1788976260000}
{"after":{"bot_uniform_micro":0,"cu_p50":122285,"entrants_300s":3,"entrants_60s":2,"fee_p90":101014,"net_flow_micro":-73368},"before":{"no_prior_flow":true},"event_gaps_in_window":0,"mint":"HrENr8Q1HzugCpFgsTU86FcAgNtH5hFQzSiuXKk8pump","snapshot_drops_in_window":0,"t":1788976260000}
{"after":{"bot_uniform_micro":0,"cu_p50":119310,"entrants_300s":1,"entrants_60s":0,"fee_p90":5000,"net_flow_micro":55},"before":{"no_prior_flow":true},"event_gaps_in_window":0,"mint":"Hy9XZ4Ae4oKtXYfuFzWkoNV18teCTpvWWu5PFD9Bpump","snapshot_drops_in_window":0,"t":1788976260000}
{"after":{"bot_uniform_micro":null,"cu_p50":null,"entrants_300s":0,"entrants_60s":0,"fee_p90":null,"net_flow_micro":-4616809},"before":{"no_prior_flow":true},"event_gaps_in_window":0,"mint":"HzcpbEah5ihEhqMSdFfShMntXa1xqqiJUJiP62Mcc8Kv","snapshot_drops_in_window":0,"t":1788976260000}
{"after":{"bot_uniform_micro":0,"cu_p50":149308,"entrants_300s":1,"entrants_60s":0,"fee_p90":9000,"net_flow_micro":251859},"before":{"bot_uniform_micro":null,"cu_p50":null,"entrants_300s":0,"entrants_60s":0,"fee_p90":null,"net_flow_micro":0},"event_gaps_in_window":0,"mint":"J4J7wFFndrNKhDa4rrMB9Amsqvqzk2uaJZDpStnUpump","snapshot_drops_in_window":0,"t":1788976260000}
{"after":{"bot_uniform_micro":null,"cu_p50":null,"entrants_300s":0,"entrants_60s":0,"fee_p90":null,"net_flow_micro":-325009},"before":{"no_prior_flow":true},"event_gaps_in_window":0,"mint":"JDrkAK8QdeXD4NUxci6ANV8KSQkNvvnmLVZundL5ihey","snapshot_drops_in_window":0,"t":1788976260000}
{"after":{"bot_uniform_micro":0,"cu_p50":116089,"entrants_300s":83,"entrants_60s":7,"fee_p90":104479,"net_flow_micro":203464},"before":{"no_prior_flow":true},"event_gaps_in_window":0,"mint":"1CDToD4pQqAdEjm5NQaxC1uapXEwHyqAPMkqwDSpump","snapshot_drops_in_window":0,"t":1788976320000}
{"after":{"bot_uniform_micro":0,"cu_p50":126874,"entrants_300s":2,"entrants_60s":1,"fee_p90":101014,"net_flow_micro":-17222515},"before":{"no_prior_flow":true},"event_gaps_in_window":0,"mint":"9w5gWetsKYZdMCJAA3URwcf8arGeAQmHT13Pdvgpump","snapshot_drops_in_window":0,"t":1788976320000}
{"after":{"bot_uniform_micro":558011,"cu_p50":94922,"entrants_300s":19,"entrants_60s":18,"fee_p90":92108,"net_flow_micro":43805},"before":{"bot_uniform_micro":0,"cu_p50":141235,"entrants_300s":1,"entrants_60s":1,"fee_p90":85000,"net_flow_micro":-834305},"event_gaps_in_window":0,"mint":"GrEpzw6CV42tY8gct9z6TZXCmCuzuPKh6eSiqD6pump","snapshot_drops_in_window":11,"t":1788976320000}
{"after":{"bot_uniform_micro":null,"cu_p50":null,"entrants_300s":0,"entrants_60s":0,"fee_p90":null,"net_flow_micro":0},"before":{"no_prior_flow":true},"event_gaps_in_window":0,"mint":"JKqjiwqwFtuWLFQj4bkVgfkUDEx1RyQ9n1z7eBDpump","snapshot_drops_in_window":0,"t":1788976320000}
{"after":{"bot_uniform_micro":0,"cu_p50":88421,"entrants_300s":15,"entrants_60s":15,"fee_p90":189805,"net_flow_micro":197096},"before":{"no_prior_flow":true},"event_gaps_in_window":0,"mint":"RfgzhDXuxjpSTZJ5CCLk7eTdtut7hP19S85jbZYpump","snapshot_drops_in_window":0,"t":1788976320000}
{"after":{"bot_uniform_micro":0,"cu_p50":155486,"entrants_300s":18,"entrants_60s":11,"fee_p90":80001,"net_flow_micro":4924818},"before":{"no_prior_flow":true},"event_gaps_in_window":0,"mint":"ZMNxX8wbKFD3C3gYHhH563qR7kK4VZ9djKEMVQEpump","snapshot_drops_in_window":0,"t":1788976320000}
{"after":{"bot_uniform_micro":0,"cu_p50":79405,"entrants_300s":18,"entrants_60s":1,"fee_p90":2005001,"net_flow_micro":707861},"before":{"no_prior_flow":true},"event_gaps_in_window":0,"mint":"pfXckfyqxVYCW7y4vRZ6kk7YkawDA8YkQw33NPEca7n","snapshot_drops_in_window":0,"t":1788976320000}
{"after":{"bot_uniform_micro":0,"cu_p50":86423,"entrants_300s":5,"entrants_60s":1,"fee_p90":155000,"net_flow_micro":573323},"before":{"no_prior_flow":true},"event_gaps_in_window":0,"mint":"ssubrUTRUZtXfJ4FqsUxq9Ef2u68tx4uBfiCyDLpump","snapshot_drops_in_window":0,"t":1788976320000}
{"after":{"bot_uniform_micro":0,"cu_p50":106421,"entrants_300s":7,"entrants_60s":0,"fee_p90":305000,"net_flow_micro":937},"before":{"no_prior_flow":true},"event_gaps_in_window":0,"mint":"wDuvBF18nWiEbzTQX9iTe8g7twfJ49bw6T5X3hkpump","snapshot_drops_in_window":0,"t":1788976320000}
{"after":{"bot_uniform_micro":69767,"cu_p50":125391,"entrants_300s":7,"entrants_60s":3,"fee_p90":92108,"net_flow_micro":1099450},"before":{"no_prior_flow":true},"event_gaps_in_window":0,"mint":"26fMAmPJ5Ze5n9A1J7Gt3zQYhm9Udmo5LG9KUtd1pump","snapshot_drops_in_window":0,"t":1788976320000}
{"after":{"bot_uniform_micro":245283,"cu_p50":98169,"entrants_300s":45,"entrants_60s":6,"fee_p90":730420,"net_flow_micro":-15692460},"before":{"bot_uniform_micro":0,"cu_p50":95102,"entrants_300s":2,"entrants_60s":0,"fee_p90":410000,"net_flow_micro":-5662086},"event_gaps_in_window":0,"mint":"2YuFLBKqmgBsxrbVgqRXgSrzwf6wyNCkCUAqUMEGpump","snapshot_drops_in_window":0,"t":1788976320000}
{"after":{"bot_uniform_micro":0,"cu_p50":91561,"entrants_300s":31,"entrants_60s":10,"fee_p90":410000,"net_flow_micro":3649583},"before":{"no_prior_flow":true},"event_gaps_in_window":0,"mint":"2ZKkVVkHUNTf5LfPnpudB7ANtACw8X9Tw7Lgcuxwpump","snapshot_drops_in_window":0,"t":1788976320000}
{"after":{"bot_uniform_micro":0,"cu_p50":237699,"entrants_300s":1,"entrants_60s":0,"fee_p90":1005000,"net_flow_micro":18886},"before":{"no_prior_flow":true},"event_gaps_in_window":0,"mint":"2h2GHqhJuR5kaG6Srwk45mCZZANCYxKuNSHtYjRRpump","snapshot_drops_in_window":0,"t":1788976320000}
{"after":{"bot_uniform_micro":null,"cu_p50":null,"entrants_300s":0,"entrants_60s":0,"fee_p90":null,"net_flow_micro":-690207},"before":{"no_prior_flow":true},"event_gaps_in_window":0,"mint":"2hZPYB8ud7RUQAHkCmWvTcqB7YH1xfTAsAoUtDnFpump","snapshot_drops_in_window":0,"t":1788976320000}
{"after":{"bot_uniform_micro":0,"cu_p50":127670,"entrants_300s":4,"entrants_60s":0,"fee_p90":25777,"net_flow_micro":79210},"before":{"no_prior_flow":true},"event_gaps_in_window":0,"mint":"2zt5XGeXLFrcASYnYnefb5Ano3yofnoESDaK8v9ppump","snapshot_drops_in_window":0,"t":1788976320000}
{"after":{"bot_uniform_micro":462222,"cu_p50":90921,"entrants_300s":167,"entrants_60s":4,"fee_p90":1005000,"net_flow_micro":3433095},"before":{"bot_uniform_micro":0,"cu_p50":93325,"entrants_300s":13,"entrants_60s":0,"fee_p90":1005000,"net_flow_micro":4914358},"event_gaps_in_window":0,"mint":"3G6PAF448tZqGmjpxKHygkYUQbu7P1ZfscWAiDGLZyQf","snapshot_drops_in_window":0,"t":1788976320000}
{"after":{"bot_uniform_micro":111111,"cu_p50":104080,"entrants_300s":9,"entrants_60s":0,"fee_p90":101014,"net_flow_micro":-94410},"before":{"bot_uniform_micro":0,"cu_p50":127787,"entrants_300s":1,"entrants_60s":0,"fee_p90":101014,"net_flow_micro":66230},"event_gaps_in_window":0,"mint":"3ZVbE8NSiJbo2vcTMMpWgZxjnhz6GXysMFi8Xsxcpump","snapshot_drops_in_window":1,"t":1788976320000}
{"after":{"bot_uniform_micro":0,"cu_p50":120256,"entrants_300s":1,"entrants_60s":1,"fee_p90":101014,"net_flow_micro":-281451},"before":{"no_prior_flow":true},"event_gaps_in_window":0,"mint":"3aN56TN7nwtp8UqD5xZeye42KFcazmrprhWR7Gscpump","snapshot_drops_in_window":0,"t":1788976320000}
{"after":{"bot_uniform_micro":0,"cu_p50":140340,"entrants_300s":5,"entrants_60s":2,"fee_p90":101014,"net_flow_micro":-307888},"before":{"bot_uniform_micro":0,"cu_p50":140370,"entrants_300s":1,"entrants_60s":0,"fee_p90":101014,"net_flow_micro":864216},"event_gaps_in_window":0,"mint":"3oV3dgtZv6TdMJe5993BtfGfHTA6E8Cbtf8Xjiodpump","snapshot_drops_in_window":2,"t":1788976320000}
{"after":{"bot_uniform_micro":null,"cu_p50":null,"entrants_300s":0,"entrants_60s":0,"fee_p90":null,"net_flow_micro":-2228},"before":{"no_prior_flow":true},"event_gaps_in_window":0,"mint":"3wJEdMysjAyMWC7WHMmnfMrNaryZG3rL54TdXBgiAh2u","snapshot_drops_in_window":0,"t":1788976320000}
{"after":{"bot_uniform_micro":429825,"cu_p50":87668,"entrants_300s":20,"entrants_60s":2,"fee_p90":101014,"net_flow_micro":-1194283},"before":{"bot_uniform_micro":0,"cu_p50":123327,"entrants_300s":1,"entrants_60s":0,"fee_p90":101014,"net_flow_micro":-4201284},"event_gaps_in_window":0,"mint":"3wQJbSgj3Vkg5oBoi77FCtWpyvvmkZrMJE5JnQbKpump","snapshot_drops_in_window":0,"t":1788976320000}
{"after":{"bot_uniform_micro":0,"cu_p50":163409,"entrants_300s":3,"entrants_60s":0,"fee_p90":92672,"net_flow_micro":0},"before":{"no_prior_flow":true},"event_gaps_in_window":0,"mint":"4stGCNVB75Y4Zg4m6phtcwb5xXpZ7AAJwLtjU9NWpump","snapshot_drops_in_window":0,"t":1788976320000}
{"after":{"bot_uniform_micro":null,"cu_p50":null,"entrants_300s":0,"entrants_60s":0,"fee_p90":null,"net_flow_micro":-40061},"before":{"no_prior_flow":true},"event_gaps_in_window":0,"mint":"4wRmu5KY7X353uBHYsPJhvuRZc6MMzgsU8aGqXtupump","snapshot_drops_in_window":0,"t":1788976320000}
{"after":{"bot_uniform_micro":null,"cu_p50":null,"entrants_300s":0,"entrants_60s":0,"fee_p90":null,"net_flow_micro":0},"before":{"no_prior_flow":true},"event_gaps_in_window":0,"mint":"55qDmCPGUGdLAuN6rYzoqoTZ1xhKaRvDCQwZFB4mpump","snapshot_drops_in_window":0,"t":1788976320000}
{"after":{"bot_uniform_micro":0,"cu_p50":147897,"entrants_300s":3,"entrants_60s":0,"fee_p90":15000,"net_flow_micro":337397},"before":{"no_prior_flow":true},"event_gaps_in_window":0,"mint":"59HjntGuHBw4Arse7vkPswA992vKApt7oPiSxfQDpump","snapshot_drops_in_window":0,"t":1788976320000}
{"after":{"bot_uniform_micro":500000,"cu_p50":99924,"entrants_300s":6,"entrants_60s":0,"fee_p90":1005000,"net_flow_micro":0},"before":{"no_prior_flow":true},"event_gaps_in_window":0,"mint":"5Xtcvvo95MUT6g8XGGHkjeE1E7aMNvhaWvf355tCpump","snapshot_drops_in_window":0,"t":1788976320000}
{"after":{"bot_uniform_micro":null,"cu_p50":null,"entrants_300s":0,"entrants_60s":0,"fee_p90":null,"net_flow_micro":-23},"before":{"no_prior_flow":true},"event_gaps_in_window":0,"mint":"5cAz6tvPmNPQ5c6qA5RqjiQ6ea46Md3x8fUXGBHtpump","snapshot_drops_in_window":0,"t":1788976320000}
{"after":{"bot_uniform_micro":0,"cu_p50":110844,"entrants_300s":12,"entrants_60s":12,"fee_p90":2605901,"net_flow_micro":707879},"before":{"no_prior_flow":true},"event_gaps_in_window":0,"mint":"5haxW7mWVpvdF1b7wUpigci8KYnivrYF99LApH4Lpump","snapshot_drops_in_window":0,"t":1788976320000}
{"after":{"bot_uniform_micro":297872,"cu_p50":117901,"entrants_300s":12,"entrants_60s":12,"fee_p90":85000,"net_flow_micro":449117},"before":{"no_prior_flow":true},"event_gaps_in_window":0,"mint":"5jP3o9NzusdWUZVhkK3KHxxVdFdvxk8CXMaEYt82pump","snapshot_drops_in_window":0,"t":1788976320000}
{"after":{"bot_uniform_micro":0,"cu_p50":175364,"entrants_300s":1,"entrants_60s":0,"fee_p90":15000,"net_flow_micro":520105},"before":{"no_prior_flow":true},"event_gaps_in_window":0,"mint":"659xrvMd1Vdc7TUFQ2uL8hFMmbN3i52yqRX3HTGiEbnu","snapshot_drops_in_window":0,"t":1788976320000}
{"after":{"bot_uniform_micro":438792,"cu_p50":99522,"entrants_300s":764,"entrants_60s":160,"fee_p90":515950,"net_flow_micro":21494834},"before":{"bot_uniform_micro":0,"cu_p50":98009,"entrants_300s":77,"entrants_60s":17,"fee_p90":493325,"net_flow_micro":52396306},"event_gaps_in_window":0,"mint":"67afrnTxo8DVc52Uev61Yo4Yr9BGQpRw1RpPMWcx42La","snapshot_drops_in_window":0,"t":1788976320000}
{"after":{"bot_uniform_micro":0,"cu_p50":100976,"entrants_300s":22,"entrants_60s":22,"fee_p90":1005000,"net_flow_micro":4951930},"before":{"no_prior_flow":true},"event_gaps_in_window":0,"mint":"68DvqHXcRJbvMjiVc6yBUpGqp11oNkKvRv9zHizCpump","snapshot_drops_in_window":0,"t":1788976320000}
{"after":{"bot_uniform_micro":null,"cu_p50":null,"entrants_300s":0,"entrants_60s":0,"fee_p90":null,"net_flow_micro":-106802},"before":{"bot_uniform_micro":null,"cu_p50":null,"entrants_300s":0,"entrants_60s":0,"fee_p90":null,"net_flow_micro":-106802},"event_gaps_in_window":0,"mint":"693pcjWS8HTmMsYtmpFEdVSbzjM4HxwGoSHwmU5ypump","snapshot_drops_in_window":0,"t":1788976320000}
{"after":{"bot_uniform_micro":0,"cu_p50":126840,"entrants_300s":6,"entrants_60s":0,"fee_p90":86290,"net_flow_micro":-1398643},"before":{"no_prior_flow":true},"event_gaps_in_window":0,"mint":"6NwA7EAjVW1XoHj62964dH3Lh1qHtpSEeyhnWbHSpump","snapshot_drops_in_window":0,"t":1788976320000}
{"after":{"bot_uniform_micro":null,"cu_p50":null,"entrants_300s":0,"entrants_60s":0,"fee_p90":null,"net_flow_micro":-809},"before":{"no_prior_flow":true},"event_gaps_in_window":0,"mint":"6T1BNshzGAKAHvJ3NZ5n62X2eg5rqqsMipUMZJvLpump","snapshot_drops_in_window":0,"t":1788976320000}
{"after":{"bot_uniform_micro":null,"cu_p50":null,"entrants_300s":0,"entrants_60s":0,"fee_p90":null,"net_flow_micro":-21588},"before":{"no_prior_flow":true},"event_gaps_in_window":0,"mint":"6XMzbhvvrCH1MVTrcnebhqmwej7ZUogdi91zorqNpump","snapshot_drops_in_window":0,"t":1788976320000}
{"after":{"bot_uniform_micro":0,"cu_p50":110192,"entrants_300s":19,"entrants_60s":0,"fee_p90":175836,"net_flow_micro":4689},"before":{"no_prior_flow":true},"event_gaps_in_window":0,"mint":"6dy2QbDi3FpiBm3QpTWKhypHeZJ224CV7mzSReTjpump","snapshot_drops_in_window":0,"t":1788976320000}
{"after":{"bot_uniform_micro":0,"cu_p50":206481,"entrants_300s":1,"entrants_60s":1,"fee_p90":14000,"net_flow_micro":-134684},"before":{"no_prior_flow":true},"event_gaps_in_window":0,"mint":"6faFcTYnxVtvtFvq3KmZbpUHmaDMsgWExKbg2QTXpump","snapshot_drops_in_window":0,"t":1788976320000}
{"after":{"bot_uniform_micro":null,"cu_p50":null,"entrants_300s":0,"entrants_60s":0,"fee_p90":null,"net_flow_micro":0},"before":{"bot_uniform_micro":null,"cu_p50":null,"entrants_300s":0,"entrants_60s":0,"fee_p90":null,"net_flow_micro":0},"event_gaps_in_window":0,"mint":"6ocz1wL9hdCwgwWRUSgeNCLSQrME2UUNiC9es5kGpump","snapshot_drops_in_window":0,"t":1788976320000}
{"after":{"bot_uniform_micro":0,"cu_p50":109498,"entrants_300s":4,"entrants_60s":4,"fee_p90":5005001,"net_flow_micro":2975852},"before":{"no_prior_flow":true},"event_gaps_in_window":0,"mint":"6rCxPVbJ5uqnuE5ZtZ6huwM4uoh8Zk41yXLrkGkypump","snapshot_drops_in_window":0,"t":1788976320000}
{"after":{"bot_uniform_micro":385892,"cu_p50":114435,"entrants_300s":24,"entrants_60s":17,"fee_p90":101014,"net_flow_micro":329839},"before":{"bot_uniform_micro":0,"cu_p50":114236,"entrants_300s":1,"entrants_60s":1,"fee_p90":101014,"net_flow_micro":1354765},"event_gaps_in_window":0,"mint":"6ufF263czGFhTSzCD5jSeyMLQhTdVENrKCAHuoEjpump","snapshot_drops_in_window":9,"t":1788976320000}
{"after":{"bot_uniform_micro":0,"cu_p50":142578,"entrants_300s":1,"entrants_60s":0,"fee_p90":9000,"net_flow_micro":-317830},"before":{"no_prior_flow":true},"event_gaps_in_window":0,"mint":"77CHZyKTgGjysxrfgYaTWJQ1vG17NKHewHfFV2Nqpump","snapshot_drops_in_window":0,"t":1788976320000}
{"after":{"bot_uniform_micro":39120,"cu_p50":102435,"entrants_300s":357,"entrants_60s":0,"fee_p90":1005000,"net_flow_micro":48504},"before":{"bot_uniform_micro":0,"cu_p50":96484,"entrants_300s":5,"entrants_60s":0,"fee_p90":505000,"net_flow_micro":2739119},"event_gaps_in_window":0,"mint":"79E5qoP8aZRU6tsq7oLVL3CY3TGu6or9uiQgntiTpump","snapshot_drops_in_window":0,"t":1788976320000}
{"after":{"bot_uniform_micro":0,"cu_p50":99703,"entrants_300s":19,"entrants_60s":19,"fee_p90":1010000,"net_flow_micro":2253671},"before":{"bot_uniform_micro":0,"cu_p50":101224,"entrants_300s":1,"entrants_60s":1,"fee_p90":1005000,"net_flow_micro":960930},"event_gaps_in_window":0,"mint":"79Mb5itCa5PhM6BoUBcJBbTN941JymRCZmEhvieJiGb1","snapshot_drops_in_window":0,"t":1788976320000}
{"after":{"bot_uniform_micro":0,"cu_p50":170990,"entrants_300s":2,"entrants_60s":0,"fee_p90":15087,"net_flow_micro":-2955165},"before":{"no_prior_flow":true},"event_gaps_in_window":0,"mint":"7CwLRAyJe5UbhRe4ZzVdjwM2bX3BDfYnsrRcynwM9j6G","snapshot_drops_in_window":0,"t":1788976320000}
{"after":{"bot_uniform_micro":0,"cu_p50":215803,"entrants_300s":3,"entrants_60s":0,"fee_p90":189805,"net_flow_micro":204755},"before":{"no_prior_flow":true},"event_gaps_in_window":0,"mint":"7Qw6eV68J1wAK4YjRbkaswsWoYZtvo1krYFiBR3Lpump","snapshot_drops_in_window":0,"t":1788976320000}
{"after":{"bot_uniform_micro":0,"cu_p50":99338,"entrants_300s":9,"entrants_60s":9,"fee_p90":305000,"net_flow_micro":4102807},"before":{"no_prior_flow":true},"event_gaps_in_window":0,"mint":"7XcZPX6RtDRzqyMzgAX3dXPQgTDJDioUqXvFMvnxpump","snapshot_drops_in_window":0,"t":1788976320000}
{"after":{"bot_uniform_micro":0,"cu_p50":158540,"entrants_300s":1,"entrants_60s":0,"fee_p90":15000,"net_flow_micro":-1386788},"before":{"no_prior_flow":true},"event_gaps_in_window":0,"mint":"7aGvGRwpXexuaziL1pYpmKyLqaxCYecumzQHAHfgpump","snapshot_drops_in_window":0,"t":1788976320000}
{"after":{"bot_uniform_micro":null,"cu_p50":null,"entrants_300s":0,"entrants_60s":0,"fee_p90":null,"net_flow_micro":-3103107},"before":{"no_prior_flow":true},"event_gaps_in_window":0,"mint":"7eiS447TVyaMEU48iAEXWtSQM4ufP9Hc9feSi8yapump","snapshot_drops_in_window":0,"t":1788976320000}
{"after":{"bot_uniform_micro":0,"cu_p50":165770,"entrants_300s":3,"entrants_60s":0,"fee_p90":75000,"net_flow_micro":11392},"before":{"no_prior_flow":true},"event_gaps_in_window":0,"mint":"7qiJBC6Rt1h8FjyHfWD9ZGH7caiSTnwaiCMqoasCpump","snapshot_drops_in_window":0,"t":1788976320000}
{"after":{"bot_uniform_micro":120000,"cu_p50":92189,"entrants_300s":59,"entrants_60s":0,"fee_p90":317819,"net_flow_micro":187408},"before":{"bot_uniform_micro":0,"cu_p50":92239,"entrants_300s":4,"entrants_60s":0,"fee_p90":1005000,"net_flow_micro":7254305},"event_gaps_in_window":0,"mint":"7v2EzuBBLAagvYUr1SCCcRQQGPjmmEecYAxMhKe4Xy2o","snapshot_drops_in_window":0,"t":1788976320000}
{"after":{"bot_uniform_micro":0,"cu_p50":141873,"entrants_300s":4,"entrants_60s":0,"fee_p90":101014,"net_flow_micro":0},"before":{"no_prior_flow":true},"event_gaps_in_window":0,"mint":"7wGgUhpFYpuF3jSQKsRV5hjJPtyrjgkKPtGQxo6fpump","snapshot_drops_in_window":1,"t":1788976320000}
{"after":{"bot_uniform_micro":0,"cu_p50":89047,"entrants_300s":39,"entrants_60s":0,"fee_p90":125000,"net_flow_micro":10696},"before":{"no_prior_flow":true},"event_gaps_in_window":0,"mint":"7zLuXWjiPRQDo5nVsxjztZkZKassAvWiU1UhWi1Npump","snapshot_drops_in_window":0,"t":1788976320000}
{"after":{"bot_uniform_micro":323529,"cu_p50":96667,"entrants_300s":124,"entrants_60s":4,"fee_p90":1005000,"net_flow_micro":2402853},"before":{"bot_uniform_micro":0,"cu_p50":99435,"entrants_300s":8,"entrants_60s":0,"fee_p90":86290,"net_flow_micro":495761},"event_gaps_in_window":0,"mint":"82riCJH8CEcDZMTGvafMVshNWJYzjQ1d2wY1ZiXepump","snapshot_drops_in_window":0,"t":1788976320000}
{"after":{"bot_uniform_micro":397849,"cu_p50":118658,"entrants_300s":29,"entrants_60s":16,"fee_p90":101014,"net_flow_micro":13310},"before":{"bot_uniform_micro":0,"cu_p50":118366,"entrants_300s":1,"entrants_60s":1,"fee_p90":85000,"net_flow_micro":3476},"event_gaps_in_window":0,"mint":"88auzB8y5zn4Qo5Lu7pyRifrj9R4hBB8tzLT7yd4pump","snapshot_drops_in_window":3,"t":1788976320000}
{"after":{"bot_uniform_micro":150000,"cu_p50":143260,"entrants_300s":18,"entrants_60s":0,"fee_p90":440415,"net_flow_micro":-6089586},"before":{"bot_uniform_micro":null,"cu_p50":null,"entrants_300s":0,"entrants_60s":0,"fee_p90":null,"net_flow_micro":0},"event_gaps_in_window":0,"mint":"8CUkfgU3w5zxWP27v9B9mef15sL23fzxYvw23wbPpump","snapshot_drops_in_window":0,"t":1788976320000}
{"after":{"bot_uniform_micro":null,"cu_p50":null,"entrants_300s":0,"entrants_60s":0,"fee_p90":null,"net_flow_micro":-404297},"before":{"no_prior_flow":true},"event_gaps_in_window":0,"mint":"8NNG2iEQedAqcYSGV5qP5t49VXMbNEF1EhKFbQrfpump","snapshot_drops_in_window":0,"t":1788976320000}
{"after":{"bot_uniform_micro":0,"cu_p50":149090,"entrants_300s":3,"entrants_60s":0,"fee_p90":218389,"net_flow_micro":43384},"before":{"no_prior_flow":true},"event_gaps_in_window":0,"mint":"8PQHzitteX1SjSVmGN7qSPtk2Hr9rV5QeDD1NnX8pump","snapshot_drops_in_window":0,"t":1788976320000}
{"after":{"bot_uniform_micro":0,"cu_p50":68899,"entrants_300s":1,"entrants_60s":0,"fee_p90":5000,"net_flow_micro":0},"before":{"no_prior_flow":true},"event_gaps_in_window":0,"mint":"8TKfTQ3ca21iCqbV8c9QqSrBWBEkB6qmquktT2C5pump","snapshot_drops_in_window":0,"t":1788976320000}
{"after":{"bot_uniform_micro":null,"cu_p50":null,"entrants_300s":0,"entrants_60s":0,"fee_p90":null,"net_flow_micro":-103240},"before":{"no_prior_flow":true},"event_gaps_in_window":0,"mint":"8WvuNc9Pi7y2ML2ceBfittZNbmWBrWHLK9DviAxjpump","snapshot_drops_in_window":0,"t":1788976320000}
{"after":{"bot_uniform_micro":0,"cu_p50":96806,"entrants_300s":7,"entrants_60s":1,"fee_p90":120508,"net_flow_micro":160460},"before":{"no_prior_flow":true},"event_gaps_in_window":0,"mint":"8Xf2TSBVx9NEfum7HmR4kELZAW9iLT264Nnj8aHepump","snapshot_drops_in_window":0,"t":1788976320000}
{"after":{"bot_uniform_micro":405405,"cu_p50":70305,"entrants_300s":23,"entrants_60s":8,"fee_p90":67500,"net_flow_micro":16719445},"before":{"no_prior_flow":true},"event_gaps_in_window":0,"mint":"8g7fdfaWLw2SXn3XuaMhQKF3uMtFJzANGvjY7k1kpump","snapshot_drops_in_window":0,"t":1788976320000}
{"after":{"bot_uniform_micro":0,"cu_p50":165968,"entrants_300s":1,"entrants_60s":0,"fee_p90":552501,"net_flow_micro":27516},"before":{"no_prior_flow":true},"event_gaps_in_window":0,"mint":"8j3rbmt4EjnCxFh973v3YH6CGPzoHq6rAfXqgT3dpump","snapshot_drops_in_window":0,"t":1788976320000}
{"after":{"bot_uniform_micro":130435,"cu_p50":138872,"entrants_300s":6,"entrants_60s":2,"fee_p90":89160,"net_flow_micro":952},"before":{"no_prior_flow":true},"event_gaps_in_window":0,"mint":"8jAqzE2e21s1WZtrMweugae64BvHZgCpWadRKAmzpump","snapshot_drops_in_window":0,"t":1788976320000}
{"after":{"bot_uniform_micro":0,"cu_p50":106269,"entrants_300s":8,"entrants_60s":2,"fee_p90":410000,"net_flow_micro":-926486},"before":{"bot_uniform_micro":0,"cu_p50":343272,"entrants_300s":1,"entrants_60s":0,"fee_p90":970560,"net_flow_micro":904749},"event_gaps_in_window":0,"mint":"8kEuFRzK9yks1UuNnDeFaCCmgMsuVmbKKfrL9dEypump","snapshot_drops_in_window":0,"t":1788976320000}
{"after":{"bot_uniform_micro":0,"cu_p50":104863,"entrants_300s":11,"entrants_60s":11,"fee_p90":241019,"net_flow_micro":1309187},"before":{"no_prior_flow":true},"event_gaps_in_window":0,"mint":"93ZecnucTuuzMcJsjqfZQSeBJ3i62qWwCBazDViNpump","snapshot_drops_in_window":0,"t":1788976320000}
{"after":{"bot_uniform_micro":0,"cu_p50":120321,"entrants_300s":3,"entrants_60s":0,"fee_p90":101014,"net_flow_micro":-138081},"before":{"no_prior_flow":true},"event_gaps_in_window":0,"mint":"97JfxSTAAyuLUzjakvb7Pshi4CJqkS5tLs9auCMCpump","snapshot_drops_in_window":0,"t":1788976320000}
{"after":{"bot_uniform_micro":0,"cu_p50":139680,"entrants_300s":1,"entrants_60s":1,"fee_p90":45666,"net_flow_micro":-117552},"before":{"no_prior_flow":true},"event_gaps_in_window":0,"mint":"97MZRRSeEZSWXa6cHu3capuoZz13HViWGSWjNGffpump","snapshot_drops_in_window":0,"t":1788976320000}
{"after":{"bot_uniform_micro":0,"cu_p50":87871,"entrants_300s":1,"entrants_60s":1,"fee_p90":1005000,"net_flow_micro":91007},"before":{"no_prior_flow":true},"event_gaps_in_window":0,"mint":"98X3nj8nmVGyKGr31kEZ5u4N6mge2dNjG8bEAu1cpump","snapshot_drops_in_window":0,"t":1788976320000}
{"after":{"bot_uniform_micro":0,"cu_p50":109254,"entrants_300s":8,"entrants_60s":8,"fee_p90":110000,"net_flow_micro":3410734},"before":{"no_prior_flow":true},"event_gaps_in_window":0,"mint":"9Nj4SfS3i7JuX1AMdKeMeb1og4AY416e3HYiXMAqpump","snapshot_drops_in_window":0,"t":1788976320000}
{"after":{"bot_uniform_micro":533333,"cu_p50":83894,"entrants_300s":11,"entrants_60s":1,"fee_p90":410000,"net_flow_micro":-27484567},"before":{"bot_uniform_micro":null,"cu_p50":null,"entrants_300s":0,"entrants_60s":0,"fee_p90":null,"net_flow_micro":0},"event_gaps_in_window":0,"mint":"9UkQpLXBJXFRiwH69HqSt52mwmZrL5VYiBiwzAtqpump","snapshot_drops_in_window":0,"t":1788976320000}
{"after":{"bot_uniform_micro":206897,"cu_p50":92311,"entrants_300s":27,"entrants_60s":6,"fee_p90":8005000,"net_flow_micro":4976523},"before":{"bot_uniform_micro":0,"cu_p50":93803,"entrants_300s":4,"entrants_60s":1,"fee_p90":100210,"net_flow_micro":5341008},"event_gaps_in_window":0,"mint":"9dvwpE8Xrcg3H4pcjqYkGW97iEE5DLGEeMvqZGteQvet","snapshot_drops_in_window":0,"t":1788976320000}
{"after":{"bot_uniform_micro":0,"cu_p50":92625,"entrants_300s":26,"entrants_60s":10,"fee_p90":10005000,"net_flow_micro":1311522},"before":{"bot_uniform_micro":null,"cu_p50":null,"entrants_300s":0,"entrants_60s":0,"fee_p90":null,"net_flow_micro":-4164085},"event_gaps_in_window":0,"mint":"9vuwHRRvR4H6typ99U6DqgrsBgbrvEELJrxPCPjHpump","snapshot_drops_in_window":0,"t":1788976320000}
{"after":{"bot_uniform_micro":468750,"cu_p50":128333,"entrants_300s":123,"entrants_60s":8,"fee_p90":1005000,"net_flow_micro":-30855765},"before":{"bot_uniform_micro":0,"cu_p50":99584,"entrants_300s":9,"entrants_60s":0,"fee_p90":505001,"net_flow_micro":-4175214},"event_gaps_in_window":0,"mint":"A1saYxATRfsHMop5J7kRnRJBn3Yckho1D2m146impump","snapshot_drops_in_window":0,"t":1788976320000}
{"after":{"bot_uniform_micro":600000,"cu_p50":157149,"entrants_300s":11,"entrants_60s":1,"fee_p90":405000,"net_flow_micro":-4946674},"before":{"no_prior_flow":true},"event_gaps_in_window":0,"mint":"A3axJLvQXKj2i2gEMkSq9gx7pC77CDYEcnZi6xPEpump","snapshot_drops_in_window":0,"t":1788976320000}
{"after":{"bot_uniform_micro":null,"cu_p50":null,"entrants_300s":0,"entrants_60s":0,"fee_p90":null,"net_flow_micro":-4068687},"before":{"no_prior_flow":true},"event_gaps_in_window":0,"mint":"A56gtWXL96fS94zo5C36WCKHtdRC1unGrtXUHDCGpump","snapshot_drops_in_window":0,"t":1788976320000}
{"after":{"bot_uniform_micro":0,"cu_p50":123761,"entrants_300s":3,"entrants_60s":3,"fee_p90":96562,"net_flow_micro":39242},"before":{"no_prior_flow":true},"event_gaps_in_window":0,"mint":"AL93Vnc2h2ezTmYWzJVfYtj9X65MoJN6ZdHWt3zjpump","snapshot_drops_in_window":0,"t":1788976320000}
{"after":{"bot_uniform_micro":0,"cu_p50":318900,"entrants_300s":6,"entrants_60s":2,"fee_p90":410000,"net_flow_micro":-243611},"before":{"no_prior_flow":true},"event_gaps_in_window":0,"mint":"AScFao7bzbdJh7rBiF4yFqcY26dPdRqGffRttTYMpump","snapshot_drops_in_window":0,"t":1788976320000}
{"after":{"bot_uniform_micro":295620,"cu_p50":138209,"entrants_300s":24,"entrants_60s":6,"fee_p90":101014,"net_flow_micro":144522},"before":{"bot_uniform_micro":0,"cu_p50":138260,"entrants_300s":2,"entrants_60s":1,"fee_p90":101014,"net_flow_micro":-3327867},"event_gaps_in_window":0,"mint":"ATKNNSXzX9mhGxatpyTURv9wdakpwS57jpYvEodCpump","snapshot_drops_in_window":16,"t":1788976320000}
{"after":{"bot_uniform_micro":72000,"cu_p50":121837,"entrants_300s":18,"entrants_60s":4,"fee_p90":101014,"net_flow_micro":374570},"before":{"bot_uniform_micro":0,"cu_p50":121835,"entrants_300s":1,"entrants_60s":1,"fee_p90":101014,"net_flow_micro":-427670},"event_gaps_in_window":0,"mint":"AU4RpCmsTLF4iedLninD6L2vZ4v2jHZpB6Z4vobwpump","snapshot_drops_in_window":1,"t":1788976320000}
{"after":{"bot_uniform_micro":0,"cu_p50":75964,"entrants_300s":7,"entrants_60s":7,"fee_p90":85000,"net_flow_micro":-46016},"before":{"no_prior_flow":true},"event_gaps_in_window":0,"mint":"Ae6iVUoV1z7MTNkBCRr3eawpw2cJRddiKP4ADy31pump","snapshot_drops_in_window":0,"t":1788976320000}
{"after":{"bot_uniform_micro":null,"cu_p50":null,"entrants_300s":0,"entrants_60s":0,"fee_p90":null,"net_flow_micro":0},"before":{"no_prior_flow":true},"event_gaps_in_window":0,"mint":"AiwefDnXbePPvEd4bK95ccVPr3C8oUoBLYraHSTRpump","snapshot_drops_in_window":0,"t":1788976320000}
{"after":{"bot_uniform_micro":598540,"cu_p50":102733,"entrants_300s":452,"entrants_60s":92,"fee_p90":1005000,"net_flow_micro":48586221},"before":{"bot_uniform_micro":0,"cu_p50":102772,"entrants_300s":40,"entrants_60s":11,"fee_p90":305000,"net_flow_micro":23741661},"event_gaps_in_window":0,"mint":"AtUf7x3r3dgWJcAoCpwnn9ubFy8U5JYCAy9hrouspump","snapshot_drops_in_window":0,"t":1788976320000}
{"after":{"bot_uniform_micro":239617,"cu_p50":175508,"entrants_300s":217,"entrants_60s":23,"fee_p90":410000,"net_flow_micro":15248414},"before":{"bot_uniform_micro":0,"cu_p50":102197,"entrants_300s":6,"entrants_60s":0,"fee_p90":410000,"net_flow_micro":2735626},"event_gaps_in_window":0,"mint":"B2sbKzTXxRLP19WuxiXDQXYn8SQVtqkPtFJ7eK9Qpump","snapshot_drops_in_window":0,"t":1788976320000}
{"after":{"bot_uniform_micro":100000,"cu_p50":126380,"entrants_300s":15,"entrants_60s":12,"fee_p90":101014,"net_flow_micro":77601},"before":{"bot_uniform_micro":0,"cu_p50":126329,"entrants_300s":1,"entrants_60s":1,"fee_p90":101014,"net_flow_micro":-7783933},"event_gaps_in_window":0,"mint":"B4CvqjKjaA2Zd2pjKZVKCwmMyvSPX3PYxWzTKnm5pump","snapshot_drops_in_window":9,"t":1788976320000}
{"after":{"bot_uniform_micro":242236,"cu_p50":116273,"entrants_300s":23,"entrants_60s":11,"fee_p90":93211,"net_flow_micro":22073},"before":{"bot_uniform_micro":0,"cu_p50":115813,"entrants_300s":1,"entrants_60s":1,"fee_p90":92500,"net_flow_micro":20852746},"event_gaps_in_window":0,"mint":"B67Xnn8UvyeJxpwZfTrjqgycAxE1345vS1jH2hH5pump","snapshot_drops_in_window":8,"t":1788976320000}
{"after":{"bot_uniform_micro":0,"cu_p50":89183,"entrants_300s":3,"entrants_60s":0,"fee_p90":105000,"net_flow_micro":0},"before":{"bot_uniform_micro":0,"cu_p50":89183,"entrants_300s":1,"entrants_60s":0,"fee_p90":105000,"net_flow_micro":653078},"event_gaps_in_window":0,"mint":"BHQSkrUTJukngMKtDhksGfG9VXj6K82DrNR3CybLpump","snapshot_drops_in_window":0,"t":1788976320000}
{"after":{"bot_uniform_micro":280374,"cu_p50":111757,"entrants_300s":82,"entrants_60s":10,"fee_p90":910525,"net_flow_micro":10604596},"before":{"bot_uniform_micro":0,"cu_p50":104094,"entrants_300s":2,"entrants_60s":1,"fee_p90":77290,"net_flow_micro":7622711},"event_gaps_in_window":0,"mint":"BHprQ1wTYyn9CPC6uVQffkYW8ziZTrJbr3xkVuVJpump","snapshot_drops_in_window":0,"t":1788976320000}
{"after":{"bot_uniform_micro":null,"cu_p50":null,"entrants_300s":0,"entrants_60s":0,"fee_p90":null,"net_flow_micro":0},"before":{"no_prior_flow":true},"event_gaps_in_window":0,"mint":"BMPXGyRdnf9kWj1HSaE9ZWkyKiDbo6xUcBPro5vmL7hr","snapshot_drops_in_window":0,"t":1788976320000}
{"after":{"bot_uniform_micro":0,"cu_p50":68344,"entrants_300s":2,"entrants_60s":0,"fee_p90":10505011,"net_flow_micro":176730},"before":{"no_prior_flow":true},"event_gaps_in_window":0,"mint":"BNr15Kb1suKo2HzNjTdCPV5G8Dms6MQZifLVG5UoT8Vi","snapshot_drops_in_window":0,"t":1788976320000}
{"after":{"bot_uniform_micro":null,"cu_p50":null,"entrants_300s":0,"entrants_60s":0,"fee_p90":null,"net_flow_micro":0},"before":{"no_prior_flow":true},"event_gaps_in_window":0,"mint":"BPpcswNK7DV1Pm2UCVpHo7hzhEMprBigaPx9mD93A57f","snapshot_drops_in_window":0,"t":1788976320000}
{"after":{"bot_uniform_micro":0,"cu_p50":87887,"entrants_300s":14,"entrants_60s":4,"fee_p90":310000,"net_flow_micro":-5534293},"before":{"bot_uniform_micro":0,"cu_p50":93515,"entrants_300s":1,"entrants_60s":0,"fee_p90":74400,"net_flow_micro":1374627},"event_gaps_in_window":0,"mint":"BitAst9t1moZhc88Ccwpk6a3gV6JmTXBEotiQmTZpump","snapshot_drops_in_window":0,"t":1788976320000}
{"after":{"bot_uniform_micro":0,"cu_p50":100402,"entrants_300s":3,"entrants_60s":0,"fee_p90":5005001,"net_flow_micro":0},"before":{"no_prior_flow":true},"event_gaps_in_window":0,"mint":"Bqb2WTgmEmHu3yn5NHDPab5FqhHWBfYDN3kzpCkzpump","snapshot_drops_in_window":0,"t":1788976320000}
{"after":{"bot_uniform_micro":null,"cu_p50":null,"entrants_300s":0,"entrants_60s":0,"fee_p90":null,"net_flow_micro":-248168},"before":{"bot_uniform_micro":null,"cu_p50":null,"entrants_300s":0,"entrants_60s":0,"fee_p90":null,"net_flow_micro":0},"event_gaps_in_window":0,"mint":"CLh7ezbjYKbVsZoqN2MCGoDsBcfN3NfUDDE8nHAipump","snapshot_drops_in_window":0,"t":1788976320000}
{"after":{"bot_uniform_micro":null,"cu_p50":null,"entrants_300s":0,"entrants_60s":0,"fee_p90":null,"net_flow_micro":-39524},"before":{"no_prior_flow":true},"event_gaps_in_window":0,"mint":"CM4RLsdBrFbfCneXyvUJqBmmQsb69Hm2H6QWhcq1nX8e","snapshot_drops_in_window":0,"t":1788976320000}
{"after":{"bot_uniform_micro":0,"cu_p50":139735,"entrants_300s":1,"entrants_60s":1,"fee_p90":9000,"net_flow_micro":19753},"before":{"no_prior_flow":true},"event_gaps_in_window":0,"mint":"CPimEyD6mysrtDiRfYeYCi3ipSEHb224ipd5zaSJpump","snapshot_drops_in_window":0,"t":1788976320000}
{"after":{"bot_uniform_micro":0,"cu_p50":100835,"entrants_300s":3,"entrants_60s":3,"fee_p90":146290,"net_flow_micro":5318889},"before":{"no_prior_flow":true},"event_gaps_in_window":0,"mint":"CQMXRFxLkq6oz2cmZLbT5e175xZ3dzARZTKHyycWpump","snapshot_drops_in_window":0,"t":1788976320000}
{"after":{"bot_uniform_micro":0,"cu_p50":114897,"entrants_300s":15,"entrants_60s":0,"fee_p90":80001,"net_flow_micro":545718},"before":{"no_prior_flow":true},"event_gaps_in_window":0,"mint":"CU8NZPcwTrxtvCNYdMnNuARtmRoNqgpBf13ah77Phj1X","snapshot_drops_in_window":0,"t":1788976320000}
{"after":{"bot_uniform_micro":0,"cu_p50":274521,"entrants_300s":6,"entrants_60s":0,"fee_p90":410000,"net_flow_micro":-1182340},"before":{"no_prior_flow":true},"event_gaps_in_window":0,"mint":"CyFtApDbWYjhkYFwjhKo1W9WWFu8HkXP2B7GpSt5pump","snapshot_drops_in_window":0,"t":1788976320000}
{"after":{"bot_uniform_micro":null,"cu_p50":null,"entrants_300s":0,"entrants_60s":0,"fee_p90":null,"net_flow_micro":-2268177},"before":{"no_prior_flow":true},"event_gaps_in_window":0,"mint":"DCN1XGdUCMqrEXj86zF1WK9q3M8jYr8g8UBLbGVZpump","snapshot_drops_in_window":0,"t":1788976320000}
{"after":{"bot_uniform_micro":205357,"cu_p50":129333,"entrants_300s":17,"entrants_60s":1,"fee_p90":101014,"net_flow_micro":0},"before":{"bot_uniform_micro":0,"cu_p50":129308,"entrants_300s":1,"entrants_60s":0,"fee_p90":82181,"net_flow_micro":-316322},"event_gaps_in_window":0,"mint":"DSbWNgD484TszZdnXoFHH8xZsfSVRF2YHeH9S1j1pump","snapshot_drops_in_window":9,"t":1788976320000}
{"after":{"bot_uniform_micro":0,"cu_p50":92202,"entrants_300s":5,"entrants_60s":5,"fee_p90":33275,"net_flow_micro":1898576},"before":{"bot_uniform_micro":0,"cu_p50":139646,"entrants_300s":1,"entrants_60s":1,"fee_p90":310000,"net_flow_micro":303726},"event_gaps_in_window":0,"mint":"DbP8uviQMcpLwQecXBmRXgfA6d5Ys3sKfgxoRLb7pump","snapshot_drops_in_window":0,"t":1788976320000}
{"after":{"bot_uniform_micro":0,"cu_p50":139758,"entrants_300s":15,"entrants_60s":7,"fee_p90":1005000,"net_flow_micro":3614702},"before":{"no_prior_flow":true},"event_gaps_in_window":0,"mint":"DnjxjnV5XTDKq9nMzrSPer7zKpvBmLgmd27iDwXApump","snapshot_drops_in_window":0,"t":1788976320000}
{"after":{"bot_uniform_micro":0,"cu_p50":108197,"entrants_300s":3,"entrants_60s":2,"fee_p90":415000,"net_flow_micro":-130006},"before":{"no_prior_flow":true},"event_gaps_in_window":0,"mint":"Dp9gxFemyiHfVMTLdFhjP7h1EnHTe4Ki6fEB6Mw3pump","snapshot_drops_in_window":0,"t":1788976320000}
{"after":{"bot_uniform_micro":0,"cu_p50":147897,"entrants_300s":4,"entrants_60s":0,"fee_p90":55000,"net_flow_micro":-1744716},"before":{"no_prior_flow":true},"event_gaps_in_window":0,"mint":"DtHH4ZvyDusSzecfWnYxN1L68Jc31bN7nx8bckEmpump","snapshot_drops_in_window":0,"t":1788976320000}
{"after":{"bot_uniform_micro":null,"cu_p50":null,"entrants_300s":0,"entrants_60s":0,"fee_p90":null,"net_flow_micro":-4051082},"before":{"bot_uniform_micro":null,"cu_p50":null,"entrants_300s":0,"entrants_60s":0,"fee_p90":null,"net_flow_micro":-236650},"event_gaps_in_window":0,"mint":"DvSwPkzWJrDrQY6SjSdbzzLN4A1Yyuo69WKJPBWspump","snapshot_drops_in_window":0,"t":1788976320000}
{"after":{"bot_uniform_micro":null,"cu_p50":null,"entrants_300s":0,"entrants_60s":0,"fee_p90":null,"net_flow_micro":-105541},"before":{"no_prior_flow":true},"event_gaps_in_window":0,"mint":"E8PbrUKnXkNKqeW8A7J9xd729eiNAPPBKfRKxV9qpump","snapshot_drops_in_window":0,"t":1788976320000}
{"after":{"bot_uniform_micro":0,"cu_p50":89020,"entrants_300s":6,"entrants_60s":0,"fee_p90":81000,"net_flow_micro":-359792},"before":{"no_prior_flow":true},"event_gaps_in_window":0,"mint":"EBRbgGkviq4qxTK7KVbMgrGLVx8sLBpfHJZphCdppump","snapshot_drops_in_window":0,"t":1788976320000}
{"after":{"bot_uniform_micro":0,"cu_p50":183317,"entrants_300s":1,"entrants_60s":0,"fee_p90":14000,"net_flow_micro":-6071270},"before":{"no_prior_flow":true},"event_gaps_in_window":0,"mint":"EKY7EeT6WUAiRJNxcyTMDKcYyqESM3Ht25diPTN2pump","snapshot_drops_in_window":0,"t":1788976320000}
{"after":{"bot_uniform_micro":null,"cu_p50":null,"entrants_300s":0,"entrants_60s":0,"fee_p90":null,"net_flow_micro":0},"before":{"no_prior_flow":true},"event_gaps_in_window":0,"mint":"EQ3juekNUnWbQzkhBpuPoDwHXXuiRzuiw2oRbNHEpump","snapshot_drops_in_window":0,"t":1788976320000}
{"after":{"bot_uniform_micro":88889,"cu_p50":93855,"entrants_300s":43,"entrants_60s":43,"fee_p90":499000,"net_flow_micro":16623672},"before":{"bot_uniform_micro":0,"cu_p50":93644,"entrants_300s":3,"entrants_60s":3,"fee_p90":82489,"net_flow_micro":569827},"event_gaps_in_window":0,"mint":"EVZQm7FaFENUKRvMZREWZpxMXqtKxYKim7PkGK8tpump","snapshot_drops_in_window":0,"t":1788976320000}
{"after":{"bot_uniform_micro":0,"cu_p50":232343,"entrants_300s":1,"entrants_60s":0,"fee_p90":80001,"net_flow_micro":0},"before":{"no_prior_flow":true},"event_gaps_in_window":0,"mint":"EWfb1SZmwgbM33ak9D9inPnLm78mwJDGce4jyiK4pump","snapshot_drops_in_window":0,"t":1788976320000}
{"after":{"bot_uniform_micro":0,"cu_p50":159015,"entrants_300s":2,"entrants_60s":0,"fee_p90":80001,"net_flow_micro":-1739080},"before":{"no_prior_flow":true},"event_gaps_in_window":0,"mint":"EYKzyYrf4q5zGJBszrDGjz2J2LZmGH3x7RXWpmzBpump","snapshot_drops_in_window":0,"t":1788976320000}
{"after":{"bot_uniform_micro":125000,"cu_p50":126821,"entrants_300s":6,"entrants_60s":6,"fee_p90":85000,"net_flow_micro":446934},"before":{"bot_uniform_micro":0,"cu_p50":126661,"entrants_300s":1,"entrants_60s":1,"fee_p90":85000,"net_flow_micro":981089},"event_gaps_in_window":0,"mint":"Ei4PRPumx8LTT5RyNvPxU316JMwqDegjimH5NneXpump","snapshot_drops_in_window":0,"t":1788976320000}
{"after":{"bot_uniform_micro":0,"cu_p50":115628,"entrants_300s":5,"entrants_60s":5,"fee_p90":1005000,"net_flow_micro":103207},"before":{"no_prior_flow":true},"event_gaps_in_window":0,"mint":"EktyQrpYdoEXGXfKSqVtgZZLvwRvXwb6ZbeoEiuwpump","snapshot_drops_in_window":0,"t":1788976320000}
{"after":{"bot_uniform_micro":null,"cu_p50":null,"entrants_300s":0,"entrants_60s":0,"fee_p90":null,"net_flow_micro":0},"before":{"no_prior_flow":true},"event_gaps_in_window":0,"mint":"EwzdTm98vnwetWYXucw5qCEsFBwwC7oQjsmHT6d7pump","snapshot_drops_in_window":0,"t":1788976320000}
{"after":{"bot_uniform_micro":0,"cu_p50":124539,"entrants_300s":3,"entrants_60s":3,"fee_p90":205000,"net_flow_micro":1891794},"before":{"no_prior_flow":true},"event_gaps_in_window":0,"mint":"F7antHeTrf7F1nzpiF6xoiwKty8NX4QEEj1ZVvhKpump","snapshot_drops_in_window":0,"t":1788976320000}
{"after":{"bot_uniform_micro":0,"cu_p50":84657,"entrants_300s":19,"entrants_60s":19,"fee_p90":2605901,"net_flow_micro":3582959},"before":{"no_prior_flow":true},"event_gaps_in_window":0,"mint":"F8WHHfXHoEkg5ieBWHf4RvDDWXgwoiprQ1BVyQjTpump","snapshot_drops_in_window":0,"t":1788976320000}
{"after":{"bot_uniform_micro":null,"cu_p50":null,"entrants_300s":0,"entrants_60s":0,"fee_p90":null,"net_flow_micro":-434052},"before":{"no_prior_flow":true},"event_gaps_in_window":0,"mint":"FCcMhUa1MJsCZRyj17QHJuAFAK2j229T1Dc9ymjKpump","snapshot_drops_in_window":0,"t":1788976320000}
{"after":{"bot_uniform_micro":0,"cu_p50":114598,"entrants_300s":4,"entrants_60s":0,"fee_p90":711944,"net_flow_micro":299617},"before":{"no_prior_flow":true},"event_gaps_in_window":0,"mint":"FL75A9Qyp4LpmXKc2X3GWTvGgPd4mwWhVMiqwsj2tDwj","snapshot_drops_in_window":0,"t":1788976320000}
{"after":{"bot_uniform_micro":0,"cu_p50":155249,"entrants_300s":12,"entrants_60s":1,"fee_p90":410000,"net_flow_micro":-7609502},"before":{"bot_uniform_micro":null,"cu_p50":null,"entrants_300s":0,"entrants_60s":0,"fee_p90":null,"net_flow_micro":0},"event_gaps_in_window":0,"mint":"FREoocUFHTh7VepWTAtHFis3897ssDPYA1EBvdTapump","snapshot_drops_in_window":0,"t":1788976320000}
{"after":{"bot_uniform_micro":0,"cu_p50":123793,"entrants_300s":2,"entrants_60s":2,"fee_p90":85000,"net_flow_micro":95447},"before":{"no_prior_flow":true},"event_gaps_in_window":0,"mint":"FRFLz68R2QHDS6qENzxGq8UegtiuHGfXUhRdh2q6pump","snapshot_drops_in_window":0,"t":1788976320000}
{"after":{"bot_uniform_micro":0,"cu_p50":319584,"entrants_300s":1,"entrants_60s":0,"fee_p90":7599,"net_flow_micro":-1025386},"before":{"bot_uniform_micro":null,"cu_p50":null,"entrants_300s":0,"entrants_60s":0,"fee_p90":null,"net_flow_micro":0},"event_gaps_in_window":0,"mint":"FaJsHUZmyHsZTRtMQ6AxYXGgoVSDsjWjZQXokUuTpump","snapshot_drops_in_window":0,"t":1788976320000}
{"after":{"bot_uniform_micro":500000,"cu_p50":136659,"entrants_300s":2,"entrants_60s":1,"fee_p90":15000,"net_flow_micro":0},"before":{"no_prior_flow":true},"event_gaps_in_window":0,"mint":"GARY2oNLV5aL34rZ9jVthrsYBjNujQ2QNFiryVTspump","snapshot_drops_in_window":0,"t":1788976320000}
{"after":{"bot_uniform_micro":null,"cu_p50":null,"entrants_300s":0,"entrants_60s":0,"fee_p90":null,"net_flow_micro":0},"before":{"no_prior_flow":true},"event_gaps_in_window":0,"mint":"GC87Z47XsT6GnrRQjXwRkHLg4qSUXrtk7dzyBpSnpump","snapshot_drops_in_window":0,"t":1788976320000}
{"after":{"bot_uniform_micro":0,"cu_p50":100966,"entrants_300s":10,"entrants_60s":2,"fee_p90":81000,"net_flow_micro":779413},"before":{"no_prior_flow":true},"event_gaps_in_window":0,"mint":"GCMv59JvZCZwknskC7cMCf63LkzzT5bwV2qGdK5Ppump","snapshot_drops_in_window":0,"t":1788976320000}
{"after":{"bot_uniform_micro":0,"cu_p50":129890,"entrants_300s":3,"entrants_60s":3,"fee_p90":85000,"net_flow_micro":83609},"before":{"no_prior_flow":true},"event_gaps_in_window":0,"mint":"GDwWxuanUGPpF7XxFUirk6ypKjrFA2FfiDhE3fojpump","snapshot_drops_in_window":0,"t":1788976320000}
{"after":{"bot_uniform_micro":0,"cu_p50":160333,"entrants_300s":3,"entrants_60s":3,"fee_p90":15000,"net_flow_micro":385421},"before":{"no_prior_flow":true},"event_gaps_in_window":0,"mint":"GKwTc2mF1SyYBSxR1zbrRJktc6KMAgvwfiwFTuJPpump","snapshot_drops_in_window":0,"t":1788976320000}
{"after":{"bot_uniform_micro":800000,"cu_p50":82067,"entrants_300s":2,"entrants_60s":1,"fee_p90":622101,"net_flow_micro":568152},"before":{"no_prior_flow":true},"event_gaps_in_window":0,"mint":"GLteMVHGWknSNvCAeVxiePAN6Fuje6yaUmEn4WvZpump","snapshot_drops_in_window":0,"t":1788976320000}
{"after":{"bot_uniform_micro":null,"cu_p50":null,"entrants_300s":0,"entrants_60s":0,"fee_p90":null,"net_flow_micro":-585630},"before":{"bot_uniform_micro":null,"cu_p50":null,"entrants_300s":0,"entrants_60s":0,"fee_p90":null,"net_flow_micro":0},"event_gaps_in_window":0,"mint":"GR867ubpr6onDw7pjSPYGsHmpLb7QL9VuBZxD3R7pump","snapshot_drops_in_window":0,"t":1788976320000}
{"after":{"bot_uniform_micro":0,"cu_p50":275444,"entrants_300s":6,"entrants_60s":1,"fee_p90":410000,"net_flow_micro":6086750},"before":{"no_prior_flow":true},"event_gaps_in_window":0,"mint":"GT64PB7cJs3UJnc2GYW4VFTQRyKEbzwR7DCfKFyMjRrb","snapshot_drops_in_window":0,"t":1788976320000}
{"after":{"bot_uniform_micro":0,"cu_p50":86961,"entrants_300s":7,"entrants_60s":7,"fee_p90":85000,"net_flow_micro":1476312},"before":{"no_prior_flow":true},"event_gaps_in_window":0,"mint":"GadpNwnAwhXfQDLRr7zRFnA7vLrm7KLvFaadW3vppump","snapshot_drops_in_window":0,"t":1788976320000}
{"after":{"bot_uniform_micro":0,"cu_p50":103644,"entrants_300s":5,"entrants_60s":0,"fee_p90":1005000,"net_flow_micro":4311},"before":{"no_prior_flow":true},"event_gaps_in_window":0,"mint":"GbBd7rAjqeNWKZzA8xGruE8nrh2nEbAcy7JNZTGfpump","snapshot_drops_in_window":0,"t":1788976320000}
{"after":{"bot_uniform_micro":0,"cu_p50":90519,"entrants_300s":12,"entrants_60s":0,"fee_p90":81000,"net_flow_micro":-2355890},"before":{"bot_uniform_micro":0,"cu_p50":87698,"entrants_300s":1,"entrants_60s":0,"fee_p90":26607,"net_flow_micro":939114},"event_gaps_in_window":0,"mint":"HJk1HFcvgLqkVnEgNX1bLnXS382SAPVgiQigA7Fnpump","snapshot_drops_in_window":0,"t":1788976320000}
{"after":{"bot_uniform_micro":22624,"cu_p50":104426,"entrants_300s":217,"entrants_60s":20,"fee_p90":107039,"net_flow_micro":12496928},"before":{"bot_uniform_micro":0,"cu_p50":138083,"entrants_300s":1,"entrants_60s":0,"fee_p90":1505000,"net_flow_micro":394727},"event_gaps_in_window":0,"mint":"HVcoQEjRnZJhYaorKWtBEDmYGSdekEbkqZaM4Da5pump","snapshot_drops_in_window":0,"t":1788976320000}
{"after":{"bot_uniform_micro":null,"cu_p50":null,"entrants_300s":0,"entrants_60s":0,"fee_p90":null,"net_flow_micro":0},"before":{"no_prior_flow":true},"event_gaps_in_window":0,"mint":"HdPL4bP6smyfumoQhEPpkrAb4qpz3uvKZH4kdtFQpump","snapshot_drops_in_window":0,"t":1788976320000}
{"after":{"bot_uniform_micro":0,"cu_p50":180231,"entrants_300s":1,"entrants_60s":1,"fee_p90":1010000,"net_flow_micro":49383},"before":{"no_prior_flow":true},"event_gaps_in_window":0,"mint":"Hf42sA3uEJGTehEs8LXF6XGiEpHkgeCMMs9XhGNPpump","snapshot_drops_in_window":0,"t":1788976320000}
{"after":{"bot_uniform_micro":0,"cu_p50":111050,"entrants_300s":15,"entrants_60s":0,"fee_p90":315103,"net_flow_micro":197500},"before":{"no_prior_flow":true},"event_gaps_in_window":0,"mint":"HqUjJRw8JCq1hHNgv3ExYug3KFTyzDLpqnb5t69rpump","snapshot_drops_in_window":0,"t":1788976320000}
{"after":{"bot_uniform_micro":0,"cu_p50":119310,"entrants_300s":1,"entrants_60s":0,"fee_p90":5000,"net_flow_micro":55},"before":{"no_prior_flow":true},"event_gaps_in_window":0,"mint":"Hy9XZ4Ae4oKtXYfuFzWkoNV18teCTpvWWu5PFD9Bpump","snapshot_drops_in_window":0,"t":1788976320000}
{"after":{"bot_uniform_micro":352941,"cu_p50":84625,"entrants_300s":135,"entrants_60s":135,"fee_p90":105000,"net_flow_micro":359657},"before":{"bot_uniform_micro":0,"cu_p50":92227,"entrants_300s":9,"entrants_60s":9,"fee_p90":105000,"net_flow_micro":-2180634},"event_gaps_in_window":0,"mint":"HzqqMXZfpsL2u8oKj11rBMCLvRugCNiS9XjxrWG6pump","snapshot_drops_in_window":0,"t":1788976320000}
{"after":{"bot_uniform_micro":null,"cu_p50":null,"entrants_300s":0,"entrants_60s":0,"fee_p90":null,"net_flow_micro":0},"before":{"no_prior_flow":true},"event_gaps_in_window":0,"mint":"JDrkAK8QdeXD4NUxci6ANV8KSQkNvvnmLVZundL5ihey","snapshot_drops_in_window":0,"t":1788976320000}
{"after":{"bot_uniform_micro":0,"cu_p50":126873,"entrants_300s":2,"entrants_60s":1,"fee_p90":101014,"net_flow_micro":-4480133},"before":{"no_prior_flow":true},"event_gaps_in_window":0,"mint":"9w5gWetsKYZdMCJAA3URwcf8arGeAQmHT13Pdvgpump","snapshot_drops_in_window":0,"t":1788976380000}
{"after":{"bot_uniform_micro":514563,"cu_p50":107683,"entrants_300s":19,"entrants_60s":4,"fee_p90":89160,"net_flow_micro":76144},"before":{"bot_uniform_micro":0,"cu_p50":141235,"entrants_300s":1,"entrants_60s":1,"fee_p90":85000,"net_flow_micro":-853576},"event_gaps_in_window":0,"mint":"GrEpzw6CV42tY8gct9z6TZXCmCuzuPKh6eSiqD6pump","snapshot_drops_in_window":14,"t":1788976380000}
{"after":{"bot_uniform_micro":null,"cu_p50":null,"entrants_300s":0,"entrants_60s":0,"fee_p90":null,"net_flow_micro":0},"before":{"no_prior_flow":true},"event_gaps_in_window":0,"mint":"JKqjiwqwFtuWLFQj4bkVgfkUDEx1RyQ9n1z7eBDpump","snapshot_drops_in_window":0,"t":1788976380000}
{"after":{"bot_uniform_micro":0,"cu_p50":184331,"entrants_300s":21,"entrants_60s":3,"fee_p90":80001,"net_flow_micro":4465127},"before":{"bot_uniform_micro":null,"cu_p50":null,"entrants_300s":0,"entrants_60s":0,"fee_p90":null,"net_flow_micro":-134342},"event_gaps_in_window":0,"mint":"ZMNxX8wbKFD3C3gYHhH563qR7kK4VZ9djKEMVQEpump","snapshot_drops_in_window":0,"t":1788976380000}
{"after":{"bot_uniform_micro":0,"cu_p50":262852,"entrants_300s":17,"entrants_60s":17,"fee_p90":234757,"net_flow_micro":640040},"before":{"no_prior_flow":true},"event_gaps_in_window":0,"mint":"osk2yTL7VJqA8GKFpCZBCNiHfDjVFAAYGp1fxBgpump","snapshot_drops_in_window":0,"t":1788976380000}
{"after":{"bot_uniform_micro":333333,"cu_p50":130627,"entrants_300s":5,"entrants_60s":1,"fee_p90":155000,"net_flow_micro":593076},"before":{"no_prior_flow":true},"event_gaps_in_window":0,"mint":"ssubrUTRUZtXfJ4FqsUxq9Ef2u68tx4uBfiCyDLpump","snapshot_drops_in_window":0,"t":1788976380000}
{"after":{"bot_uniform_micro":0,"cu_p50":106421,"entrants_300s":7,"entrants_60s":0,"fee_p90":305000,"net_flow_micro":0},"before":{"no_prior_flow":true},"event_gaps_in_window":0,"mint":"wDuvBF18nWiEbzTQX9iTe8g7twfJ49bw6T5X3hkpump","snapshot_drops_in_window":0,"t":1788976380000}
{"after":{"bot_uniform_micro":53571,"cu_p50":125388,"entrants_300s":7,"entrants_60s":1,"fee_p90":89854,"net_flow_micro":136617},"before":{"no_prior_flow":true},"event_gaps_in_window":0,"mint":"26fMAmPJ5Ze5n9A1J7Gt3zQYhm9Udmo5LG9KUtd1pump","snapshot_drops_in_window":0,"t":1788976380000}
{"after":{"bot_uniform_micro":111111,"cu_p50":106689,"entrants_300s":24,"entrants_60s":3,"fee_p90":415000,"net_flow_micro":-2312827},"before":{"bot_uniform_micro":null,"cu_p50":null,"entrants_300s":0,"entrants_60s":0,"fee_p90":null,"net_flow_micro":-1584557},"event_gaps_in_window":0,"mint":"2YuFLBKqmgBsxrbVgqRXgSrzwf6wyNCkCUAqUMEGpump","snapshot_drops_in_window":0,"t":1788976380000}
{"after":{"bot_uniform_micro":0,"cu_p50":100747,"entrants_300s":20,"entrants_60s":1,"fee_p90":410000,"net_flow_micro":2466283},"before":{"no_prior_flow":true},"event_gaps_in_window":0,"mint":"2ZKkVVkHUNTf5LfPnpudB7ANtACw8X9Tw7Lgcuxwpump","snapshot_drops_in_window":0,"t":1788976380000}
{"after":{"bot_uniform_micro":0,"cu_p50":237699,"entrants_300s":1,"entrants_60s":0,"fee_p90":1005000,"net_flow_micro":18886},"before":{"no_prior_flow":true},"event_gaps_in_window":0,"mint":"2h2GHqhJuR5kaG6Srwk45mCZZANCYxKuNSHtYjRRpump","snapshot_drops_in_window":0,"t":1788976380000}
{"after":{"bot_uniform_micro":null,"cu_p50":null,"entrants_300s":0,"entrants_60s":0,"fee_p90":null,"net_flow_micro":0},"before":{"no_prior_flow":true},"event_gaps_in_window":0,"mint":"2hZPYB8ud7RUQAHkCmWvTcqB7YH1xfTAsAoUtDnFpump","snapshot_drops_in_window":0,"t":1788976380000}
{"after":{"bot_uniform_micro":521212,"cu_p50":90941,"entrants_300s":115,"entrants_60s":0,"fee_p90":1005000,"net_flow_micro":-8985253},"before":{"bot_uniform_micro":0,"cu_p50":93325,"entrants_300s":12,"entrants_60s":0,"fee_p90":1005000,"net_flow_micro":3398867},"event_gaps_in_window":0,"mint":"3G6PAF448tZqGmjpxKHygkYUQbu7P1ZfscWAiDGLZyQf","snapshot_drops_in_window":0,"t":1788976380000}
{"after":{"bot_uniform_micro":0,"cu_p50":120257,"entrants_300s":1,"entrants_60s":1,"fee_p90":101014,"net_flow_micro":-1196244},"before":{"no_prior_flow":true},"event_gaps_in_window":0,"mint":"3aN56TN7nwtp8UqD5xZeye42KFcazmrprhWR7Gscpump","snapshot_drops_in_window":0,"t":1788976380000}
{"after":{"bot_uniform_micro":457944,"cu_p50":85094,"entrants_300s":20,"entrants_60s":0,"fee_p90":101014,"net_flow_micro":-897886},"before":{"bot_uniform_micro":0,"cu_p50":123327,"entrants_300s":1,"entrants_60s":0,"fee_p90":101014,"net_flow_micro":-4201284},"event_gaps_in_window":0,"mint":"3wQJbSgj3Vkg5oBoi77FCtWpyvvmkZrMJE5JnQbKpump","snapshot_drops_in_window":0,"t":1788976380000}
{"after":{"bot_uniform_micro":null,"cu_p50":null,"entrants_300s":0,"entrants_60s":0,"fee_p90":null,"net_flow_micro":0},"before":{"no_prior_flow":true},"event_gaps_in_window":0,"mint":"55qDmCPGUGdLAuN6rYzoqoTZ1xhKaRvDCQwZFB4mpump","snapshot_drops_in_window":0,"t":1788976380000}
{"after":{"bot_uniform_micro":0,"cu_p50":147897,"entrants_300s":3,"entrants_60s":0,"fee_p90":15000,"net_flow_micro":44832},"before":{"no_prior_flow":true},"event_gaps_in_window":0,"mint":"59HjntGuHBw4Arse7vkPswA992vKApt7oPiSxfQDpump","snapshot_drops_in_window":0,"t":1788976380000}
{"after":{"bot_uniform_micro":0,"cu_p50":135214,"entrants_300s":1,"entrants_60s":1,"fee_p90":6000,"net_flow_micro":0},"before":{"no_prior_flow":true},"event_gaps_in_window":0,"mint":"5cAz6tvPmNPQ5c6qA5RqjiQ6ea46Md3x8fUXGBHtpump","snapshot_drops_in_window":0,"t":1788976380000}
{"after":{"bot_uniform_micro":0,"cu_p50":193640,"entrants_300s":1,"entrants_60s":1,"fee_p90":10000,"net_flow_micro":839506},"before":{"no_prior_flow":true},"event_gaps_in_window":0,"mint":"5eB7RmLYpPUp5zsjTzwuHbN2A4AjrBcdUgZoHkPLpump","snapshot_drops_in_window":0,"t":1788976380000}
{"after":{"bot_uniform_micro":317708,"cu_p50":117817,"entrants_300s":29,"entrants_60s":24,"fee_p90":85000,"net_flow_micro":125940},"before":{"bot_uniform_micro":0,"cu_p50":117260,"entrants_300s":1,"entrants_60s":1,"fee_p90":85000,"net_flow_micro":-1271754},"event_gaps_in_window":0,"mint":"5jP3o9NzusdWUZVhkK3KHxxVdFdvxk8CXMaEYt82pump","snapshot_drops_in_window":3,"t":1788976380000}
{"after":{"bot_uniform_micro":0,"cu_p50":251788,"entrants_300s":3,"entrants_60s":2,"fee_p90":774166,"net_flow_micro":949841},"before":{"no_prior_flow":true},"event_gaps_in_window":0,"mint":"659xrvMd1Vdc7TUFQ2uL8hFMmbN3i52yqRX3HTGiEbnu","snapshot_drops_in_window":0,"t":1788976380000}
{"after":{"bot_uniform_micro":420968,"cu_p50":98431,"entrants_300s":714,"entrants_60s":174,"fee_p90":509116,"net_flow_micro":-2348313},"before":{"bot_uniform_micro":0,"cu_p50":97854,"entrants_300s":74,"entrants_60s":11,"fee_p90":430416,"net_flow_micro":46901676},"event_gaps_in_window":0,"mint":"67afrnTxo8DVc52Uev61Yo4Yr9BGQpRw1RpPMWcx42La","snapshot_drops_in_window":0,"t":1788976380000}
{"after":{"bot_uniform_micro":0,"cu_p50":107845,"entrants_300s":27,"entrants_60s":5,"fee_p90":1005000,"net_flow_micro":3316847},"before":{"bot_uniform_micro":null,"cu_p50":null,"entrants_300s":0,"entrants_60s":0,"fee_p90":null,"net_flow_micro":-247005},"event_gaps_in_window":0,"mint":"68DvqHXcRJbvMjiVc6yBUpGqp11oNkKvRv9zHizCpump","snapshot_drops_in_window":0,"t":1788976380000}
{"after":{"bot_uniform_micro":null,"cu_p50":null,"entrants_300s":0,"entrants_60s":0,"fee_p90":null,"net_flow_micro":-247518},"before":{"bot_uniform_micro":null,"cu_p50":null,"entrants_300s":0,"entrants_60s":0,"fee_p90":null,"net_flow_micro":0},"event_gaps_in_window":0,"mint":"693pcjWS8HTmMsYtmpFEdVSbzjM4HxwGoSHwmU5ypump","snapshot_drops_in_window":0,"t":1788976380000}
{"after":{"bot_uniform_micro":0,"cu_p50":120889,"entrants_300s":3,"entrants_60s":3,"fee_p90":85000,"net_flow_micro":105682},"before":{"no_prior_flow":true},"event_gaps_in_window":0,"mint":"69pfuPz4ev2ViEnfDjEwtLf8fjmug5U7gfGRExuWpump","snapshot_drops_in_window":0,"t":1788976380000}
{"after":{"bot_uniform_micro":0,"cu_p50":123900,"entrants_300s":7,"entrants_60s":1,"fee_p90":86290,"net_flow_micro":-974523},"before":{"no_prior_flow":true},"event_gaps_in_window":0,"mint":"6NwA7EAjVW1XoHj62964dH3Lh1qHtpSEeyhnWbHSpump","snapshot_drops_in_window":0,"t":1788976380000}
{"after":{"bot_uniform_micro":null,"cu_p50":null,"entrants_300s":0,"entrants_60s":0,"fee_p90":null,"net_flow_micro":-36942},"before":{"no_prior_flow":true},"event_gaps_in_window":0,"mint":"6XMzbhvvrCH1MVTrcnebhqmwej7ZUogdi91zorqNpump","snapshot_drops_in_window":0,"t":1788976380000}
{"after":{"bot_uniform_micro":0,"cu_p50":110192,"entrants_300s":19,"entrants_60s":0,"fee_p90":175836,"net_flow_micro":4689},"before":{"no_prior_flow":true},"event_gaps_in_window":0,"mint":"6dy2QbDi3FpiBm3QpTWKhypHeZJ224CV7mzSReTjpump","snapshot_drops_in_window":0,"t":1788976380000}
{"after":{"bot_uniform_micro":0,"cu_p50":206481,"entrants_300s":1,"entrants_60s":0,"fee_p90":14000,"net_flow_micro":-163308},"before":{"no_prior_flow":true},"event_gaps_in_window":0,"mint":"6faFcTYnxVtvtFvq3KmZbpUHmaDMsgWExKbg2QTXpump","snapshot_drops_in_window":0,"t":1788976380000}
{"after":{"bot_uniform_micro":null,"cu_p50":null,"entrants_300s":0,"entrants_60s":0,"fee_p90":null,"net_flow_micro":0},"before":{"bot_uniform_micro":null,"cu_p50":null,"entrants_300s":0,"entrants_60s":0,"fee_p90":null,"net_flow_micro":0},"event_gaps_in_window":0,"mint":"6ocz1wL9hdCwgwWRUSgeNCLSQrME2UUNiC9es5kGpump","snapshot_drops_in_window":0,"t":1788976380000}
{"after":{"bot_uniform_micro":0,"cu_p50":109498,"entrants_300s":4,"entrants_60s":0,"fee_p90":5005001,"net_flow_micro":1573036},"before":{"no_prior_flow":true},"event_gaps_in_window":0,"mint":"6rCxPVbJ5uqnuE5ZtZ6huwM4uoh8Zk41yXLrkGkypump","snapshot_drops_in_window":0,"t":1788976380000}
{"after":{"bot_uniform_micro":518717,"cu_p50":110080,"entrants_300s":31,"entrants_60s":24,"fee_p90":101014,"net_flow_micro":-47743},"before":{"bot_uniform_micro":0,"cu_p50":114210,"entrants_300s":2,"entrants_60s":2,"fee_p90":85000,"net_flow_micro":-3805248},"event_gaps_in_window":0,"mint":"6ufF263czGFhTSzCD5jSeyMLQhTdVENrKCAHuoEjpump","snapshot_drops_in_window":14,"t":1788976380000}
{"after":{"bot_uniform_micro":0,"cu_p50":142578,"entrants_300s":1,"entrants_60s":0,"fee_p90":9000,"net_flow_micro":113561},"before":{"no_prior_flow":true},"event_gaps_in_window":0,"mint":"77CHZyKTgGjysxrfgYaTWJQ1vG17NKHewHfFV2Nqpump","snapshot_drops_in_window":0,"t":1788976380000}
{"after":{"bot_uniform_micro":39120,"cu_p50":102435,"entrants_300s":357,"entrants_60s":0,"fee_p90":1005000,"net_flow_micro":40801},"before":{"bot_uniform_micro":0,"cu_p50":96484,"entrants_300s":5,"entrants_60s":0,"fee_p90":505000,"net_flow_micro":2739119},"event_gaps_in_window":0,"mint":"79E5qoP8aZRU6tsq7oLVL3CY3TGu6or9uiQgntiTpump","snapshot_drops_in_window":0,"t":1788976380000}
{"after":{"bot_uniform_micro":0,"cu_p50":99641,"entrants_300s":29,"entrants_60s":10,"fee_p90":1005000,"net_flow_micro":677108},"before":{"bot_uniform_micro":0,"cu_p50":96518,"entrants_300s":2,"entrants_60s":1,"fee_p90":1005000,"net_flow_micro":1967361},"event_gaps_in_window":0,"mint":"79Mb5itCa5PhM6BoUBcJBbTN941JymRCZmEhvieJiGb1","snapshot_drops_in_window":0,"t":1788976380000}
{"after":{"bot_uniform_micro":0,"cu_p50":170990,"entrants_300s":2,"entrants_60s":0,"fee_p90":15087,"net_flow_micro":-2343372},"before":{"no_prior_flow":true},"event_gaps_in_window":0,"mint":"7CwLRAyJe5UbhRe4ZzVdjwM2bX3BDfYnsrRcynwM9j6G","snapshot_drops_in_window":0,"t":1788976380000}
{"after":{"bot_uniform_micro":0,"cu_p50":215803,"entrants_300s":3,"entrants_60s":0,"fee_p90":189805,"net_flow_micro":204755},"before":{"no_prior_flow":true},"event_gaps_in_window":0,"mint":"7Qw6eV68J1wAK4YjRbkaswsWoYZtvo1krYFiBR3Lpump","snapshot_drops_in_window":0,"t":1788976380000}
{"after":{"bot_uniform_micro":0,"cu_p50":98808,"entrants_300s":4,"entrants_60s":4,"fee_p90":505000,"net_flow_micro":2090578},"before":{"no_prior_flow":true},"event_gaps_in_window":0,"mint":"7Sadqs2mH1ZCvEkk5XrCXhSQa8K6UJ8YARPdqTVwpump","snapshot_drops_in_window":0,"t":1788976380000}
{"after":{"bot_uniform_micro":0,"cu_p50":99338,"entrants_300s":12,"entrants_60s":3,"fee_p90":305000,"net_flow_micro":5251067},"before":{"no_prior_flow":true},"event_gaps_in_window":0,"mint":"7XcZPX6RtDRzqyMzgAX3dXPQgTDJDioUqXvFMvnxpump","snapshot_drops_in_window":0,"t":1788976380000}
{"after":{"bot_uniform_micro":0,"cu_p50":93887,"entrants_300s":20,"entrants_60s":19,"fee_p90":290000,"net_flow_micro":12988020},"before":{"bot_uniform_micro":0,"cu_p50":98366,"entrants_300s":1,"entrants_60s":1,"fee_p90":68489,"net_flow_micro":673748},"event_gaps_in_window":0,"mint":"7aGvGRwpXexuaziL1pYpmKyLqaxCYecumzQHAHfgpump","snapshot_drops_in_window":0,"t":1788976380000}
{"after":{"bot_uniform_micro":0,"cu_p50":102998,"entrants_300s":17,"entrants_60s":0,"fee_p90":155000,"net_flow_micro":-8936459},"before":{"bot_uniform_micro":null,"cu_p50":null,"entrants_300s":0,"entrants_60s":0,"fee_p90":null,"net_flow_micro":-306864},"event_gaps_in_window":0,"mint":"7v2EzuBBLAagvYUr1SCCcRQQGPjmmEecYAxMhKe4Xy2o","snapshot_drops_in_window":0,"t":1788976380000}
{"after":{"bot_uniform_micro":0,"cu_p50":141873,"entrants_300s":4,"entrants_60s":0,"fee_p90":101014,"net_flow_micro":0},"before":{"no_prior_flow":true},"event_gaps_in_window":0,"mint":"7wGgUhpFYpuF3jSQKsRV5hjJPtyrjgkKPtGQxo6fpump","snapshot_drops_in_window":1,"t":1788976380000}
{"after":{"bot_uniform_micro":321637,"cu_p50":96741,"entrants_300s":125,"entrants_60s":1,"fee_p90":1005000,"net_flow_micro":1887451},"before":{"bot_uniform_micro":0,"cu_p50":99435,"entrants_300s":8,"entrants_60s":0,"fee_p90":86290,"net_flow_micro":495761},"event_gaps_in_window":0,"mint":"82riCJH8CEcDZMTGvafMVshNWJYzjQ1d2wY1ZiXepump","snapshot_drops_in_window":0,"t":1788976380000}
{"after":{"bot_uniform_micro":397849,"cu_p50":118658,"entrants_300s":29,"entrants_60s":0,"fee_p90":101014,"net_flow_micro":3127},"before":{"bot_uniform_micro":0,"cu_p50":118366,"entrants_300s":1,"entrants_60s":0,"fee_p90":85000,"net_flow_micro":3476},"event_gaps_in_window":0,"mint":"88auzB8y5zn4Qo5Lu7pyRifrj9R4hBB8tzLT7yd4pump","snapshot_drops_in_window":3,"t":1788976380000}
{"after":{"bot_uniform_micro":150000,"cu_p50":84916,"entrants_300s":19,"entrants_60s":19,"fee_p90":1205000,"net_flow_micro":5252109},"before":{"bot_uniform_micro":0,"cu_p50":90394,"entrants_300s":1,"entrants_60s":1,"fee_p90":21000,"net_flow_micro":1770491},"event_gaps_in_window":0,"mint":"8Atd1ZKiv9NcgoVCX4qmRTy65NsfgtuJ75Dnhod4pump","snapshot_drops_in_window":0,"t":1788976380000}
{"after":{"bot_uniform_micro":0,"cu_p50":140173,"entrants_300s":12,"entrants_60s":2,"fee_p90":674798,"net_flow_micro":-8666355},"before":{"bot_uniform_micro":null,"cu_p50":null,"entrants_300s":0,"entrants_60s":0,"fee_p90":null,"net_flow_micro":0},"event_gaps_in_window":0,"mint":"8CUkfgU3w5zxWP27v9B9mef15sL23fzxYvw23wbPpump","snapshot_drops_in_window":0,"t":1788976380000}
{"after":{"bot_uniform_micro":null,"cu_p50":null,"entrants_300s":0,"entrants_60s":0,"fee_p90":null,"net_flow_micro":-404297},"before":{"no_prior_flow":true},"event_gaps_in_window":0,"mint":"8NNG2iEQedAqcYSGV5qP5t49VXMbNEF1EhKFbQrfpump","snapshot_drops_in_window":0,"t":1788976380000}
{"after":{"bot_uniform_micro":0,"cu_p50":149090,"entrants_300s":3,"entrants_60s":0,"fee_p90":218389,"net_flow_micro":43384},"before":{"no_prior_flow":true},"event_gaps_in_window":0,"mint":"8PQHzitteX1SjSVmGN7qSPtk2Hr9rV5QeDD1NnX8pump","snapshot_drops_in_window":0,"t":1788976380000}
{"after":{"bot_uniform_micro":0,"cu_p50":68899,"entrants_300s":1,"entrants_60s":0,"fee_p90":5000,"net_flow_micro":0},"before":{"no_prior_flow":true},"event_gaps_in_window":0,"mint":"8TKfTQ3ca21iCqbV8c9QqSrBWBEkB6qmquktT2C5pump","snapshot_drops_in_window":0,"t":1788976380000}
{"after":{"bot_uniform_micro":null,"cu_p50":null,"entrants_300s":0,"entrants_60s":0,"fee_p90":null,"net_flow_micro":-133246},"before":{"no_prior_flow":true},"event_gaps_in_window":0,"mint":"8WvuNc9Pi7y2ML2ceBfittZNbmWBrWHLK9DviAxjpump","snapshot_drops_in_window":0,"t":1788976380000}
{"after":{"bot_uniform_micro":382353,"cu_p50":68806,"entrants_300s":23,"entrants_60s":3,"fee_p90":67500,"net_flow_micro":18008916},"before":{"no_prior_flow":true},"event_gaps_in_window":0,"mint":"8g7fdfaWLw2SXn3XuaMhQKF3uMtFJzANGvjY7k1kpump","snapshot_drops_in_window":0,"t":1788976380000}
{"after":{"bot_uniform_micro":0,"cu_p50":165968,"entrants_300s":1,"entrants_60s":0,"fee_p90":552501,"net_flow_micro":27516},"before":{"no_prior_flow":true},"event_gaps_in_window":0,"mint":"8j3rbmt4EjnCxFh973v3YH6CGPzoHq6rAfXqgT3dpump","snapshot_drops_in_window":0,"t":1788976380000}
{"after":{"bot_uniform_micro":0,"cu_p50":106269,"entrants_300s":9,"entrants_60s":1,"fee_p90":410000,"net_flow_micro":-311106},"before":{"bot_uniform_micro":0,"cu_p50":343272,"entrants_300s":1,"entrants_60s":0,"fee_p90":970560,"net_flow_micro":904749},"event_gaps_in_window":0,"mint":"8kEuFRzK9yks1UuNnDeFaCCmgMsuVmbKKfrL9dEypump","snapshot_drops_in_window":0,"t":1788976380000}
{"after":{"bot_uniform_micro":null,"cu_p50":null,"entrants_300s":0,"entrants_60s":0,"fee_p90":null,"net_flow_micro":-33790},"before":{"no_prior_flow":true},"event_gaps_in_window":0,"mint":"97JfxSTAAyuLUzjakvb7Pshi4CJqkS5tLs9auCMCpump","snapshot_drops_in_window":0,"t":1788976380000}
{"after":{"bot_uniform_micro":0,"cu_p50":122619,"entrants_300s":5,"entrants_60s":4,"fee_p90":48148,"net_flow_micro":925000},"before":{"no_prior_flow":true},"event_gaps_in_window":0,"mint":"97MZRRSeEZSWXa6cHu3capuoZz13HViWGSWjNGffpump","snapshot_drops_in_window":0,"t":1788976380000}
{"after":{"bot_uniform_micro":0,"cu_p50":87871,"entrants_300s":1,"entrants_60s":0,"fee_p90":1005000,"net_flow_micro":91007},"before":{"no_prior_flow":true},"event_gaps_in_window":0,"mint":"98X3nj8nmVGyKGr31kEZ5u4N6mge2dNjG8bEAu1cpump","snapshot_drops_in_window":0,"t":1788976380000}
{"after":{"bot_uniform_micro":0,"cu_p50":109254,"entrants_300s":12,"entrants_60s":4,"fee_p90":1005000,"net_flow_micro":3426018},"before":{"no_prior_flow":true},"event_gaps_in_window":0,"mint":"9Nj4SfS3i7JuX1AMdKeMeb1og4AY416e3HYiXMAqpump","snapshot_drops_in_window":0,"t":1788976380000}
{"after":{"bot_uniform_micro":500000,"cu_p50":82225,"entrants_300s":6,"entrants_60s":0,"fee_p90":158611,"net_flow_micro":-27946907},"before":{"bot_uniform_micro":null,"cu_p50":null,"entrants_300s":0,"entrants_60s":0,"fee_p90":null,"net_flow_micro":0},"event_gaps_in_window":0,"mint":"9UkQpLXBJXFRiwH69HqSt52mwmZrL5VYiBiwzAtqpump","snapshot_drops_in_window":0,"t":1788976380000}
{"after":{"bot_uniform_micro":206897,"cu_p50":92311,"entrants_300s":27,"entrants_60s":0,"fee_p90":8005000,"net_flow_micro":4451676},"before":{"bot_uniform_micro":0,"cu_p50":93803,"entrants_300s":4,"entrants_60s":0,"fee_p90":100210,"net_flow_micro":5341008},"event_gaps_in_window":0,"mint":"9dvwpE8Xrcg3H4pcjqYkGW97iEE5DLGEeMvqZGteQvet","snapshot_drops_in_window":0,"t":1788976380000}
{"after":{"bot_uniform_micro":0,"cu_p50":98972,"entrants_300s":3,"entrants_60s":3,"fee_p90":5005001,"net_flow_micro":2175459},"before":{"no_prior_flow":true},"event_gaps_in_window":0,"mint":"9vR32UL8G6Zzdx4nr7ELQp71j6r4kin6rcULAkkipump","snapshot_drops_in_window":0,"t":1788976380000}
{"after":{"bot_uniform_micro":0,"cu_p50":114899,"entrants_300s":3,"entrants_60s":3,"fee_p90":85000,"net_flow_micro":102178},"before":{"no_prior_flow":true},"event_gaps_in_window":0,"mint":"9vRNY5UGGEi1L2B7ywJPfumYKYJMCSJpz2uG6cDhpump","snapshot_drops_in_window":1,"t":1788976380000}
{"after":{"bot_uniform_micro":0,"cu_p50":96553,"entrants_300s":28,"entrants_60s":2,"fee_p90":10005000,"net_flow_micro":888891},"before":{"bot_uniform_micro":null,"cu_p50":null,"entrants_300s":0,"entrants_60s":0,"fee_p90":null,"net_flow_micro":-4164085},"event_gaps_in_window":0,"mint":"9vuwHRRvR4H6typ99U6DqgrsBgbrvEELJrxPCPjHpump","snapshot_drops_in_window":0,"t":1788976380000}
{"after":{"bot_uniform_micro":427027,"cu_p50":135786,"entrants_300s":101,"entrants_60s":9,"fee_p90":514996,"net_flow_micro":-33132793},"before":{"bot_uniform_micro":0,"cu_p50":99258,"entrants_300s":4,"entrants_60s":0,"fee_p90":505001,"net_flow_micro":-7801594},"event_gaps_in_window":0,"mint":"A1saYxATRfsHMop5J7kRnRJBn3Yckho1D2m146impump","snapshot_drops_in_window":0,"t":1788976380000}
{"after":{"bot_uniform_micro":666667,"cu_p50":138089,"entrants_300s":9,"entrants_60s":1,"fee_p90":405000,"net_flow_micro":-3623693},"before":{"no_prior_flow":true},"event_gaps_in_window":0,"mint":"A3axJLvQXKj2i2gEMkSq9gx7pC77CDYEcnZi6xPEpump","snapshot_drops_in_window":0,"t":1788976380000}
{"after":{"bot_uniform_micro":null,"cu_p50":null,"entrants_300s":0,"entrants_60s":0,"fee_p90":null,"net_flow_micro":-4412538},"before":{"no_prior_flow":true},"event_gaps_in_window":0,"mint":"A56gtWXL96fS94zo5C36WCKHtdRC1unGrtXUHDCGpump","snapshot_drops_in_window":0,"t":1788976380000}
{"after":{"bot_uniform_micro":181818,"cu_p50":123867,"entrants_300s":3,"entrants_60s":2,"fee_p90":405000,"net_flow_micro":96612},"before":{"no_prior_flow":true},"event_gaps_in_window":0,"mint":"AL93Vnc2h2ezTmYWzJVfYtj9X65MoJN6ZdHWt3zjpump","snapshot_drops_in_window":0,"t":1788976380000}
{"after":{"bot_uniform_micro":0,"cu_p50":318900,"entrants_300s":7,"entrants_60s":1,"fee_p90":410000,"net_flow_micro":-198075},"before":{"no_prior_flow":true},"event_gaps_in_window":0,"mint":"AScFao7bzbdJh7rBiF4yFqcY26dPdRqGffRttTYMpump","snapshot_drops_in_window":0,"t":1788976380000}
{"after":{"bot_uniform_micro":0,"cu_p50":74551,"entrants_300s":12,"entrants_60s":12,"fee_p90":85000,"net_flow_micro":43306},"before":{"no_prior_flow":true},"event_gaps_in_window":0,"mint":"Ae6iVUoV1z7MTNkBCRr3eawpw2cJRddiKP4ADy31pump","snapshot_drops_in_window":0,"t":1788976380000}
{"after":{"bot_uniform_micro":null,"cu_p50":null,"entrants_300s":0,"entrants_60s":0,"fee_p90":null,"net_flow_micro":0},"before":{"no_prior_flow":true},"event_gaps_in_window":0,"mint":"AiwefDnXbePPvEd4bK95ccVPr3C8oUoBLYraHSTRpump","snapshot_drops_in_window":0,"t":1788976380000}
{"after":{"bot_uniform_micro":603636,"cu_p50":102794,"entrants_300s":518,"entrants_60s":100,"fee_p90":1005000,"net_flow_micro":31035441},"before":{"bot_uniform_micro":0,"cu_p50":102751,"entrants_300s":43,"entrants_60s":3,"fee_p90":305000,"net_flow_micro":23076721},"event_gaps_in_window":0,"mint":"AtUf7x3r3dgWJcAoCpwnn9ubFy8U5JYCAy9hrouspump","snapshot_drops_in_window":0,"t":1788976380000}
{"after":{"bot_uniform_micro":236641,"cu_p50":161413,"entrants_300s":180,"entrants_60s":39,"fee_p90":410000,"net_flow_micro":7709568},"before":{"bot_uniform_micro":0,"cu_p50":262109,"entrants_300s":4,"entrants_60s":1,"fee_p90":799636,"net_flow_micro":2603973},"event_gaps_in_window":0,"mint":"B2sbKzTXxRLP19WuxiXDQXYn8SQVtqkPtFJ7eK9Qpump","snapshot_drops_in_window":0,"t":1788976380000}
{"after":{"bot_uniform_micro":170330,"cu_p50":126803,"entrants_300s":14,"entrants_60s":6,"fee_p90":101014,"net_flow_micro":-26851},"before":{"bot_uniform_micro":0,"cu_p50":126903,"entrants_300s":1,"entrants_60s":1,"fee_p90":85000,"net_flow_micro":202797760},"event_gaps_in_window":0,"mint":"B4CvqjKjaA2Zd2pjKZVKCwmMyvSPX3PYxWzTKnm5pump","snapshot_drops_in_window":12,"t":1788976380000}
{"after":{"bot_uniform_micro":254054,"cu_p50":116062,"entrants_300s":23,"entrants_60s":5,"fee_p90":92672,"net_flow_micro":0},"before":{"bot_uniform_micro":0,"cu_p50":115813,"entrants_300s":1,"entrants_60s":1,"fee_p90":85000,"net_flow_micro":21092100},"event_gaps_in_window":0,"mint":"B67Xnn8UvyeJxpwZfTrjqgycAxE1345vS1jH2hH5pump","snapshot_drops_in_window":9,"t":1788976380000}
{"after":{"bot_uniform_micro":null,"cu_p50":null,"entrants_300s":0,"entrants_60s":0,"fee_p90":null,"net_flow_micro":-698421},"before":{"bot_uniform_micro":null,"cu_p50":null,"entrants_300s":0,"entrants_60s":0,"fee_p90":null,"net_flow_micro":0},"event_gaps_in_window":0,"mint":"BHQSkrUTJukngMKtDhksGfG9VXj6K82DrNR3CybLpump","snapshot_drops_in_window":0,"t":1788976380000}
{"after":{"bot_uniform_micro":273684,"cu_p50":128774,"entrants_300s":67,"entrants_60s":15,"fee_p90":715080,"net_flow_micro":6751685},"before":{"bot_uniform_micro":0,"cu_p50":104094,"entrants_300s":2,"entrants_60s":0,"fee_p90":77290,"net_flow_micro":8233580},"event_gaps_in_window":0,"mint":"BHprQ1wTYyn9CPC6uVQffkYW8ziZTrJbr3xkVuVJpump","snapshot_drops_in_window":0,"t":1788976380000}
{"after":{"bot_uniform_micro":null,"cu_p50":null,"entrants_300s":0,"entrants_60s":0,"fee_p90":null,"net_flow_micro":0},"before":{"no_prior_flow":true},"event_gaps_in_window":0,"mint":"BMPXGyRdnf9kWj1HSaE9ZWkyKiDbo6xUcBPro5vmL7hr","snapshot_drops_in_window":0,"t":1788976380000}
{"after":{"bot_uniform_micro":0,"cu_p50":68344,"entrants_300s":2,"entrants_60s":0,"fee_p90":10505011,"net_flow_micro":176730},"before":{"no_prior_flow":true},"event_gaps_in_window":0,"mint":"BNr15Kb1suKo2HzNjTdCPV5G8Dms6MQZifLVG5UoT8Vi","snapshot_drops_in_window":0,"t":1788976380000}
{"after":{"bot_uniform_micro":null,"cu_p50":null,"entrants_300s":0,"entrants_60s":0,"fee_p90":null,"net_flow_micro":0},"before":{"no_prior_flow":true},"event_gaps_in_window":0,"mint":"BPpcswNK7DV1Pm2UCVpHo7hzhEMprBigaPx9mD93A57f","snapshot_drops_in_window":0,"t":1788976380000}
{"after":{"bot_uniform_micro":0,"cu_p50":129191,"entrants_300s":3,"entrants_60s":3,"fee_p90":25777,"net_flow_micro":205560},"before":{"no_prior_flow":true},"event_gaps_in_window":0,"mint":"BV5knKHfBDxaG8uQmFox4s6kTFAD5cudArWJfFJDpump","snapshot_drops_in_window":0,"t":1788976380000}
{"after":{"bot_uniform_micro":0,"cu_p50":87887,"entrants_300s":14,"entrants_60s":0,"fee_p90":310000,"net_flow_micro":1993606},"before":{"bot_uniform_micro":0,"cu_p50":93515,"entrants_300s":1,"entrants_60s":0,"fee_p90":74400,"net_flow_micro":1955556},"event_gaps_in_window":0,"mint":"BitAst9t1moZhc88Ccwpk6a3gV6JmTXBEotiQmTZpump","snapshot_drops_in_window":0,"t":1788976380000}
{"after":{"bot_uniform_micro":0,"cu_p50":256760,"entrants_300s":1,"entrants_60s":1,"fee_p90":15000,"net_flow_micro":977456},"before":{"no_prior_flow":true},"event_gaps_in_window":0,"mint":"CKmQWexaHfUnKtpgZmqqoBmRkG2WPPd1nqPRKbZYpump","snapshot_drops_in_window":0,"t":1788976380000}
{"after":{"bot_uniform_micro":null,"cu_p50":null,"entrants_300s":0,"entrants_60s":0,"fee_p90":null,"net_flow_micro":-124231},"before":{"bot_uniform_micro":null,"cu_p50":null,"entrants_300s":0,"entrants_60s":0,"fee_p90":null,"net_flow_micro":0},"event_gaps_in_window":0,"mint":"CLh7ezbjYKbVsZoqN2MCGoDsBcfN3NfUDDE8nHAipump","snapshot_drops_in_window":0,"t":1788976380000}
{"after":{"bot_uniform_micro":1000000,"cu_p50":139736,"entrants_300s":1,"entrants_60s":1,"fee_p90":9000,"net_flow_micro":29630},"before":{"no_prior_flow":true},"event_gaps_in_window":0,"mint":"CPimEyD6mysrtDiRfYeYCi3ipSEHb224ipd5zaSJpump","snapshot_drops_in_window":0,"t":1788976380000}
{"after":{"bot_uniform_micro":0,"cu_p50":102394,"entrants_300s":4,"entrants_60s":1,"fee_p90":410000,"net_flow_micro":4001097},"before":{"no_prior_flow":true},"event_gaps_in_window":0,"mint":"CQMXRFxLkq6oz2cmZLbT5e175xZ3dzARZTKHyycWpump","snapshot_drops_in_window":0,"t":1788976380000}
{"after":{"bot_uniform_micro":428571,"cu_p50":133035,"entrants_300s":4,"entrants_60s":4,"fee_p90":85000,"net_flow_micro":220622},"before":{"no_prior_flow":true},"event_gaps_in_window":0,"mint":"CTCoUUSMp7vsPYfAd3vtt5JWb5giCqxcxeX1vXwopump","snapshot_drops_in_window":0,"t":1788976380000}
{"after":{"bot_uniform_micro":0,"cu_p50":114897,"entrants_300s":15,"entrants_60s":0,"fee_p90":80001,"net_flow_micro":413918},"before":{"bot_uniform_micro":null,"cu_p50":null,"entrants_300s":0,"entrants_60s":0,"fee_p90":null,"net_flow_micro":-46082},"event_gaps_in_window":0,"mint":"CU8NZPcwTrxtvCNYdMnNuARtmRoNqgpBf13ah77Phj1X","snapshot_drops_in_window":0,"t":1788976380000}
{"after":{"bot_uniform_micro":0,"cu_p50":367315,"entrants_300s":4,"entrants_60s":1,"fee_p90":410000,"net_flow_micro":-1392836},"before":{"no_prior_flow":true},"event_gaps_in_window":0,"mint":"CyFtApDbWYjhkYFwjhKo1W9WWFu8HkXP2B7GpSt5pump","snapshot_drops_in_window":0,"t":1788976380000}
{"after":{"bot_uniform_micro":0,"cu_p50":201530,"entrants_300s":20,"entrants_60s":20,"fee_p90":305000,"net_flow_micro":686584},"before":{"no_prior_flow":true},"event_gaps_in_window":0,"mint":"D1Lu1S1VXtDjvm6e59ZxvU131QNgamPtNJxhUew7pump","snapshot_drops_in_window":0,"t":1788976380000}
{"after":{"bot_uniform_micro":0,"cu_p50":111010,"entrants_300s":4,"entrants_60s":4,"fee_p90":4150986,"net_flow_micro":781500},"before":{"no_prior_flow":true},"event_gaps_in_window":0,"mint":"D5YPrivUDkP6nVsf89Ugpru6tVUbj3AafiZf8G5Cpump","snapshot_drops_in_window":0,"t":1788976380000}
{"after":{"bot_uniform_micro":0,"cu_p50":92202,"entrants_300s":5,"entrants_60s":0,"fee_p90":33275,"net_flow_micro":1294711},"before":{"bot_uniform_micro":0,"cu_p50":139646,"entrants_300s":1,"entrants_60s":0,"fee_p90":310000,"net_flow_micro":303726},"event_gaps_in_window":0,"mint":"DbP8uviQMcpLwQecXBmRXgfA6d5Ys3sKfgxoRLb7pump","snapshot_drops_in_window":0,"t":1788976380000}
{"after":{"bot_uniform_micro":0,"cu_p50":138137,"entrants_300s":16,"entrants_60s":3,"fee_p90":1005000,"net_flow_micro":5503898},"before":{"no_prior_flow":true},"event_gaps_in_window":0,"mint":"DnjxjnV5XTDKq9nMzrSPer7zKpvBmLgmd27iDwXApump","snapshot_drops_in_window":0,"t":1788976380000}
{"after":{"bot_uniform_micro":0,"cu_p50":118242,"entrants_300s":4,"entrants_60s":1,"fee_p90":415000,"net_flow_micro":-894917},"before":{"no_prior_flow":true},"event_gaps_in_window":0,"mint":"Dp9gxFemyiHfVMTLdFhjP7h1EnHTe4Ki6fEB6Mw3pump","snapshot_drops_in_window":0,"t":1788976380000}
{"after":{"bot_uniform_micro":0,"cu_p50":139750,"entrants_300s":5,"entrants_60s":1,"fee_p90":55000,"net_flow_micro":-1730511},"before":{"no_prior_flow":true},"event_gaps_in_window":0,"mint":"DtHH4ZvyDusSzecfWnYxN1L68Jc31bN7nx8bckEmpump","snapshot_drops_in_window":0,"t":1788976380000}
{"after":{"bot_uniform_micro":null,"cu_p50":null,"entrants_300s":0,"entrants_60s":0,"fee_p90":null,"net_flow_micro":-4883058},"before":{"bot_uniform_micro":null,"cu_p50":null,"entrants_300s":0,"entrants_60s":0,"fee_p90":null,"net_flow_micro":-236650},"event_gaps_in_window":0,"mint":"DvSwPkzWJrDrQY6SjSdbzzLN4A1Yyuo69WKJPBWspump","snapshot_drops_in_window":0,"t":1788976380000}
{"after":{"bot_uniform_micro":0,"cu_p50":103269,"entrants_300s":5,"entrants_60s":5,"fee_p90":92500,"net_flow_micro":1072243},"before":{"no_prior_flow":true},"event_gaps_in_window":0,"mint":"E8PbrUKnXkNKqeW8A7J9xd729eiNAPPBKfRKxV9qpump","snapshot_drops_in_window":0,"t":1788976380000}
{"after":{"bot_uniform_micro":null,"cu_p50":null,"entrants_300s":0,"entrants_60s":0,"fee_p90":null,"net_flow_micro":-94636},"before":{"no_prior_flow":true},"event_gaps_in_window":0,"mint":"EBRbgGkviq4qxTK7KVbMgrGLVx8sLBpfHJZphCdppump","snapshot_drops_in_window":0,"t":1788976380000}
{"after":{"bot_uniform_micro":null,"cu_p50":null,"entrants_300s":0,"entrants_60s":0,"fee_p90":null,"net_flow_micro":-4799124},"before":{"no_prior_flow":true},"event_gaps_in_window":0,"mint":"EKY7EeT6WUAiRJNxcyTMDKcYyqESM3Ht25diPTN2pump","snapshot_drops_in_window":0,"t":1788976380000}
{"after":{"bot_uniform_micro":0,"cu_p50":137420,"entrants_300s":1,"entrants_60s":1,"fee_p90":9000,"net_flow_micro":186231},"before":{"no_prior_flow":true},"event_gaps_in_window":0,"mint":"EQ3juekNUnWbQzkhBpuPoDwHXXuiRzuiw2oRbNHEpump","snapshot_drops_in_window":0,"t":1788976380000}
{"after":{"bot_uniform_micro":370968,"cu_p50":97986,"entrants_300s":99,"entrants_60s":59,"fee_p90":1000000,"net_flow_micro":24582191},"before":{"bot_uniform_micro":0,"cu_p50":94919,"entrants_300s":9,"entrants_60s":6,"fee_p90":74400,"net_flow_micro":3451724},"event_gaps_in_window":0,"mint":"EVZQm7FaFENUKRvMZREWZpxMXqtKxYKim7PkGK8tpump","snapshot_drops_in_window":0,"t":1788976380000}
{"after":{"bot_uniform_micro":0,"cu_p50":95417,"entrants_300s":2,"entrants_60s":1,"fee_p90":509116,"net_flow_micro":249874},"before":{"no_prior_flow":true},"event_gaps_in_window":0,"mint":"EWfb1SZmwgbM33ak9D9inPnLm78mwJDGce4jyiK4pump","snapshot_drops_in_window":0,"t":1788976380000}
{"after":{"bot_uniform_micro":0,"cu_p50":159015,"entrants_300s":1,"entrants_60s":0,"fee_p90":15000,"net_flow_micro":-1828798},"before":{"no_prior_flow":true},"event_gaps_in_window":0,"mint":"EYKzyYrf4q5zGJBszrDGjz2J2LZmGH3x7RXWpmzBpump","snapshot_drops_in_window":0,"t":1788976380000}
{"after":{"bot_uniform_micro":134021,"cu_p50":126546,"entrants_300s":10,"entrants_60s":8,"fee_p90":85000,"net_flow_micro":438200},"before":{"bot_uniform_micro":0,"cu_p50":126258,"entrants_300s":1,"entrants_60s":1,"fee_p90":85000,"net_flow_micro":1310385},"event_gaps_in_window":0,"mint":"Ei4PRPumx8LTT5RyNvPxU316JMwqDegjimH5NneXpump","snapshot_drops_in_window":1,"t":1788976380000}
{"after":{"bot_uniform_micro":0,"cu_p50":115628,"entrants_300s":5,"entrants_60s":0,"fee_p90":1005000,"net_flow_micro":0},"before":{"no_prior_flow":true},"event_gaps_in_window":0,"mint":"EktyQrpYdoEXGXfKSqVtgZZLvwRvXwb6ZbeoEiuwpump","snapshot_drops_in_window":0,"t":1788976380000}
{"after":{"bot_uniform_micro":null,"cu_p50":null,"entrants_300s":0,"entrants_60s":0,"fee_p90":null,"net_flow_micro":-2152668},"before":{"no_prior_flow":true},"event_gaps_in_window":0,"mint":"EwzdTm98vnwetWYXucw5qCEsFBwwC7oQjsmHT6d7pump","snapshot_drops_in_window":0,"t":1788976380000}
{"after":{"bot_uniform_micro":0,"cu_p50":124539,"entrants_300s":3,"entrants_60s":1,"fee_p90":205000,"net_flow_micro":2173234},"before":{"no_prior_flow":true},"event_gaps_in_window":0,"mint":"F7antHeTrf7F1nzpiF6xoiwKty8NX4QEEj1ZVvhKpump","snapshot_drops_in_window":0,"t":1788976380000}
{"after":{"bot_uniform_micro":204082,"cu_p50":90718,"entrants_300s":47,"entrants_60s":28,"fee_p90":3484999,"net_flow_micro":5446467},"before":{"no_prior_flow":true},"event_gaps_in_window":0,"mint":"F8WHHfXHoEkg5ieBWHf4RvDDWXgwoiprQ1BVyQjTpump","snapshot_drops_in_window":0,"t":1788976380000}
{"after":{"bot_uniform_micro":null,"cu_p50":null,"entrants_300s":0,"entrants_60s":0,"fee_p90":null,"net_flow_micro":-460684},"before":{"no_prior_flow":true},"event_gaps_in_window":0,"mint":"FCcMhUa1MJsCZRyj17QHJuAFAK2j229T1Dc9ymjKpump","snapshot_drops_in_window":0,"t":1788976380000}
{"after":{"bot_uniform_micro":0,"cu_p50":114598,"entrants_300s":4,"entrants_60s":0,"fee_p90":711944,"net_flow_micro":151059},"before":{"no_prior_flow":true},"event_gaps_in_window":0,"mint":"FL75A9Qyp4LpmXKc2X3GWTvGgPd4mwWhVMiqwsj2tDwj","snapshot_drops_in_window":0,"t":1788976380000}
{"after":{"bot_uniform_micro":0,"cu_p50":139778,"entrants_300s":9,"entrants_60s":0,"fee_p90":410000,"net_flow_micro":-7930763},"before":{"bot_uniform_micro":null,"cu_p50":null,"entrants_300s":0,"entrants_60s":0,"fee_p90":null,"net_flow_micro":0},"event_gaps_in_window":0,"mint":"FREoocUFHTh7VepWTAtHFis3897ssDPYA1EBvdTapump","snapshot_drops_in_window":0,"t":1788976380000}
{"after":{"bot_uniform_micro":140000,"cu_p50":123898,"entrants_300s":9,"entrants_60s":8,"fee_p90":85000,"net_flow_micro":1616444},"before":{"no_prior_flow":true},"event_gaps_in_window":0,"mint":"FRFLz68R2QHDS6qENzxGq8UegtiuHGfXUhRdh2q6pump","snapshot_drops_in_window":0,"t":1788976380000}
{"after":{"bot_uniform_micro":307692,"cu_p50":122449,"entrants_300s":4,"entrants_60s":4,"fee_p90":85000,"net_flow_micro":93167},"before":{"no_prior_flow":true},"event_gaps_in_window":0,"mint":"FSKD1eVBu9ora3ViLQw21kCmRiX5UMwAXhB59QyCpump","snapshot_drops_in_window":0,"t":1788976380000}
{"after":{"bot_uniform_micro":0,"cu_p50":319584,"entrants_300s":1,"entrants_60s":0,"fee_p90":7599,"net_flow_micro":-1028945},"before":{"bot_uniform_micro":null,"cu_p50":null,"entrants_300s":0,"entrants_60s":0,"fee_p90":null,"net_flow_micro":0},"event_gaps_in_window":0,"mint":"FaJsHUZmyHsZTRtMQ6AxYXGgoVSDsjWjZQXokUuTpump","snapshot_drops_in_window":0,"t":1788976380000}
{"after":{"bot_uniform_micro":0,"cu_p50":140980,"entrants_300s":1,"entrants_60s":1,"fee_p90":9000,"net_flow_micro":141},"before":{"no_prior_flow":true},"event_gaps_in_window":0,"mint":"GC87Z47XsT6GnrRQjXwRkHLg4qSUXrtk7dzyBpSnpump","snapshot_drops_in_window":0,"t":1788976380000}
{"after":{"bot_uniform_micro":88235,"cu_p50":129837,"entrants_300s":6,"entrants_60s":4,"fee_p90":85000,"net_flow_micro":113044},"before":{"no_prior_flow":true},"event_gaps_in_window":0,"mint":"GDwWxuanUGPpF7XxFUirk6ypKjrFA2FfiDhE3fojpump","snapshot_drops_in_window":0,"t":1788976380000}
{"after":{"bot_uniform_micro":240000,"cu_p50":131428,"entrants_300s":5,"entrants_60s":3,"fee_p90":85000,"net_flow_micro":1018472},"before":{"no_prior_flow":true},"event_gaps_in_window":0,"mint":"GKwTc2mF1SyYBSxR1zbrRJktc6KMAgvwfiwFTuJPpump","snapshot_drops_in_window":0,"t":1788976380000}
{"after":{"bot_uniform_micro":800000,"cu_p50":82067,"entrants_300s":2,"entrants_60s":0,"fee_p90":622101,"net_flow_micro":568152},"before":{"no_prior_flow":true},"event_gaps_in_window":0,"mint":"GLteMVHGWknSNvCAeVxiePAN6Fuje6yaUmEn4WvZpump","snapshot_drops_in_window":0,"t":1788976380000}
{"after":{"bot_uniform_micro":null,"cu_p50":null,"entrants_300s":0,"entrants_60s":0,"fee_p90":null,"net_flow_micro":-616879},"before":{"bot_uniform_micro":null,"cu_p50":null,"entrants_300s":0,"entrants_60s":0,"fee_p90":null,"net_flow_micro":0},"event_gaps_in_window":0,"mint":"GR867ubpr6onDw7pjSPYGsHmpLb7QL9VuBZxD3R7pump","snapshot_drops_in_window":0,"t":1788976380000}
{"after":{"bot_uniform_micro":0,"cu_p50":140874,"entrants_300s":4,"entrants_60s":2,"fee_p90":410000,"net_flow_micro":1161331},"before":{"no_prior_flow":true},"event_gaps_in_window":0,"mint":"GT64PB7cJs3UJnc2GYW4VFTQRyKEbzwR7DCfKFyMjRrb","snapshot_drops_in_window":0,"t":1788976380000}
{"after":{"bot_uniform_micro":0,"cu_p50":86961,"entrants_300s":7,"entrants_60s":0,"fee_p90":85000,"net_flow_micro":1071429},"before":{"no_prior_flow":true},"event_gaps_in_window":0,"mint":"GadpNwnAwhXfQDLRr7zRFnA7vLrm7KLvFaadW3vppump","snapshot_drops_in_window":0,"t":1788976380000}
{"after":{"bot_uniform_micro":0,"cu_p50":83655,"entrants_300s":10,"entrants_60s":10,"fee_p90":1005000,"net_flow_micro":762034},"before":{"no_prior_flow":true},"event_gaps_in_window":0,"mint":"GxzWYA8Anp1sUajMU4sEBDn6W35oKcKiTdEW3fAUpump","snapshot_drops_in_window":0,"t":1788976380000}
{"after":{"bot_uniform_micro":0,"cu_p50":90519,"entrants_300s":12,"entrants_60s":0,"fee_p90":81000,"net_flow_micro":-2961532},"before":{"bot_uniform_micro":0,"cu_p50":87698,"entrants_300s":1,"entrants_60s":0,"fee_p90":26607,"net_flow_micro":939114},"event_gaps_in_window":0,"mint":"HJk1HFcvgLqkVnEgNX1bLnXS382SAPVgiQigA7Fnpump","snapshot_drops_in_window":0,"t":1788976380000}
{"after":{"bot_uniform_micro":32895,"cu_p50":104401,"entrants_300s":149,"entrants_60s":14,"fee_p90":106405,"net_flow_micro":-28854693},"before":{"bot_uniform_micro":null,"cu_p50":null,"entrants_300s":0,"entrants_60s":0,"fee_p90":null,"net_flow_micro":-29809},"event_gaps_in_window":0,"mint":"HVcoQEjRnZJhYaorKWtBEDmYGSdekEbkqZaM4Da5pump","snapshot_drops_in_window":0,"t":1788976380000}
{"after":{"bot_uniform_micro":0,"cu_p50":91915,"entrants_300s":1,"entrants_60s":1,"fee_p90":605001,"net_flow_micro":25000},"before":{"no_prior_flow":true},"event_gaps_in_window":0,"mint":"HdPL4bP6smyfumoQhEPpkrAb4qpz3uvKZH4kdtFQpump","snapshot_drops_in_window":0,"t":1788976380000}
{"after":{"bot_uniform_micro":0,"cu_p50":102933,"entrants_300s":3,"entrants_60s":2,"fee_p90":1010000,"net_flow_micro":740545},"before":{"no_prior_flow":true},"event_gaps_in_window":0,"mint":"Hf42sA3uEJGTehEs8LXF6XGiEpHkgeCMMs9XhGNPpump","snapshot_drops_in_window":0,"t":1788976380000}
{"after":{"bot_uniform_micro":0,"cu_p50":111050,"entrants_300s":15,"entrants_60s":0,"fee_p90":315103,"net_flow_micro":0},"before":{"no_prior_flow":true},"event_gaps_in_window":0,"mint":"HqUjJRw8JCq1hHNgv3ExYug3KFTyzDLpqnb5t69rpump","snapshot_drops_in_window":0,"t":1788976380000}
{"after":{"bot_uniform_micro":0,"cu_p50":119310,"entrants_300s":1,"entrants_60s":0,"fee_p90":5000,"net_flow_micro":0},"before":{"no_prior_flow":true},"event_gaps_in_window":0,"mint":"Hy9XZ4Ae4oKtXYfuFzWkoNV18teCTpvWWu5PFD9Bpump","snapshot_drops_in_window":0,"t":1788976380000}
{"after":{"bot_uniform_micro":351064,"cu_p50":84643,"entrants_300s":135,"entrants_60s":1,"fee_p90":105000,"net_flow_micro":593577},"before":{"bot_uniform_micro":0,"cu_p50":92227,"entrants_300s":9,"entrants_60s":0,"fee_p90":105000,"net_flow_micro":-2180634},"event_gaps_in_window":0,"mint":"HzqqMXZfpsL2u8oKj11rBMCLvRugCNiS9XjxrWG6pump","snapshot_drops_in_window":0,"t":1788976380000}
{"after":{"bot_uniform_micro":null,"cu_p50":null,"entrants_300s":0,"entrants_60s":0,"fee_p90":null,"net_flow_micro":-4631948},"before":{"bot_uniform_micro":null,"cu_p50":null,"entrants_300s":0,"entrants_60s":0,"fee_p90":null,"net_flow_micro":-4442663},"event_gaps_in_window":0,"mint":"JDrkAK8QdeXD4NUxci6ANV8KSQkNvvnmLVZundL5ihey","snapshot_drops_in_window":0,"t":1788976380000}
{"summary":{"clocks":1863,"event_duplicates":0,"event_incomplete_tx":2913,"event_trades":36569,"ingest_after":{"Accepted":36569},"ingest_before":{"Accepted":17284},"mints_with_clocks":307,"snapshot_join_outcomes":{"ambiguous":221,"identity":1480,"unknown":15583},"snapshot_trades":17284,"snapshot_unresolved_curve":374}}
